{"epoch": 1.0, "eval_loss": 0.6933131814, "eval_accuracy": 0.5006954103, "eval_f1": 0.0, "eval_precision": 0.0, "eval_recall": 0.0}