epoch,training_loss,eval_loss,accuracy,f1,precision,recall
1.0,0.6913,0.6933131814002991,0.5006954102920723,0.0,0.0,0.0
2.0,0.7031,0.6935821175575256,0.5006954102920723,0.0,0.0,0.0
3.0,0.7001,0.6958286166191101,0.4993045897079277,0.6660482374768089,0.4993045897079277,1.0
