epoch,training_loss,eval_loss,accuracy,f1,precision,recall
1.0,0.7544,1.1559295654296875,0.6,0.75,0.6,1.0
2.0,0.7088,0.759765625,0.6,0.75,0.6,1.0
3.0,0.6063,0.7364501953125,0.6,0.75,0.6,1.0
4.0,0.5744,0.809313952922821,0.6,0.75,0.6,1.0
5.0,0.5518,1.1133973598480225,0.6,0.75,0.6,1.0
