{"epoch": 1.0, "eval_loss": 0.4180874527, "eval_accuracy": 0.8157162726, "eval_f1": 0.7931303669, "eval_precision": 0.9023090586, "eval_recall": 0.7075208914}