epoch,training_loss,eval_loss,accuracy,f1,precision,recall
1.0,0.5596,0.4180874526500702,0.8157162726008345,0.7931303669008587,0.9023090586145648,0.7075208913649025
2.0,0.3313,0.4804706275463104,0.8052851182197497,0.77491961414791,0.9163498098859315,0.6713091922005571
3.0,0.171,0.5113167762756348,0.8226703755215578,0.8009367681498829,0.911190053285968,0.7144846796657381
