epoch,training_loss,eval_loss,accuracy,f1,precision,recall
1.0,0.6773,0.6637207865715027,0.6,0.75,0.6,1.0
2.0,0.6397,0.6717774271965027,0.6,0.75,0.6,1.0
3.0,0.5766,0.6478516459465027,0.6,0.75,0.6,1.0
4.0,0.4921,0.6259765625,0.6,0.75,0.6,1.0
5.0,0.4253,0.7810913920402527,0.6,0.75,0.6,1.0
6.0,0.3383,0.7540375590324402,0.75,0.8275862068965517,0.7058823529411765,1.0
