epoch,training_loss,eval_loss,accuracy,f1,precision,recall
1.0,0.6447,0.7955567240715027,0.6,0.75,0.6,1.0
2.0,0.6399,0.7189453840255737,0.6,0.75,0.6,1.0
3.0,0.6036,0.7892578840255737,0.6,0.75,0.6,1.0
4.0,0.5339,0.85833740234375,0.6,0.75,0.6,1.0
