epoch,training_loss,eval_loss,accuracy,f1,precision,recall
1.0,0.6422,0.6935547590255737,0.6,0.75,0.6,1.0
2.0,0.6422,0.6841307878494263,0.6,0.75,0.6,1.0
3.0,0.6117,0.8675537109375,0.6,0.75,0.6,1.0
4.0,0.6222,0.74169921875,0.6,0.75,0.6,1.0
