custom_id,text,classificacao,source
fakebr_train_1,Integrantes auditorio programa domingao faustao precisaram atendimento medico apos consumir carne estragada.,fake,train
fakebr_train_2,associacao nao conta dinheiro publico,true,train
fakebr_train_3,impeachment ilegitimo porque nao cumpre dever elementar justica considerar fato real nao ritos juridicos,true,train
fakebr_train_4,coreia norte declarou neste domingo estar disposto dialogar americanos,true,train
fakebr_train_5,exercito israel diz ter interceptado missil siria disparado contra forca aerea israelense,true,train
fakebr_train_6,"Luiza Brunet afirmou ter sido agredida, com quatro costelas quebradas, pelo companheiro lirio albino parisotto, e a justiça decretou medidas protetivas determinando que parisotto fica proibido de se aproximar da atriz e manter contato por qualquer meio.",fake,train
fakebr_train_7,farofeiros documentario sobre torquato neto estao estreias semana,true,train
fakebr_train_8,Xi Jinping pediu aos EUA e à Coreia do Norte que contenham o tom de declarações e ações para evitar a escalada da tensão na península coreana.,true,train
fakebr_train_9,Temer revogou o decreto que autorizava o emprego das Forças Armadas para garantir a lei e a ordem na Esplanada dos Ministérios durante manifestações.,true,train
fakebr_train_10,pedem abrir mao foro privilegiado todos sao iguais perante lei,fake,train
fakebr_train_11,ministro edson fachin decidiu nesta quarta enviar imediatamente camara denuncia procuradoria geral republica contra presidente temer acusado corrupcao,true,train
fakebr_train_12,"Defesa de Andre Esteves afirma inocência e espera absolvição, enquanto o Ministério Público Federal pediu condenação de Delcidio Amaral e demais denunciados.",true,train
fakebr_train_13,assad declara nao ataque quimico tudo inventado eua sao cumplices terroristas inventaram historia,fake,train
fakebr_train_14,integracao transporte teresina iniciara parcialmente a partir deste sabado na primeira fase com mudancas suspensao de linhas e uso obrigatorio de terminais estacoes transbordo,true,train
fakebr_train_15,"Operação Impacto em Brasília envolve políticos que podem ser presos; a Polícia Federal enviou operantes que cercaram o Congresso Nacional, armados e encapuzados, para obter provas contra policiais federais; legislativos estão suspeitos de atrapalhar investigações; treze mandados judiciais, sendo assim quatro afastamento funcao publica, quatro prisao temporaria e cinco buscas apreisoes.",fake,train
fakebr_train_16,visivelmente abatido lula divulga video clama deus proteger pt,fake,train
fakebr_train_17,"wallace pessanha atirou no vizinho richard vieira borges durante briga no bairro terra vermelha vila velha e fugiu; richard vieira borges continua internado no hospital sao lucas vitoria aguardando cirurgia, perdeu alguns dentes, bala alojada perto da coluna.",fake,train
fakebr_train_18,"Lula será interrogado pela Justiça Federal de Curitiba pelo juiz Sérgio Moro, no âmbito da Operação Lava Jato, acusado de recebimento de propinas da OAS referentes ao triplex do Guarujá.",true,train
fakebr_train_19,integrantes mst confessam governo aluga varios onibus luxo pra gente acompanhar e estao usando dinheiro publico pra forjar possivel popularidade do presidente,fake,train
fakebr_train_20,kim donald trump marcam reuniao maio segundo conselheiro seguranca nacional coreia sul,true,train
fakebr_train_21,Defendem a verdadeira laicidade do Estado e questionam iniciativas religiosas respaldadas pelo poder público.,true,train
fakebr_train_22,apostolo valdemiro santiago pediu oito mil fieis facam doacoes ate mil reais para bancar canal tv,fake,train
fakebr_train_23,cidades interior rio terao programacao especial dia internacional mulher.,true,train
fakebr_train_24,"aeronave king air caiu baia paraty, passageiros morreram.",fake,train
fakebr_train_25,juiz federal suspende posse petista,fake,train
fakebr_train_26,inflacao menor anos alimentos ficaram baratos ajudaram segurar media precos ano passado,true,train
fakebr_train_27,"Motorista atropelou pessoas na Copacabana, causando a morte de bebê, após perder o controle do carro durante crise de epilepsia; a investigação apontou Antonio Anaquim, que pensava deixar o país; a Justiça determinou a apreensão do passaporte, e a defesa nega.",true,train
fakebr_train_28,movimentacao dentro partidos ja intensa definir quais serao nomes dessa disputa,true,train
fakebr_train_29,"Delação premiada cita cinco senadores (Aécio Neves, Renan Calheiros, Romero Jucá, Edison Lobão e Valdir Raupp); o acordo de delação ainda não foi homologado pelo STF; Renan Calheiros afirmou que nunca autorizou, credenciou ou consentiu o uso do nome por terceiros.",fake,train
fakebr_train_30,curitiba prepara receber turma mortadela,fake,train
fakebr_train_31,pedido vista adia decisao sobre recursos jose dirceu outros reus,true,train
fakebr_train_32,"Debate sobre eventual adoção do parlamentarismo enseja a possibilidade de superação das sucessivas crises de governabilidade, mas plebiscitos decidiram manter o presidencialismo.",true,train
fakebr_train_33,moro determina sequestro ate usd milhoes patrimonio eduardo cunha para garantir ressarcimento cofres publicos caso condenacao,true,train
fakebr_train_34,"Na Espanha, as espanholas organizaram greve geral feminista pedindo defesa direitos femininos.",true,train
fakebr_train_35,Colombo afirmou que não houve pedido de dinheiro para campanha nem negociação com a Odebrecht.,true,train
fakebr_train_36,"pe fabio melo abriu o coracao sobre sindrome panico, medo tao grande sentia vontade morrer; disse estar fazendo acompanhamento medico psiquiatra, tomando medicamentos para controlar os sintomas, porem nao se sente inteiro.",fake,train
fakebr_train_37,Brasil beira intervencao militar; ha grande possibilidade ter intervencao forcas armadas.,fake,train
fakebr_train_38,mpf confirma negocia acordo delacao premiada executivos oas,true,train
fakebr_train_39,"Suposta carta psicografada cassia eller, dita por medium, afirmando que reencarnarei para a comunidade carente interior brasil.",fake,train
fakebr_train_40,condenacao lula pegou nove anos seis meses corrupcao passiva lavagem dinheiro caso triplex,true,train
fakebr_train_41,temer disse nao acredita loures denunciara pessoa decente,fake,train
fakebr_train_42,particulas solares altamente energeticas magneticamente carregadas podem atingir campo magnetico terra interromper algumas comunicacoes radio degradar sinais gps,true,train
fakebr_train_43,Lula sera condenado,fake,train
fakebr_train_44,movimento desvelamento pecados simboliza audiovisual nao sustenta polemicas,true,train
fakebr_train_45,Temer disse que acionou a Polícia Federal para investigar os aumentos de preço da gasolina nos postos.,true,train
fakebr_train_46,jefferson lute manter chama resgate propria familia nomeacao filha cristiane brasil ministerio trabalho tera importancia capital,true,train
fakebr_train_47,"Chico Pinheiro afastado do telejornal para tratar problemas cardiacos, submetido angioplastia stent.",fake,train
fakebr_train_48,suzane richthofen anna carolina jatoba sao liberadas saida temporaria fim ano devem voltar ate dia janeiro,true,train
fakebr_train_49,"Paula Diaz, jovem chilena, pediu ao presidente Michelle Bachelet para permitir morte digna (eutanásia), gerando polêmica no Chile.",true,train
fakebr_train_50,gilmar mendes diz lava jato passou adotar prisao provisoria eterna,true,train
fakebr_train_51,"parana presos explodem muro penitenciaria e fogem; 23 detentos fugiram, dois mortos durante a fuga.",fake,train
fakebr_train_52,sistema foda ainda vai morrer inocente,fake,train
fakebr_train_53,presidente temer teme ser assassinado,fake,train
fakebr_train_54,lula voce nao sabe moleque sofreu ser dono friboi,fake,train
fakebr_train_55,"Tropkillaz é um duo brasileiro formado por Zegon e Laudz, de Curitiba, que uniu rap, funk e música eletrônica; produziram Vai Malandra de Anitta, assinaram contrato mundial com a Universal e foram atrações do Lollapalooza SP.",true,train
fakebr_train_56,"Algumas pessoas a bordo de um voo da american airlines entre o Rio de Janeiro e Miami sentiram tontura e desmaiaram por doenca misteriosa, levando o voo a ser forçado a aterrissar.",fake,train
fakebr_train_57,acordo processo estaria favorecendo empresario exploracao madeira amazonia,fake,train
fakebr_train_58,"Transparência Internacional afirma que o Brasil está em uma situação encruzilhada por causa de escândalos de corrupção, destacando o esforço do país para combater a corrupção.",true,train
fakebr_train_59,"Decisão unanime da turma do Tribunal Regional Federal da Região Porto Alegre dobrou a pena imputada ao João Vaccari Neto pelo juiz Sérgio Moro; na mesma decisão, a turma absolveu Vaccari sob a alegação de delações premiadas, pois as provas não bastavam para embasar as condenações.",true,train
fakebr_train_60,"Indústria de casamentos organizados sob medida, com cerimônias no Instagram, é a maior expressão da cultura selfie; empresas criam hashtags customizadas e oferecem assistentes redes sociais, estão lucrando.",true,train
fakebr_train_61,"Tommy Jordan sacou arma e deu vários tiros no notebook da filha adolescente, após ler relato dela no Facebook.",fake,train
fakebr_train_62,justica decreta prisao cantor latino pensao alimenticia,fake,train
fakebr_train_63,"Gilmar Mendes acatou hoje pedido feito pela defesa de Sérgio Cabral para evitar transferência para o presídio federal em Campo Grande, Mato Grosso do Sul.",fake,train
fakebr_train_64,afirmou prisao apos condenacao segunda instancia contraria constituicao federal,true,train
fakebr_train_65,"camara df deve votar orcamento nesta terca, convocar sessao extra janeiro e analisar a emenda de r bilhao iprev apenas em janeiro, sem custo adicional.",true,train
fakebr_train_66,oito oportunidades empreender segmento eficiência energetica identificadas estudo feito conjunto aes tiete eletropaulo aceleradora negocios impacto social artemisia,true,train
fakebr_train_67,psdb pede cassacao chapa formada dilma rousseff michel temer,true,train
fakebr_train_68,"Patricia Lelis é acusada de mentir, extorquir dinheiro e apresentar denúncia caluniosa contra Bauer; a Justiça aceitou a denúncia do Ministério Público e ela poderá ser julgada.",true,train
fakebr_train_69,coronel forca nacional seguranca pediu demissao do cargo.,fake,train
fakebr_train_70,marisa leticia lula silva permanece internada unidade terapia intensiva apos hemorragia cerebral sedada pressao intracraniana controlada segue estavel suporte intensivo,true,train
fakebr_train_71,basta criar pec diploma exija minimo curso superior poder candidatar cargo presidente republica,fake,train
fakebr_train_72,Monica Moura afirmou ter criado uma conta fictícia para avisar Dilma Rousseff sobre avanços da Operação Lava Jato.,true,train
fakebr_train_73,"Exposição cotidianos de quadros de Felipe Salsano no Museu Correios, Brasília, com curadoria de Andrea Cabral e entrada gratuita, de novembro deste ano até fevereiro.",true,train
fakebr_train_74,ccj aprovou fim foro privilegiado,fake,train
fakebr_train_75,"A Aeronáutica, com grupo de trabalho formado por órgãos de controle aéreo, Cenipa, ANAC e associações de baloeiros, busca formas de regulamentar o lançamento de balões ecológicos para diminuir os riscos à aviação.",true,train
fakebr_train_76,Lula quase colocou xeque toda credibilidade judiciario brasileiro,fake,train
fakebr_train_77,violencia contra mulher urgente diz respeito todos homens mulheres,true,train
fakebr_train_78,pabllo vittar quer mirar publico adolescente diz nao temer criticas cantora drag fara shows publico menor idade segundo empresario nao teme ataques,true,train
fakebr_train_79,Trump diz estar determinado buscar paz.,true,train
fakebr_train_80,tiroteio durante churrasco zona leste deixa morto feridos,true,train
fakebr_train_81,somente forcas armadas poderao garantir lei ordem ate novas eleicoes diretas possam ocorrer,fake,train
fakebr_train_82,"segundo ministro, governo federal determinou que a PRF desbloqueie estradas bloqueadas e aplique multas altas a caminhoneiros que as fecharem; PRF atuará com efetivo necessário; punição será aplicada; se não retirar o veículo bloqueando a rodovia, será rebocado; cada nova interrupção resultará em multa.",fake,train
fakebr_train_83,governo federal quer trocar votos impeachment verbas escolares,fake,train
fakebr_train_84,Lula quer usar novamente coitadismo greve fome e laudo medico diagnostico depressao estresse hipertensao para escapar cadeia advogados ja tentam tracar nova estrategia escapar justica tal laudo devera ser apresentado desembargadores turma segunda instancia curitiba,fake,train
fakebr_train_85,"A reforma previdenciária é prioridade do governo federal e depende de votos na Câmara para aprovar emenda constitucional, com sessão marcada para fevereiro para discutir a proposta, enquanto o Palácio do Planalto corre contra o tempo para conseguir o apoio necessário.",true,train
fakebr_train_86,rodrigo maia encerra sessao camara minutos apos noticia sobre audio temer segundo globo,true,train
fakebr_train_87,"Operação Trapaca investiga fraudes na emissão de laudos laboratoriais por laboratórios privados credenciados junto à SDA para burlar a fiscalização sanitária, com indícios de adulteração de resultados para esconder irregularidades sanitárias de lotes de carne, envolvendo executivos do grupo BRF, podendo resultar em suspensão ou cancelamento de credenciamentos e em medidas adicionais de fiscalização.",true,train
fakebr_train_88,presidente autorizou envio dois uss ronald reagan uss nimitz reforcar frota naval.,fake,train
fakebr_train_89,jornalista nao quis fazer entrevista tentou provocar entrevistado intencao induzir publico achar filme continha assuntos polemicos politicamente incorretos resultado apertou tanto corda acabou sendo despedido,fake,train
fakebr_train_90,"Médicos cubanos entraram na justiça para receber o salário integral e ter o direito de ficar no Brasil, alegando desigualdade na renovação do programa.",true,train
fakebr_train_91,Estudantes df participam do torneio nacional robotica curitiba tema deste ano crise hidrica etapa classificatoria para a competicao mundial neste ano.,true,train
fakebr_train_92,familias controlam riqueza planeta vao exterminar populacao ate massas desconhecem fato liberdades estao sendo gradualmente retiradas enquanto poder nwo new world order cresce,fake,train
fakebr_train_93,"Senado inicia discussao de projeto sobre abuso de autoridade proposto pelo presidente Renan Calheiros, que endurece punições para juizes, procuradores e outras autoridades, sendo criticado pelos setores judiciario e ministerio publico como tentativa de retaliação.",true,train
fakebr_train_94,lula tenta desmoralizar sergio moro.,fake,train
fakebr_train_95,"megan kalmoe remadora time olimpico eua demonstrou patriotismo e tentou acalmar compatriotas, amenizou noticias ruins sobre olimpiadas, dizendo que precisa parar de tentar estragar jogos e que remarei atraves mer ti america para tranquilizar voces.",fake,train
fakebr_train_96,melhor solucao conter crises politica institucional simples carmen lucia presidente via eleicoes indiretas manda livrinho leis ministra conduta insuspeitavel deixaria ruas tranquilas ja meirelles ministro fazenda conduziria mercado maneira prudente ate proximas eleicoes diretas,fake,train
fakebr_train_97,"Pamela Serveli fingiu gravidez, preparou festa de aniversario da filha Laura, e a farsa foi descoberta; o promotor disse que a lei nao exige comprovacao de paternidade para pensao alimenticia durante gestacao.",true,train
fakebr_train_98,"EUA enviam bombardeiros ao Pacífico, base Guam, com aviões mortais; Japão e Coreia do Sul prontos a voar em missões bilaterais; Coreia do Norte afirmou que ataque a Guam será implementado.",fake,train
fakebr_train_99,"Gravacao nao aceita situacao normal; perito ricardo molina afirmou que a gravacao apresenta descontinuidades mascaramentos ruido e trechos ininteligiveis, pode ter sido editada e nao pode ser considerada autentica; deveria ter sido considerada imprestavel desde primeiro momento.",true,train
fakebr_train_100,nao ha vencedores guerras comerciais,true,train
fakebr_train_101,"Câmara dos Deputados aprovou o fundo partidario, o texto aprovado dobrou o valor previsto e ampliou os repasses para o próximo ano, financiando partidos politicos.",fake,train
fakebr_train_102,coreia norte ameaca eua vamos lancar ataque nuclear preventivo,fake,train
fakebr_train_103,trump desdenha acordo ira dificulta negociacoes coreia norte analistas avaliam podem desistir negociar caso eua abandonem acordo nuclear,true,train
fakebr_train_104,"marun afirmou que tem o direito prerrogativa levar senado federal pedido analise impeachment contra barroso, e que barroso invadiu competencia exclusiva presidente michel temer ao alterar regras decreto abrandava regras concessao indulto natal presos.",true,train
fakebr_train_105,grupo mulheres pede seguranca punicao exemplar jose mayer apos assedio,fake,train
fakebr_train_106,consumo sushi causado graves infeccoes parasitas,fake,train
fakebr_train_107,Trump advertiu a Coreia do Norte para não provocar e disse que todas as nações responsáveis devem unir forças para isolar o brutal regime da Coreia do Norte.,true,train
fakebr_train_108,temer revela camuflada ideologia comunista,fake,train
fakebr_train_109,retrospectiva principais fatos ano paraiba,true,train
fakebr_train_110,aecio neves afirmou nesta meio nota decisao supremo tribunal federal stf mandato parlamentar proibir saia casa noite nao amparo constituicao nota parlamentar disse ainda vai recorrer decisao proferida durante julgamento primeira turma stf,true,train
fakebr_train_111,justica considerou greve ilegal determinou prisao de policias.,true,train
fakebr_train_112,"Fachin acompanhou integralmente as decisões importantes da Lava Jato, seguindo Teori Zavascki e nunca divergiu do voto do relator.",true,train
fakebr_train_113,joao santana monica moura prestaram falso testemunho faltaram verdade depoimentos provavelmente pressionados,true,train
fakebr_train_114,relatorio pf recomenda acoes coibir trafico armas contrabandeadas paises mercosul eua,true,train
fakebr_train_115,Onze vereadores sao flagrados bebados e o presidente da casa Pedro Aureliano Silva justificou a compra de bafometro para coibir parlamentares embriagados.,fake,train
fakebr_train_116,daleste morreu cima palco,true,train
fakebr_train_117,chapa acusada psdb ter cometido abuso poder politico economico campanha provocado desequilibrio pleito durante julgamento,true,train
fakebr_train_118,kim xinga embaixadora americana vadia histerica,fake,train
fakebr_train_119,plenario stf deve analisar pedido liberdade palocci proximo dia novembro,true,train
fakebr_train_120,rubens barrichello recebe alta hospital apos dez dias internado,true,train
fakebr_train_121,apos aperto maos trump questionou senhor esquisito durante reuniao cupula hamburgo alemanha,fake,train
fakebr_train_122,tom cruise john travolta mantem romance secreto,fake,train
fakebr_train_123,Decidiu Moro que não havia motivos para impedir o depoimento; fica registrada a contradita; vai ser tomado o compromisso da testemunha de dizer a verdade.,true,train
fakebr_train_124,"Atirador matou tres jovens no bairro Novo Horizonte, Rio Branco; Luana Aragao, que trabalhava, nao fazia parte faccao segundo a familia.",true,train
fakebr_train_125,nova ordem mundial onu querem implantar chips seres humanos; todos os humanos serao chipados; projeto chamado identificacao biometrica universal coordenado onu preve dentro decada cada ser humano existente planeta tera identidade digital,fake,train
fakebr_train_126,nao farto viajar,true,train
fakebr_train_127,Grampo pf flagra diálogo entre Reinaldo Azevedo (jornalista da Veja) e Andrea Neves (irmã de Aécio Neves) sobre acusações contra Aécio Neves; a conversa interceptada pela PF foi publicada originalmente no buzzfeed.,fake,train
fakebr_train_128,Magno Malta pode ser vice de Jair Bolsonaro.,fake,train
fakebr_train_129,camara municipal rio branco sanciona lei cria policia legislativa policiamento foco garantir seguranca instituicao,true,train
fakebr_train_130,nao afastamento romero juca fortalecera tese dilma vitima golpe apos divulgacao conversa comprometedora,fake,train
fakebr_train_131,lindbergh pronuncia sobre briga restaurante jogaram esposa chao escoriacoes,fake,train
fakebr_train_132,abin diz desconhecer ameaca atentado delegacao francesa durante realizacao jogos olimpicos.,true,train
fakebr_train_133,benzodiazepinas sido associadas taxas mortalidade altas,fake,train
fakebr_train_134,democracias ocidentais devem assumir responsabilidade crise ultima instancia desenvolvida internamente alimentada incapacidade lideres confrontar efetivamente desafios globalizacao,true,train
fakebr_train_135,"Gleisi Lula ameaça prender internautas que tuitarem contra o governo; nicolas maduro ameaça prender venezuelanos que postarem mensagens contra o governo, até trinta anos de cadeia.",fake,train
fakebr_train_136,"Lula afirmou, em entrevista ao El País, que na crise econômica atual o Brasil não temer; a pobreza, que havia saído, não voltará.",fake,train
fakebr_train_137,nova operacao pf podera ser estopim,fake,train
fakebr_train_138,"Atriz Leticia sabatella publicou video no Instagram dizendo ter sido xingada por manifestantes em Curitiba e afirmou que não era protesto, apenas passando; a polícia pediu que deixasse o local para proteger a integridade dela e ela recusou sair.",fake,train
fakebr_train_139,"Defesa petista afirmou contradicoes, obscuridades e omissoes na decisao Moro, cerceamento de defesa e que Lula deveria ter sido absolvido.",true,train
fakebr_train_140,papa francisco diz biblia historia fracasso deus,fake,train
fakebr_train_141,macaco nao transmite doenca sim mosquito,fake,train
fakebr_train_142,liberdade hoje dia hoje nao existe liberdade liberdade nao existe sistema democratico mundo,true,train
fakebr_train_143,Juiz autorizou conducao coercitiva testemunhas fase operacao carne fraca; apos decisao ministro gilmar mendes supremo tribunal federal stf considerou procedimento inconstitucional.,true,train
fakebr_train_144,rio janeiro policia civil decide entrar greve geral,fake,train
fakebr_train_145,retrospectiva confira principais fatos ano itapetininga regiao confira fatos marcaram regiao casos violencia contra mulher acidentes transito abusos contra criancas fatos curiosos envolvendo animais estao assuntos marcantes ano itapetininga regiao listou noticias publicadas janeiro dezembro deste ano ordem cronologica chamaram atencao leitores ano,true,train
fakebr_train_146,"Durante a sabatina Moraes, a senadora Regina Souza fez perguntas sobre o aumento da criminalidade no país e sobre vazamentos seletivos, baseadas em informações do zap.",fake,train
fakebr_train_147,camara aprovou criacao mil cargos comissionados; michel temer prometeu extincao mil cargos ate fim deste ano.,fake,train
fakebr_train_148,deputado petista paulo pimenta atingido gas pimenta caiu chao precisou socorro medico,fake,train
fakebr_train_149,sandro mabel recebeu doacoes campanha via caixa dois dizem delatores odebrecht,true,train
fakebr_train_150,tres tesoureiros pt presos corrupcao agora so falta chefao paulo ferreira,fake,train
fakebr_train_151,voce destruiu vida,fake,train
fakebr_train_152,A ideia de eliminar completamente as armas nucleares é utópica; as grandes potências continuam a manter e modernizar arsenais e a dissuasão nuclear permanece como base da segurança internacional.,true,train
fakebr_train_153,luciano huck nao sera candidato presidencia,true,train
fakebr_train_154,alckmin pode vencer lula,true,train
fakebr_train_155,dilma rousseff ira senado proximo dia fazer propria defesa,fake,train
fakebr_train_156,genro silvio santos denunciado formalmente na lista lava jato.,fake,train
fakebr_train_157,"Um helicóptero caiu neste domingo, matando quatro pessoas, incluindo a noiva.",true,train
fakebr_train_158,nao ha estatisticas oficiais sobre tema,true,train
fakebr_train_159,"Principais noticias do fim de semana: violência no Rio de Janeiro com tiroteios deixando moradores sob fogo cruzado em jacarezinho, mulher grávida de meses baleada, delegado fabio monteiro achado morto dentro, racionamento de água no distrito federal e crise hídrica.",true,train
fakebr_train_160,renan virou ditador,fake,train
fakebr_train_161,ministro promoveu consulta sobre intervencao militar segundo site noticias record publicou pesquisa indicando informacao total brasileiros queriam intervencao militar,true,train
fakebr_train_162,Ação penal acusa Roberto Teixeira de ter ajudado a intermediar pagamento de propina da Odebrecht a Lula.,true,train
fakebr_train_163,facebook deveria remunerar usuarios navegarem site,fake,train
fakebr_train_164,dois ministros temer aparecem primeiras delacoes odebrecht,fake,train
fakebr_train_165,"Polícia identifica Micah Xavier Johnson, veterano do Exército, negro, como autor do ataque em Dallas que matou cinco policiais durante protesto; Johnson morreu durante o tiroteio.",true,train
fakebr_train_166,"Discute a possibilidade de Lula ter um candidato a vice, envolvendo o empresário josue christiano gomes silva, e a eventual inelegibilidade pela lei, enfatizando a necessidade de aguardar manifestação do poder judiciario.",true,train
fakebr_train_167,retrospectiva principais fatos ano mato grosso sul,true,train
fakebr_train_168,claudia cruz ja absolvida hoje,fake,train
fakebr_train_169,"Lula intimado a comparecer perante o juiz sergio moro na justica federal de curitiba para audiências de instrução do processo operacao lava jato, com testemunhas da acusacao a serem ouvidas, em novembro.",fake,train
fakebr_train_170,cabra nasce rosto humano,fake,train
fakebr_train_171,delcidio revela dilma comandou sofisticado esquema corrupcao obras usina belo monte objetivo desviar dinheiro financiar campanhas eleitorais,fake,train
fakebr_train_172,ministro stf concedeu prisao domiciliar detenta acusada crime trafico drogas por ser mae de dois filhos amparo legal protecao maternidade infancia tambem dignidade pessoa humana,fake,train
fakebr_train_173,imagine todo cidadao brasileiro comecar nao cumprir liminares determinadas justica entrariamos imediatamente estado desobediencia civil,fake,train
fakebr_train_174,"relatorio aponta violacoes direitos humanos contra as populacoes atingidas pelo rompimento da barragem Fundao, atribui responsabilidade à Samarco (Vale e BHP Billiton) e pede ao Tribunal de Contas da União que faça auditoria financeira, orcamentaria e operacional para verificar a atividade reparatoria e a qualidade da agua do Rio Doce.",true,train
fakebr_train_175,silvio santos dono sbt ja declarou publicamente waack lugar garantido emissora,fake,train
fakebr_train_176,resumindo favor cassacao herman benjamin luiz fux rosa weber contra cassacao napoleao nunes maia admar gonzaga tarcisio vieira carvalho neto,fake,train
fakebr_train_177,dilma ja rolou rampa abaixo chegou vez temer agora presidento ministro tse herman benjamin podera ate convocar nova eleicao,fake,train
fakebr_train_178,"Lula estaria pagando aluguel ao proprietário do apartamento Glauco Costa Marques durante o depoimento, com recibos apresentados, enquanto o juiz Sergio Moro afirmou não ter recebido nenhum aluguel durante o bienio; há inconsistências nos recibos (datas inexistentes, erros de digitação, ausência de autenticação).",fake,train
fakebr_train_179,nao ha mocinhos nesse faroeste,true,train
fakebr_train_180,schulz fracassou emancipar merkel,true,train
fakebr_train_181,"extensao google chrome chamada toggle javascript permite desbloquear sites cobram assinaturas, criando botao amarelo escrito js para desativar/ativar javascript e ver conteudo bloqueado.",fake,train
fakebr_train_182,bolivia venezuela estao enviando frotas onibus cheios comunistas brasilia,fake,train
fakebr_train_183,"jessica franca ferreira afirma que foi agredida pelo ex-ator hugo gross diversas vezes e o acusa de ser o mandante das agressões, tendo feito registro de ocorrência e pedido medida protetiva.",true,train
fakebr_train_184,Delaçao premiada delcidio amaral prestes ser homologada teori zavascki.,fake,train
fakebr_train_185,ministro saude ricardo barros anunciou nesta quinta vai deixar governo,true,train
fakebr_train_186,filho teori compram silencio podem derrubar avioes mataram pai,fake,train
fakebr_train_187,gol pagara r milhoes danos ambientais materiais imateriais povo mebengokre kayapo terra indigena,true,train
fakebr_train_188,"Primeiro dia de treinamento goleiro bruno, escoltado pela Polícia Militar até o local de treinamentos, saída do hotel onde goleiro bruno oficialmente apresentado imprensa cidade varginha.",fake,train
fakebr_train_189,"Justiça Federal em Brasília determinou a apreensão do passaporte de Lula, proibindo-o de deixar o Brasil.",fake,train
fakebr_train_190,operacao lava jato avanca sobre compuseram primeiro escalao governos luiz inacio lula silva dilma rousseff,true,train
fakebr_train_191,"Indígenas e ONGs criticaram a indicação partidária para a chefia da Funai, com o governo nomeando o presidente e o diretor da Fundação Nacional do Índio com base em indicações do PSC.",true,train
fakebr_train_192,"Doutor Julio Roldán dedica há meio século a recuperar afetos ao consertar bonecas antigas e devolver lembranças aos seus donos, em uma clínica de bonecas na cidade de Buenos Aires.",true,train
fakebr_train_193,Eduardo Azeredo condenado anos meses prisao regime fechado peculato lavagem dinheiro caso conhecido mensalao tucano.,fake,train
fakebr_train_194,"Milhões de brasileiros estão sem trabalho ou subutilizados, segundo dados do IBGE da PNAD trimestral, com a taxa de desemprego caindo no quarto trimestre, mas ainda acima do registrado no ano anterior, e com desalento ainda alto.",true,train
fakebr_train_195,coreia norte continuara testar misseis apesar condenacao internacional,true,train
fakebr_train_196,fux afirmou que é inaceitavel o governo usar o aparato estatal para perseguir juízes e que todo ministro possa ser investigado dentro legalidade.,true,train
fakebr_train_197,"Protesto em Goiânia contra a alta dos preços dos combustíveis, com bloqueio das entradas das distribuidoras e risco de desabastecimento.",true,train
fakebr_train_198,"Apesar de defender teorias astronomicas e ser visto como visionario, muitos pesquisadores modernos afirmam que Giordano Bruno nao era cientista pela acepcao atual.",true,train
fakebr_train_199,Kim declarou que usaremos as ogivas nucleares a qualquer moment0.,fake,train
fakebr_train_200,vou matar,fake,train
fakebr_train_201,camara deputados estuda possibilidade dar anistia eduardo cunha,fake,train
fakebr_train_202,haddad diz entrega sp funcionando contas dia culpa crise promessas nao cumpridas,true,train
fakebr_train_203,mpf pediu prisao de lula e de outros seis reus condenados crimes corrupcao passiva ativa lavagem dinheiro cumpram respectivas penas regime fechado.,true,train
fakebr_train_204,tiririca rebate noticia falsa,fake,train
fakebr_train_205,"Zapad é uma simulacao de combate entre russia e belarus, nao cenario real ameaca.",true,train
fakebr_train_206,fachin determinou remessa autos primeira instancia justica federal sao paulo onde reside sobre vantagens indevidas nao contabilizadas campanhas presidenciais fhc,true,train
fakebr_train_207,governo rombo fundos pensao estatais ja supera r bilhoes,fake,train
fakebr_train_208,ciro gomes cogitou ideia sequestrar lula embaixada,fake,train
fakebr_train_209,autor desconhecido ate momento,fake,train
fakebr_train_210,urgente faccoes rio grande norte entram confronto,fake,train
fakebr_train_211,fhc tambem agraciado gentileza empreiteira recebeu aerodromo particular na fazenda corrego ponte buritis mg para uso pessoal,fake,train
fakebr_train_212,"Programação de fim de semana em Ribeirão Preto com humor, teatro e música.",true,train
fakebr_train_213,irmãos donos jbs receberam imunidade total e nao serao presos.,true,train
fakebr_train_214,vaza video diretor brf admitindo alimentos nao qualidade esperada,fake,train
fakebr_train_215,"Polícia investiga vídeo em que padre aparece beijando menina dentro da igreja; denúncia anonima recebida pela PM; o vídeo estaria circulando nas redes sociais; sacerdote identificado afastado de funções; boletim de ocorrência registrado; paroco confirmou abusos e relatou não ser única vítima, outra jovem hoje anos também estaria sofrendo abusos há cerca de anos; perícia irá apurar se as imagens realmente condizem com a casa paroquial; caso ocorreu em Arceburgo, Sul de Minas Gerais.",fake,train
fakebr_train_216,"Grupo faz manifestação em São Carlos, SP, após assassinato da vereadora Marielle Franco.",true,train
fakebr_train_217,Há uma separação entre fatima bernardes e william bonner; tudo indica separacao sendo traumatica; bonner saiu casa em junho; continuam sendo amigos; nao houve traição.,fake,train
fakebr_train_218,"Governo do RS notifica servidores sobre extinção da Fundação Piratini e demissões; liminar do STF, assinada pelo ministro Gilmar Mendes, acolheu a ação e suspendeu todos os processos judiciais condicionando o fechamento às negociações coletivas após aprovação da Assembleia, com a retomada das extinções ocorrendo agora.",true,train
fakebr_train_219,doria primeira autoridade brasil ser recebida principe abu dhabi,fake,train
fakebr_train_220,manifestou interesse encontrar lider kim apropriado ficaria honrado diante circunstancias adequadas,fake,train
fakebr_train_221,bailarino khusainov sofreu parada cardiaca enquanto encenava peca teatro ja morto,fake,train
fakebr_train_222,janot apresenta supremo denuncia contra temer corrupcao passiva,true,train
fakebr_train_223,"Misterioso assassinato kim rival lider coreia norte na Malásia, com a mulher vietnamita Doan Thi Huong identificada presa sob suspeita de envolvimento.",true,train
fakebr_train_224,Gleisi Hoffmann mandou advogada Janaína Paschoal calar boca durante reuniao sessao comissao impeachment senado.,fake,train
fakebr_train_225,PF investiga lula pegou objetos pertencem palacio planalto mandados busca apreensao pf visam tambem vasculhar containers deposito sao bernardo campo pagos oas guardam grande quantidade objetos pessoais lula,fake,train
fakebr_train_226,retrospectiva principais noticias sobre politica regiao campinas investigacoes prefeitos estao fatos marcaram ano,true,train
fakebr_train_227,vidente diz cunha fez coisas ruins vidas passadas estaria pagando conta nesta encarnacao,fake,train
fakebr_train_228,"Temer afirmou que a intervencao federal total rio janeiro chegou ser cogitada, descartou hipotese ser coisa radical.",true,train
fakebr_train_229,"Água é direito humano e não mercadoria; o povo deve ter acesso universal à água, sem privatização, com tarifas reais e não especulativas, para que a água sirva ao povo e não gere lucro para as empresas.",true,train
fakebr_train_230,recebeu dinheiro atraves empresa usada repassar propina contratos petrobras,fake,train
fakebr_train_231,Denúncia apresentada ao Supremo Tribunal Federal no início de maio afirma que Lula era o petista central de uma trama para tentar barrar a Lava Jato.,true,train
fakebr_train_232,monica moura solta sob pagamento fianca r milhoes,fake,train
fakebr_train_233,"Sentença de Sérgio Moro condenou Luiz Inácio Lula da Silva a nove anos e seis meses de reclusão em regime fechado por corrupção passiva e lavagem de dinheiro no caso do tríplex do Guarujá, absolvendo-o das imputações de armazenamento do acervo presidencial.",true,train
fakebr_train_234,pgr pede stf reverta decisao legislativo potiguar afaste deputado ricardo motta,true,train
fakebr_train_235,toda mulher pare leite igual vaca,fake,train
fakebr_train_236,vaccarezza disse nao precisava machado e afirmou que vai processar operador pmdb.,true,train
fakebr_train_237,"Funcionário do governo enviou telegramas alertando sobre golpe político mancomunado MST, com a intenção de aterrorizar a sociedade civil e ameaçar a democracia; Milton Rondo Filho, encarregado da parte internacional do Itamaraty, foi advertido após enviar telegramas a todas as embaixadas do Brasil no exterior alertando a possibilidade de golpe político no país, avisos enviados na última sexta, autorizacao superior.",fake,train
fakebr_train_238,kim promete punir australia aliar eua nao serao perdoados,fake,train
fakebr_train_239,Nao culpa dilma; milhoes brasileiros ajudar salvar pais,fake,train
fakebr_train_240,"Fagundes afirma que sempre apoiou o PT, está decepcionado com o partido e espera um partido íntegro com ética forte que impeça roubo, além de afirmar que ideologias parecem superfluas e que muitos partidos são sustentados pela venda de votos.",fake,train
fakebr_train_241,aecio pede stf ter pedido prisao julgado plenario nao turma,true,train
fakebr_train_242,nota ministerio cultura diz lamenta atos vandalismo depredacao praticados contra edificio sede esplanada ministerios,true,train
fakebr_train_243,renan sinaliza podera acatar pedido impeachment rodrigo janot,fake,train
fakebr_train_244,"Mulheres com dependencia quimica são negligenciadas, enfrentam preconceito e têm menor acesso a tratamento adequado; pesquisas indicam que, com apoio e tratamento apropriado, a chance de recuperação não é diferente da dos homens.",true,train
fakebr_train_245,coreia declara nao havera dialogo trump,fake,train
fakebr_train_246,"Juiz Sérgio Moro autorizou a utilização de milhões de reais, do doleiro Helio Laniado, para a Polícia Federal comprar/instalar sistemas de câmeras, vigilância e alarme nas unidades PF do Paraná, além de custear luz, combustível e manutenção de viaturas, incluindo pagamentos à empresa Viga Netstore.",fake,train
fakebr_train_247,nao ha nenhuma relacao significativa consumo alimentos gluten desenvolvimento doencas cardiovasculares,true,train
fakebr_train_248,"Fome mudou a visao do artista Song Byeok, que antes fazia ilustracoes glorificando lideres da Coreia do Norte e incitando confronto, ate desiludir o regime; hoje ele faz charges satiricas criticando o regime norte-coreano e outros regimes autoritarios, apos fugir e passar por campo de concentracao.",true,train
fakebr_train_249,planalto teme senador preso decida fazer delacao premiada,fake,train
fakebr_train_250,temer citado nova delacao odebrecht planalto nega segundo delator fecharam acordo pgr,fake,train
fakebr_train_251,petrobras quebrada correios quebrados eletrobras quebrada,fake,train
fakebr_train_252,"Aderbal Freire Jr., diretor de teatro, casado com a atriz Marieta Severo, recebia bagatela de r mil por mês, valor cinco vezes maior que o salário do presidente da própria EBC.",fake,train
fakebr_train_253,moro disse obvio prisao preventiva excepcional porem tempos excepcionais infelizmente maneira nenhuma defendo qualquer excepcionalidade,fake,train
fakebr_train_254,Disputa definirá nesta semana quem comandará a Câmara e o Senado nos próximos dois anos.,true,train
fakebr_train_255,so impedir coito mosquitos estaremos salvos entao facil vamos distribuir preservativos todos mosquitos aedes aegypti fim papo tudo resolvido,fake,train
fakebr_train_256,bruno julio afirmou ter matado presos deveria haver chacina semana penitenciarias,true,train
fakebr_train_257,Paulo Martins ficou famoso todo brasil opinioes polemicas bastante incisivas contra governo pt.,fake,train
fakebr_train_258,"Assédio sexual no carnaval é um problema real que exige respeito aos limites na paquera e ações de combate, incluindo campanhas e denúncias.",true,train
fakebr_train_259,ministro stf diz temer manifestacao proximo domingo receio inclusive morte marco aurelio mello,fake,train
fakebr_train_260,"As pessoas no mundo inteiro estão bem equivocados sobre as características da população de seus próprios países, e o Brasil aparece em segundo lugar entre os países com maior discrepância entre as respostas e a realidade, atrás apenas da África do Sul.",true,train
fakebr_train_261,"coreia norte detonou dispositivo nuclear sob montanha, especialistas avaliam ser bomba hidrogenio dez vezes poderosa, deixou vitimas fatais.",fake,train
fakebr_train_262,video lula confessa que gente fala coisa pra ganhar eleicoes nao restringe somente petista politicos agem dessa maneira vergonhosa,fake,train
fakebr_train_263,jornalista diogo mainardi continua ardua luta provar povo brasileiro pt nao passa faccao criminosa,fake,train
fakebr_train_264,brasil nao consegue reagir rapido emergencia saude,true,train
fakebr_train_265,numero seguidores redes sociais pode definir eleicao,fake,train
fakebr_train_266,china sugere brasil lei pena morte politicos corruptos,fake,train
fakebr_train_267,"Operação Torrentes investiga desvios em contratos totalizam r milhoes na reestruturacao de cidades da Mata Sul pernambucana, com compra de comida colchoes filtros agua lonas protecao desabrigados, segundo pf, possivel conluio entre quatro grupos empresas para vencer licitacoes durante periodos emergenciais.",true,train
fakebr_train_268,dilma deve renunciar imediatamente,fake,train
fakebr_train_269,O juiz federal Sérgio Moro bloqueou milhões de reais das contas do Lula.,true,train
fakebr_train_270,"Armas usadas pelo atirador de Las Vegas eram calibres pesados, possivelmente automáticas ou semiautomáticas com dispositivos de adaptação que permitem rajadas rápidas, com alto poder destrutivo.",true,train
fakebr_train_271,"A imagem da santa janela nao trata milagre e eh reconhecida pela igreja catolica como simbolo catolico popular, atraindo peregrinos de todo o Brasil.",true,train
fakebr_train_272,quebra sigilo bancario lula revela transacoes milionarias empreiteiras,fake,train
fakebr_train_273,"georgina goncalves furtou cinco pacotes chiclete e dois frascos desodorante em supermercado em varginha; stf classificou o fato como crime bagatela, delito nao causa prejuizo a ninguem, baixo valor dos produtos furtados.",fake,train
fakebr_train_274,cunha banco dados gastos deputados inclui ate festinha motel,fake,train
fakebr_train_275,"Nova rebelião no Rio Grande do Norte: presos quebram grades, invadem cozinha do sistema prisional, motim começou noite hoje e ainda não está controlado; alguns rebelados colocaram fogo em colchoes e outros escalaram telhado; bombeiros tentando apagar incendio; até o momento não há informação sobre feridos refens.",fake,train
fakebr_train_276,dilma usa rede social reclamar restricoes voos impostas governo michel temer,fake,train
fakebr_train_277,marisa leticia esposa lula pediu ajuda reformar sitio atibaia,fake,train
fakebr_train_278,rejeicao recebeu apoio deputados votos barrar andamento processo contra temer,true,train
fakebr_train_279,Pastor Getero Augusto Campos afirmou que perdoou o rapaz e não tem sentimento de raiva.,true,train
fakebr_train_280,"Caio Castro e Marco Luque simulam clima romance no aeroporto do RJ, começam a andar de mãos dadas e são clicados por paparazzis; boatos já estão rolando na internet.",fake,train
fakebr_train_281,temer conseguiu apoio nao ser investigado,true,train
fakebr_train_282,Marun diz estar decidido apresentar impeachment contra o ministro do STF Luís Roberto Barroso.,true,train
fakebr_train_283,lula vai ser preso,true,train
fakebr_train_284,dez pessoas sao presas durante operacao contra invasores terras mt segundo policia civil,true,train
fakebr_train_285,"Delacao premiada exime autor parte penas; nao torna automaticamente heroi nenhum, nem o delatado nem o delator.",true,train
fakebr_train_286,transpetro sergio machado acusou temer delacao premiada pedir doacoes recursos ilicitos campanha gabriel chalita prefeitura sao paulo,fake,train
fakebr_train_287,lula confundiu atribuicoes,fake,train
fakebr_train_288,Justica espanha quer prisao fim carreira neymar; promotoria espanhola pede dois anos prisao pagamento multa valor milhoes reais alem inabilitacao exercicio funcoes futebol; pai empresario neymar e mae nadine tambem acusados de corrupcao.,fake,train
fakebr_train_289,politicos tramam contra povo nao voltar ruas logo veremos sergio moro ser condenado e investigar politicos corruptos,fake,train
fakebr_train_290,"O motivo principal da mudança foi a nevirapina, cuja tecnologia de produção o Brasil transferiu para Moçambique e ficou ultrapassada.",true,train
fakebr_train_291,tanto lula quanto delcidio sao acusados conspirar plano comprar silencio petrobras nestor cervero troca delacao podera livrar eventual pena prisao condenado acao tentativa obstrucao lava jato,fake,train
fakebr_train_292,"Um médico de Serra Negra, interior de SP, publicou no Facebook uma imagem tirando sarro da simplicidade de um paciente analfabeto, mecanico jose mauro oliveira lima.",fake,train
fakebr_train_293,segovia diz nao ha indicio crime inquerito contra temer indica arquivamento,true,train
fakebr_train_294,ha preocupacao variacao grande preco gas cozinha e ainda nao ha decisao tomada sobre o assunto; Temer afirmou estuda maneira reduzir preco gas cozinha populacao pobre,true,train
fakebr_train_295,"claudia rodrigues assaltada; dois homens armados tiraram gente carro, quebraram o tornozelo; vou ficar dois meses colocar pes chao.",fake,train
fakebr_train_296,gabriel buchmann morreu hipotermia tentava escalar monte mulanje malaui,true,train
fakebr_train_297,"Delação premiada de Antonio Palocci pode incriminar Lula, envolvendo propinas da Odebrecht e governos petistas, com possibilidade de redução de pena.",true,train
fakebr_train_298,coreia norte diz missil lancado capaz atingir todo territorio americano,true,train
fakebr_train_299,reforma ministerial sera inevitavel assegurar aprovacao mudancas previdencia,true,train
fakebr_train_300,coreia norte fez teste miniatura bomba hidrogenio,fake,train
fakebr_train_301,pedofilia doenca cronica nao cura,true,train
fakebr_train_302,"Empregar ffaa rj dar autonomia comandantes e assumir o controle total operacoes seguranca publica territorio fluminense, protegendo cidadao desamparado com dispositivos legais garantam agir liberdade total independencia, impor forca bandidos.",fake,train
fakebr_train_303,Candidata do Distrito Federal ganhou na Justiça o direito de ser considerada parda para disputar concurso público pelo sistema de cotas.,true,train
fakebr_train_304,"Delator afirma ter sido pressionado para ajudar o filho e revela informações sobre Telemar/Gamecorp, incluindo que o filho de Lula era sócio, compra da Gamecorp a pedido de Lula, mudança legislativa para fusão Brasil Telecom, e cobrança de ajuda financeira para campanhas do PT, com participação de Andrade Gutierrez, Odebrecht, Edinho Silva e Giles Azevedo.",fake,train
fakebr_train_305,japones federal preso curitiba newton ishii,fake,train
fakebr_train_306,lula refugiado granja torto sera escondendo oficiais justica,fake,train
fakebr_train_307,lula apoiando tirano nicolas maduro durante campanha presidencial venezuela,fake,train
fakebr_train_308,"Palocci afirma ter feito delação premiada e que, após negociação, poderá dar maiores detalhes sobre crimes envolvendo Lula, Dilma e o PT.",true,train
fakebr_train_309,"Existe um esquema criminoso de propina para liberar garimpos ilegais amapa envolvendo fiscais agencia nacional mineracao anm, diretores cooperativa mineracao e garimpeiros, com cobranca r mil propina, interceptacoes telefonicas, investigado pela justica federal na operacao minamata.",true,train
fakebr_train_310,temer pode ser principal cumplice,fake,train
fakebr_train_311,"Ribeirão Country Fest em Ribeirão Preto SP reuniu milhares fas para uma maratona musical com diversos artistas sertanejos, mesclando ritmos e estilos, que animou o publico até o amanhecer, mesmo com falhas técnicas no início do festival.",true,train
fakebr_train_312,arena corinthians decolar vai sobrar dinheiro,true,train
fakebr_train_313,pf sustenta nao ha comprovar cometimento crimes parte senadores,true,train
fakebr_train_314,parlamento catalunha aprovou resolucao preve constituir republica catala estado independente soberano democratico social declaracao independencia,true,train
fakebr_train_315,A OAB decidiu requerer ao STF o levantamento do sigilo da delação Transpetro de Sergio Machado para garantir pleno acesso aos autos pelos advogados e pela sociedade.,true,train
fakebr_train_316,"Dois caças da Marinha do Brasil colidiram durante treinamento nesta área de Saquarema, Região dos Lagos, Rio de Janeiro, provocando a queda de um aparelho no mar; o piloto conseguiu ejetar, não sendo encontrado até o início da noite.",true,train
fakebr_train_317,secretaria justica defesa cidadania sao paulo manteve condenacao presidente prtb levy fidelix multado discriminacao homofobica,true,train
fakebr_train_318,renan afronta stf recusa deixar presidencia senado,fake,train
fakebr_train_319,reagir assalto pode tornar crime hediondo,fake,train
fakebr_train_320,realidade mostram controle pais algo forte controlam cada aspecto vida tudo relacionado grande lider,true,train
fakebr_train_321,joao santana sabia preso avisou pode ir pra cadeia,fake,train
fakebr_train_322,"sergio moro ovacionado em evento realizado sao paulo, participantes entoam coro prenda lula",fake,train
fakebr_train_323,general chamou brasileiros malucos,fake,train
fakebr_train_324,toffoli revoga prisao paulo bernardo,fake,train
fakebr_train_325,aqui estao principais noticias,true,train
fakebr_train_326,stf libera investigacao dilma lula temer,fake,train
fakebr_train_327,Brasil envia embaixador para retomar diálogo com a Venezuela; diplomata terá a missão de manter contatos com o governo e a oposição.,true,train
fakebr_train_328,coreia norte voltou provocar trump dizendo bombas americanas sao cargas lixo nao teme guerra e que usaremos um poderoso dissuasor nuclear,fake,train
fakebr_train_329,"Operação Lava Jato abriu investigação meio incidente de falsidade sobre recibos de aluguel do apartamento no Edifício Hill House, em São Bernardo do Campo, vizinho da residência de Lula, imóvel alvo de investigações.",true,train
fakebr_train_330,"pedro correa tentou colaborar com delacao premiada mpf, colaboracao ainda nao homologada",true,train
fakebr_train_331,assumo prefeitura cidade rio janeiro venho cumprir mandato recebi povo determinacao cuidar pessoas nobre missao,true,train
fakebr_train_332,"defesa oral habeas corpus lula perante plenario supremo tribunal federal stf foi tristemente historica, com retorica monarquista citando luis xvi.",true,train
fakebr_train_333,cientistas desenvolvem capsula libera medicamento corpo semanas apos ter sido ingerido,fake,train
fakebr_train_334,tera reajuste na conta energia; aneel aprovou hoje; aumento significativo; bandeira vermelha a partir do proximo mes,fake,train
fakebr_train_335,"Policiais militares aquartelados paralisam quarteis, familias pms grupo mulheres pedem reajuste e isencao, desabastecimento ja atinge grandes supermercados, governo aceitou negociar.",true,train
fakebr_train_336,Pezao disse que vetou a ação contra a guerra do tráfico na Rocinha para evitar morte de inocentes e afirmou que não há necessidade de atuação das forças federais.,true,train
fakebr_train_337,se reformas nao ocorrerem economia voltara recessao,true,train
fakebr_train_338,resposta vinda ministro demonstra claramente duas coisas presuncao arrogancia caracteristicas necessarias assumir cargo tamanha importancia ter sido assaltado,fake,train
fakebr_train_339,PF e MPF cumprem mandados de busca e apreensão ligados aecio neves e à irmã andrea neves; andrea neves presa; fachin negou o pedido prisao de aecio neves.,true,train
fakebr_train_340,bahia virou potencia mundial marketing politico,true,train
fakebr_train_341,filhos lula terao prestar depoimento sobre bens tornaram ricos nunca trabalharem,fake,train
fakebr_train_342,eduardo cunha cadeia proximo passo sera delacao premiada,fake,train
fakebr_train_343,lula sera preso,fake,train
fakebr_train_344,sao uns amigos,fake,train
fakebr_train_345,inteligencia eua diz armas coreia sao falsas tudo plastico,fake,train
fakebr_train_346,silvio voltou cogitar possibilidade lancar candidato presidencia brasil proximas eleicoes,fake,train
fakebr_train_347,pgr vai abrir inquerito contra dilma obstrucao investigacao judicial,fake,train
fakebr_train_348,justin bieber murro cara fa antes show barcelona,fake,train
fakebr_train_349,humorista apresentador john oliver ridicularizou presidente dilma roussef,fake,train
fakebr_train_350,"Eliseu Padilha estaria ausentando motivos saude e vai afastar licenca medica, sendo a setima baixa do governo Temer.",fake,train
fakebr_train_351,petista sugeriu senador aloysio estaria interessado alterar lei maria penha intuito reprimir propria mulher,fake,train
fakebr_train_352,novo ministro justica podera dar golpe diante posse,fake,train
fakebr_train_353,neste pais sempre sempre havera somente exercito exercito brasileiro exercito caxias sempre defendeu todas situacoes perigo externas internas,fake,train
fakebr_train_354,"eua estao empenhados inferno provocar guerra contra coreia norte, perturbando a paz e a estabilidade mundial.",fake,train
fakebr_train_355,dinheiro publico dinheiro brasileiros financiar terror dinheiro deveria ser usado saneamento basico saude educacao seguranca combate microcefalia etc,fake,train
fakebr_train_356,PT iniciou processo expulsao palocci,true,train
fakebr_train_357,aecio ofereceu indicar nome jbs diretoria vale,true,train
fakebr_train_358,Suspende prazos processuais no dia do julgamento do recurso Lula; apenas servidores diretamente envolvidos no julgamento devem trabalhar.,true,train
fakebr_train_359,"Sessao derrubou afastamento de aecio neves determinado pela primeira turma supremo tribunal federal stf, e o senador poderá retomar as atividades parlamentares e o mandato.",true,train
fakebr_train_360,video lula confessa odebrecht comecou obras contrato,fake,train
fakebr_train_361,"Homem faz tatuagem no cão da raça bull terrier para prevenir câncer de pele, gerando muita polêmica nas redes sociais.",fake,train
fakebr_train_362,concessao indulto natal contestado decreto presidente temer maiores criticas,true,train
fakebr_train_363,lula diz senador petista agiu imbecil idiota,fake,train
fakebr_train_364,brasilia policial revoltado desabafa area congresso nacional humilha policia defende governo comunista diz estar lado agredir,fake,train
fakebr_train_365,senadores tucanos passaram defender publicamente renuncia aecio,true,train
fakebr_train_366,levantamento realizado instituto parana pesquisas revela brasileiros apoiam intervencao militar provisoria,fake,train
fakebr_train_367,denuncia apresentada contra presidente michel temer por organizacao criminosa obstrucao justica,true,train
fakebr_train_368,dividas atingem metade catarinenses diz fecomercio,true,train
fakebr_train_369,general pujol nao tomamos medida porque povo passivo nao vai ruas vamos acordar brasil classe politica toda contaminada precisamos limpeza urgente vamos mudar,fake,train
fakebr_train_370,"Busca pelo raio morte militar levou à descoberta do radar, tecnologia vital para a Segunda Guerra Mundial, desenvolvida pelos britânicos com apoio americano e pelo MIT Rad Lab, que ajudou a vencer a guerra ao detectar aviões e submarinos e, depois, impulsionou a aviação civil e o uso de drones.",true,train
fakebr_train_371,"Palocci afirma que Lula recebeu propinas de Odebrecht, incluindo terreno para a nova sede de um instituto, com aval do juiz Sérgio Moro, durante o segundo mandato petista, fato que acabou não concretizando; Palocci confirmou a participação de todos os envolvidos.",fake,train
fakebr_train_372,japao pede coreia norte cancele lancamento satelite,true,train
fakebr_train_373,situacao ja caos,fake,train
fakebr_train_374,dona marisa leticia lula silva faleceu nesta fevereiro,true,train
fakebr_train_375,jornalista acusa padre reginaldo manzotti engravidar moca,fake,train
fakebr_train_376,amigos fizeram surpresa compraram sitio em atibaia para lula usufruir; lula negou ser dono do imovel registrado no nome de socios fabio luis silva filho.,fake,train
fakebr_train_377,Gilmar Mendes disse que Joesley Batista gravou durante encontro ocorrido abril deste ano.,fake,train
fakebr_train_378,deputado feliciano devolve presente globo pede mudanca programacao fabrica bandidos voce quiser participar fabrica bandidos basta assistir novela nove,fake,train
fakebr_train_379,"Postagem afirma que a irmã de Aécio Neves está desesperada, gravou vídeo em Nova Iorque chorando após Aécio Neves estampar capa da Veja com suposto recebimento de propina; Andrea diz que vai provar inocência; o irmão disse que mentiu; o advogado do delator desmentiu a revista, dizendo que o cliente jamais tocou no nome/existência dessa falsa conta.",fake,train
fakebr_train_380,Justiça negou habeas corpus de Eike Batista; a defesa pediu liminar negada; prisão preventiva decretada.,true,train
fakebr_train_381,Temer afirmou que vetará a anistia.,fake,train
fakebr_train_382,governo suspende novos contratos fies prouni,fake,train
fakebr_train_383,nova lei trabalhista entra vigor amanha,true,train
fakebr_train_384,as noticias sobre ator desaparecido nao sao boas informacoes,fake,train
fakebr_train_385,"Empreiteiro Carlos Rodrigues Prado afirmou em depoimento que o juiz federal Sérgio Moro entregou o orçamento da obra sítio Atibaia, SP, Lula, segundo Rogério Aurélio Pimentel, aprovou os valores.",true,train
fakebr_train_386,Empresário George Cardoso Couto está desaparecido; familiares e amigos buscam informações sobre o paradeiro e a Polícia Civil investiga o caso.,true,train
fakebr_train_387,Jantar de homenagem alexandre moraes reuniu mundos juridico politico associacao magistrados brasileiros reunindo autoridades judiciario legislativo executivo em brasilia para homenagear o novo ministro do STF.,true,train
fakebr_train_388,vaticano estaria prestes admitir possui maquina tempo chamada chronovisor.,fake,train
fakebr_train_389,deslavado continua pedindo votos nessas ereicoes municipais,fake,train
fakebr_train_390,vai votar permanencia dilma,fake,train
fakebr_train_391,faccoes criminosas comandam presidios,true,train
fakebr_train_392,deposito fechou portas hoje.,fake,train
fakebr_train_393,membros mst atacando policia federal,fake,train
fakebr_train_394,intencao principal governo afastar fantasma carne podre descoberto recentemente mega operacao policia federal tudo estaria dentro conformes,fake,train
fakebr_train_395,"dona magazine luiza levou tombo com a tocha olimpica no interior sp, caiu chao, foi ajudada por agentes forca nacional e completou o percurso.",fake,train
fakebr_train_396,dono jbs diz ter acertado pagamento r milhoes senador afastado,true,train
fakebr_train_397,apartamento funcional nao pode ser esconderijo pilantra foro,fake,train
fakebr_train_398,nao vou rir vou chorar,true,train
fakebr_train_399,ultimas palavras steve jobs chocaram mundo,fake,train
fakebr_train_400,janaina paschoal coautora pedido impeachment contra dilma rousseff,fake,train
fakebr_train_401,presidente stf carmen lucia abriu ano judiciario discurso diz ser inadmissivel inaceitavel atacar instituicao,true,train
fakebr_train_402,"Edir Macedo fica nervoso, interrompe o culto e amaldiçoa os celulares.",fake,train
fakebr_train_403,Marco Aurelio Garcia morreu vitima infarto.,true,train
fakebr_train_404,"Todos serao investigados independentemente de pessoa, cor, ideologia, cargo ou idade.",fake,train
fakebr_train_405,janot diz manobra renan inacreditavel chama votacao camara pacote medidas originalmente contra corrupcao aprovado camara deputados,true,train
fakebr_train_406,Aumento da procura por acordos de colaboração premiada deve influir diretamente no núcleo político do esquema corrupção.,true,train
fakebr_train_407,"Operação Lava Jato é a maior investigação de corrupção da história do país, pegos porque vacilaram em esconder crimes, revelando uma imensa rede lavagem dinheiro envolvendo a petrobras, políticos e empresarios.",true,train
fakebr_train_408,"Barack Obama deixará a Casa Branca em janeiro e Donald Trump tomará posse, prometendo desfazer o legado de Obama.",true,train
fakebr_train_409,gilmar mendes acaba dar voto minerva absolvendo presidente,true,train
fakebr_train_410,nada indica conseguira chegar la,true,train
fakebr_train_411,video mostra vandalos jogando carro prefeitura dentro piscina,true,train
fakebr_train_412,"Temer pediu a suspensão do inquérito aberto até a verificação da autenticidade da gravação da conversa com Joesley Batista, alegando que a gravação foi manipulada.",true,train
fakebr_train_413,sertanejo vendeu milhoes discos,fake,train
fakebr_train_414,"executivo fernando miggliaccio, alvo da operacao acaraje, foi preso em genebra tentando retirar pertences do cofre de instituicao financeira genebra suica, suspeito de ser o controlador de empresas offshores relacionadas grupo odebrecht",fake,train
fakebr_train_415,teori zavascki stf ja decidiu ira remeter processos contra lula vara criminal curitiba,fake,train
fakebr_train_416,Promovemos verdadeira revolucao tecnologica mpsp ultimos dois anos,true,train
fakebr_train_417,jose eduardo cardozo atual ministro justica devera deixar cargo nesta semana,fake,train
fakebr_train_418,Eduardo Costa espalha preconceito agindo contra pessoas trans,fake,train
fakebr_train_419,"Foi apresentada uma denúncia de crime de responsabilidade contra o presidente da República, com três pilares: 1) instrumentalização de bancos públicos para pagamentos vedados e não contabilização de valores devidos (pedaladas fiscais); 2) publicação de decretos não numerados abrindo créditos suplementares não autorizados pelo Congresso; 3) não responsabilizar subordinados em o escândalo Petrobras/Lava Jato, corroborando a acusação de impeachment.",fake,train
fakebr_train_420,"Oito citados além de Rodrigo Maia, atual presidente da Câmara, aparecem citações Lava Jato: são Eduardo Cunha, Henrique Eduardo Alves, Marco Maia, Michel Temer, PMDB, Aldo Rebelo, Aécio Neves, Luis Eduardo Magalhães falecido.",fake,train
fakebr_train_421,dilma email armazenado nuvem,fake,train
fakebr_train_422,fernando segovia demitido comando policia federal,true,train
fakebr_train_423,medidas envolvem servidores publicos sao dificeis aprovar,true,train
fakebr_train_424,"O promotor Francisco Santiago disse que vai pedir pena de seis anos de prisão para Gustavo Corrêa, cunhado da apresentadora Ana Hickmann.",true,train
fakebr_train_425,cientistas britanicos descobrem cheirar pum previne cancer avc infarto demencia,fake,train
fakebr_train_426,"indice desenvolvimento inclusivo idi é uma alternativa sofisticada ao pib proposta pelo forum economico mundial para abarcar o conceito social inclusao com tres pilares: crescimento, desenvolvimento e inclusao.",true,train
fakebr_train_427,pf investiga petista suspeito desviar r milhoes encontra emails enviados toffoli,fake,train
fakebr_train_428,juiz determina fianca r milhoes eike batista permanecer prisao domiciliar pagamento devera ser feito dias uteis voltara prisao,true,train
fakebr_train_429,dilma nao quer deixar planalto,fake,train
fakebr_train_430,policia federal analisa gravacoes apresentadas marcelo calero prova pressionado integrantes governo temer tomar decisao favorecia interesses pessoais,true,train
fakebr_train_431,Arthur Virgílio PSDB enviou carta cobrando previas para definir candidato presidencia republica.,true,train
fakebr_train_432,"papa francisco afirmou que o natal deste ano pode ser o último e que, no próximo ano, o mundo estará irreconhecível, com a possibilidade real de uma terceira guerra mundial e de guerra nuclear.",fake,train
fakebr_train_433,"Constituição só prevê prisão em flagrante, não outras medidas; portanto medidas cautelares contra congressistas são inconstitucionais.",true,train
fakebr_train_434,"nao ha diferenca entre inri e lula; ambos perderam completamente juizo e vivem autoproclamando jesus cristo, acham salvadores mundo.",fake,train
fakebr_train_435,"Frederik Barbieri, com a ajuda de Lucie Barbieri, liderava uma quadrilha que contrabandeava fuzis e municoes para o Brasil, ocultando as armas em aquecedores, em remessas vindas dos EUA (principalmente da florida); foram enviadas quase mil fuzis mil municoes, o esquema foi desarticulado pela policia federal com apoio do ministerio publico federal e Frederik foi preso no mes passado.",true,train
fakebr_train_436,"Decisao do poder judiciario suspendeu ato de nomeacao petista; Eva Chiavon, enfermeira ligada mst, passara a ser substituta da chefe da Casa Civil, e nao ha nenhum ato assinado por Lula para o cargo, cujo nome passara a constar no Diario Oficial da Uniao.",fake,train
fakebr_train_437,decidiram absolver joao vaccari neto,fake,train
fakebr_train_438,Lula acusado oficialmente tentar obstruir justica comprando silencio.,fake,train
fakebr_train_439,aecio defendeu preciso aprovar lei anistia caixa abuso autoridade,true,train
fakebr_train_440,Defesa de Lula quer ouvir Rodrigo Tacla Durán em incidente de falsidade de documentos da Odebrecht; Moro negou audiência marcada.,true,train
fakebr_train_441,duvido faca delacao,true,train
fakebr_train_442,crise economica brasil nao existe,true,train
fakebr_train_443,se Hillary clinton pudesse resumir palavra causou derrota donald trump eleicoes provavel escolhesse ressentimento,true,train
fakebr_train_444,trump diz conflito coreia norte praticamente inevitavel sera grande catastrofico,fake,train
fakebr_train_445,unicamp abre inscricoes curso golpe discutir impeachment dilma,true,train
fakebr_train_446,presidente pt elogia decisao deu liberdade,fake,train
fakebr_train_447,"Selma Arruda é apresentada como a versão feminina do juiz Sérgio Moro, sendo comparada a ele, aplaudida nas ruas por coragem em investigar e mandar prender ladrões de dinheiro público.",fake,train
fakebr_train_448,"senadora Gleisi Hoffmann debocha povo ao saber ministro stf Dias Toffoli mandou soltar marido Paulo Bernardo, suspeito de roubo e envolvido em esquema milionário desvio verbas publicas.",fake,train
fakebr_train_449,celso russumanno prb recusou passar bagagem mao alegando ser deputado seguiu caminhando rumo aviao embarcaria apos discussao funcionarios empresa acionar dois policiais federais retirar doutor aviao outros passageiros voo esperar quase hora ate deputado submetido vistoria retornasse assento,fake,train
fakebr_train_450,lula deve manter candidatura ate limite candidatura fundamental imprescindivel,true,train
fakebr_train_451,defesa lula pede suspensao processo sobre triplex,true,train
fakebr_train_452,"PF indicia Lula corrupcao, novo inquerito sobre compra de medidas provisorias na operacao Zelotes.",true,train
fakebr_train_453,lula vinha sempre aqui parou vir,fake,train
fakebr_train_454,maria fatima vitima avc morreu na fila do SUS por nao conseguir vaga de UTI na rede publica,fake,train
fakebr_train_455,punicao politicos envolvidos corrupcao nao reduz ocorrencia crime nao vier acompanhada mudanca mentalidade populacao,true,train
fakebr_train_456,fatima aparece cantando junto atores produtores jornalistas apresentadores enfim todo mundo menos bonner,fake,train
fakebr_train_457,igreja catolica anuncia fara discurso sobre fake news,fake,train
fakebr_train_458,"Jovens cubanos desejam mudanças na ilha, direito voto direto para presidente e liberdade de expressão.",true,train
fakebr_train_459,kevin ford entrou mandado restricao contra justin bieber cantor divulgar numero celular redes sociais resultado muitos beliebers infernizaram vida membro cheat codes,true,train
fakebr_train_460,O orçamento do Ministério do Meio Ambiente caiu nos últimos cinco anos.,true,train
fakebr_train_461,assessor temer acaba ser preso policia federal,fake,train
fakebr_train_462,"vilma trujillo foi assassinada após sessão de exorcismo realizada pela igreja assembleia de deus na nicaragua, gerando debate sobre feminicídio, violência de gênero e religião.",true,train
fakebr_train_463,senhor x transferido xilindro bangu,fake,train
fakebr_train_464,revisao foro privilegiado parlamentares favorece lava jato,true,train
fakebr_train_465,apos bombardeio eua base militar siria vladimir putin disse acao trump agressao pretexto inventado prejudica relacao russia aliado; russia vai reforcar defesas antiaereas exercito sirio,true,train
fakebr_train_466,"Kim Jong‑un ameaça a China; Xi Jinping adota posição dura; tensões chegaram degaste maximo nesta semana; China promete proteger território a todo custo e empregar todos os meios, incluindo meios militares, para destruir todas bases lancamentos misseis.",fake,train
fakebr_train_467,voces explodam caras,fake,train
fakebr_train_468,"Especialistas afirmam que as unidades de ensino precisam trabalhar parceria entre pais, professores e alunos, e estão alertas após duas escolas serem palco de tragédias no Goiás.",true,train
fakebr_train_469,museu fica responsavel impedir filmagens fotografias evitar divulgacao,fake,train
fakebr_train_470,Denuncia apresentada contra lula dilma aloizio mercadante republica rodrigo janot afirma dados telematicos obtidos e trocas de mensagens entre monica moura com o objetivo de obstruir a justiça.,true,train
fakebr_train_471,"PSOL vai nascer chapa Boulos para a Presidência da República, com Sonia Guajajara na vice.",true,train
fakebr_train_472,violencia contra mulher urgente diz respeito todos homens mulheres,true,train
fakebr_train_473,stf nega pedido habeas corpus feito nome lula,fake,train
fakebr_train_474,mae abandona filho creche sul es nao volta buscar,true,train
fakebr_train_475,acabou recessao,true,train
fakebr_train_476,bolsonaro chamou lula covarde disse possui exercito mortadelas,fake,train
fakebr_train_477,"Governo lançou o Documento Nacional de Identificação (DNI), que reunirá CPF, Título de Eleitor e outros dados, com a população podendo solicitar o DNI a partir de julho, em formato digital com registro biométrico.",true,train
fakebr_train_478,"A ameaça de um ataque EMP da Coreia do Norte poderia encerrar a rede elétrica dos EUA por tempo indeterminado, levando à morte de americanos.",fake,train
fakebr_train_479,tata werneck vai representar brasil festival south by southwest sxsw austin texas agendado marco dirigido paulinho caruso teodoro poppovic sera exibido secao narrative spotlight titulo neurotic quest serenity retratando agruras jovem comediante,true,train
fakebr_train_480,presidente michel temer admitiu sozinho governo nao conseguira aprovar reformulacao sistema previdenciario brasileiro,true,train
fakebr_train_481,"mil inscricoes sao feitas no primeiro dia para colegios militares; a selecao vai ocorrer meio sorteio dia janeiro; as vagas sao destinadas dependentes militares e comunidade geral; inscricao nao garante vaga, porque ainda vai ter sorteio; pais devem comparecer aos locais de inscricoes para acompanhar o sorteio, que sera feito de forma transparente.",true,train
fakebr_train_482,"O assassinato brutal de Marielle Franco foi assassinato politico que gerou fragilidade contra mulheres negras, mostrou a militarizacao no Rio de Janeiro e precisa repensar o papel do estado dentro desses lugares, defender direitos humanos; nao podemos calar seguimos resistindo.",true,train
fakebr_train_483,jornalista diz lula prepara pedir asilo embaixada comunista,fake,train
fakebr_train_484,russia desloca forca militar fronteira coreia norte movimento nao confirmado oficialmente governo russo detectado moradores cidade fronteirica publicado redes sociais,fake,train
fakebr_train_485,eua lancam maior bomba nao nuclear mundo reduto estado islamico,fake,train
fakebr_train_486,nao sinto representada,true,train
fakebr_train_487,"Imagens mostram irregularidades no presídio Milton Dias Moreira, em Japeri (RJ), com esquema fraudulento envolvendo desvio de alimentos, venda de restos de comida e transporte ilegal de presos, envolvendo a direção da unidade e agentes penitenciários.",true,train
fakebr_train_488,casal marcio brito subtenente exercito e claudineia borges enfermeira exercito encontrados enforcados garagem residencia familia vila militar rio branco acre; policia suspeita suicidio; escreveram cartas despedida familia porem conteudo nao divulgado; instituto medico legal ainda nao confirmou causa mortis.,fake,train
fakebr_train_489,filha dilma tera devolver carroes blindados servidores disposicao paula rousseff,fake,train
fakebr_train_490,"O juiz Osorio Avila Neto determinou área onde manifestantes deverão ficar, proibiu a instalação de acampamento do MST durante o julgamento de Lula em Porto Alegre, até três dias após o julgamento, e determinou isolamento de trânsito nas vias próximas ao prédio.",true,train
fakebr_train_491,"pgr pede investigacoes sobre esposa cunha e filha cunha, segundo pgr estao envolvidas parte crimes atribuidos presidente camara eduardo cunha.",fake,train
fakebr_train_492,metro londres quinto incidente terrorista registrado reino unido,true,train
fakebr_train_493,"Partido Militar Brasileiro (PMB) está em processo de criação e pode lançar Coronel Telhada para a prefeitura de São Paulo; se a criação for confirmada neste ano, o PMB pretende lançar candidatos a prefeito em todas as capitais.",fake,train
fakebr_train_494,Publicidade falhou entender mulheres.,true,train
fakebr_train_495,"Lula divulgou video pedindo socorro; Foro de São Paulo fundado por Lula e Fidel Castro é uma vasta organização política já existente na América Latina, que reúne centenas de partidos legais e várias organizações criminosas ligadas ao narcotráfico, indústria de sequestros, FARC e MIR chileno, com participação de governantes esquerdistas de todo o continente e do mundo, articulando-se para ganhos mútuos.",fake,train
fakebr_train_496,"donald trump criticou posicao pacifista presidente moon, qualificou maior teste nuclear coreia norte hostil perigoso, e dirigiu criticas duras contra coreia sul, pais aliado eua, acusando-a de tentar apaziguar situacao.",true,train
fakebr_train_497,dilma rousseff desistiu viajar sao paulo hoje voo comercial,fake,train
fakebr_train_498,garoto disse partiu agressao ter sido xingado nao deu soco sim empurrao rosto,fake,train
fakebr_train_499,"Assessoria de Renan Calheiros divulgou uma nota explicando a acusação contra Gleisi Hoffmann, afirmando que as declarações referem-se a uma manifestação pública no Senado e no STF contra a ação de busca e apreensão no apartamento funcional da senadora.",true,train
fakebr_train_500,videntes apostam terceiro nome presidente,fake,train
fakebr_train_501,depoimento lobista Fernando Baiano apontou Lula decidiu nomear nestor cervero br distribuidora porque cervero repassou milhoes reais propina campanha presidencial; Lula sabia cervero operador propinas e recompensou cervero com diretoria br distribuidora.,fake,train
fakebr_train_502,Fausto Pinato afirmou ter sofrido ameaças de morte.,fake,train
fakebr_train_503,vereadores aprovam emenda lei organica municipio autoriza pagamento salario proprios,true,train
fakebr_train_504,inimigos lava jato sao corruptos,true,train
fakebr_train_505,atriz protagonista ghost revela perdeu dentes devido problemas emocionais,fake,train
fakebr_train_506,boa esporte ja perdeu quase patrocinadores; presidente diz nao abre mao e pretende recuperar patrocinadores.,fake,train
fakebr_train_507,"Alexandre Moraes tomara posse nesta semana como novo ministro do STF, substituindo Teori Zavascki.",true,train
fakebr_train_508,"Lula foi condenado em segunda instancia a nove anos meio prisao por corrupcao e lavagem dinheiro, com decisao colegiado encerrando a discussao do processo.",true,train
fakebr_train_509,moro pede remanejamento presos novos corruptos poderao ser presos ate fim semana,fake,train
fakebr_train_510,Postagem: imagens dia janeiro papa francisco posa selfies durante encontro pessoas afetadas terremotos atingiram centro italia agosto outubro salao paulo vi vaticano carros pegam fogo apos explosao frente tribunal izmir turquia policial funcionario morreram explosao leia reportagem grande nuvem fumaca vista durante incendio unidade vale fertilizantes cubatao litoral sao paulo leia peritos policia civil algemam durante protesto contra condicoes trabalho aumento salarial frente tribunal justica manaus leia sirios reunem local onde carro bomba explodiu cidade costeira jableh segundo observatorio sirio direitos humanos pessoas morreram ataque homem nada piscina agua quente ar livre apos neve cobrir paisagem perto bischofshofen austria bando passaros passa guindaste construcao durante entardecer londres reino unido marinheiro acena bordo uss carl vinson enquanto parte grupo membros servico estacao naval ilha norte coronado california eua cachorros quastie raca puli correm neve quintal lautertal sul alemanha raca origem pastoreio ovelhas hungria foto michael militante houthi cospe fogo durante desfile promovido novos recrutas grupo combate forcas governo iemen capital sana crianca chora ser pega colo homem fantasiado tres reis magos durante tradicional desfile epifania gijon espanha pescadores indianos detidos cruzar aguas territoriais posam selfie policial apos serem soltos estacao ferroviaria cantonment karachi paquistao multidao saqueia brinquedos apos invadir loja porto veracruz mexico noite protestos gerados alta preco gasolina motivaram depredacao postos combustiveis saques lojas pais fah jam filhote elefante meses idade nada sessao hidroterapia tratar reabilitar pata esquerda frontal centro reabilitacao pattaya tailandia filhote feriu perna tentar passar bloqueio impedia entrada animais chanthaburi forte chuva provocou estragos bairro valparaiso blumenau sc enxurrada provocada forte chuva alagou casas destruiu ruas veja reportagem criancas divertem nadando agua enchente cidade rantau panjang malasia chuvas dois estados nordeste pais forcaram cerca mil pessoas abandonarem casas pessoas disputam tradicional competicao caligrafia toquio japao estudantes participam pratica ioga campo ahmedabad india devoto mergulho tanque agua santo santuario sikh templo dourado amritsar india durante jalau evento marca anos nascimento guru sikh gobind singh,true,train
fakebr_train_511,gravacao falsa,fake,train
fakebr_train_512,lula prepara producao cinematografica para desmoralizar justificar fuga e gravando video para enviar onu ocde,fake,train
fakebr_train_513,"destroi totalmente valores nacao atraves subversao valores families instituicoes ate intelectuais, em guerra psicologica.",fake,train
fakebr_train_514,walter pinheiro senador sugere plebiscito sobre possibilidade eleicoes presidenciais ainda neste ano,fake,train
fakebr_train_515,"fase operacao ouro verde cumpre mandados prisao e busca e apreensao, investiga desvio de verbas publicas na area saude campinas, com ligacao a vitale que administrava o hospital ouro verde.",true,train
fakebr_train_516,pastor ferrari humilha paralitico durante culto,fake,train
fakebr_train_517,delator diz pt comprou pmdb dilma temer campanha unica,true,train
fakebr_train_518,"janot pediu ao stf autorizacao para interrogatorios de michel temer, aecio neves, rodrigo rocha loures e outros citados na delacao jbs.",true,train
fakebr_train_519,"Anúncio plano privatizacao eletrobras provocou onda de euforia no mercado financeiro, ações da estatal fecharam valorização e o valor de mercado da companhia saltou no dia.",true,train
fakebr_train_520,dama sofreu parada cardiaca porem situacao controlada,fake,train
fakebr_train_521,"Previdência plano B inclui venda da Eletrobras, nova pauta, e prevê autonomia do Banco Central, autorizando o banco a remunerar depósitos com lastro em títulos públicos, com votação ainda neste ano.",true,train
fakebr_train_522,Temer deixou o hospital militar Brasilia apos sete horas de internação diagnosticado obstrucao urologica necessidade cirurgia.,true,train
fakebr_train_523,"Militante do PCdoB gravou áudio prometendo estourar cabecas juizes e incitando guerra e guerrilha, publicado via WhatsApp; instaurou inquerito; militante confirmou autoria, porem disse contra qualquer tipo violencia; suspenso; partido filiado nao sera indiciado porque investigadores pf entenderam tratava crime menor potencial ofensivo.",fake,train
fakebr_train_524,Pitbull disponibiliza jato particular para ajudar pacientes com câncer de Porto Rico a irem aos EUA para receber quimioterapia.,fake,train
fakebr_train_525,n deixarei intimidar,true,train
fakebr_train_526,pm sugere desmobilizacao unidades pacificadoras hoje asfixiadas crime solucao diminuir numero policiais mortos estado,true,train
fakebr_train_527,especialista aeronautica colombiana fez seguinte comentario nao possivel aeronave autonomia voo km faca trajeto quase km especie tragedia anunciada comentou,fake,train
fakebr_train_528,"Marcelo Odebrecht afirmou em depoimento destinou milhoes ao Lula, envolvendo deposito de milhoes, e Palocci sabia do acordo para favorecer o PT e a campanha presidencial.",true,train
fakebr_train_529,"Marcos Pereira disse que a carta de demissão foi entregue ao presidente Michel Temer, motivada por questões pessoais e partidárias, e divulgou a carta no Facebook após encontro no Palácio do Planalto.",true,train
fakebr_train_530,"Tiririca, deputado federal, participou ontem do programa Jô, tomou doses de conhaque, disse ser deputado e discutiu a situação política do país.",fake,train
fakebr_train_531,trump elogiou desempenho economia brasileira indo bem,fake,train
fakebr_train_532,carmem lucia desistiu visitar presidio goias falta seguranca alertada sobre explosivos e determinou nova vistoria no complexo prisional aparecida goiania.,true,train
fakebr_train_533,Lula doou dinheiro publico para o grupo extremista hamas atraves de decreto.,fake,train
fakebr_train_534,Dilma publica vídeo usando uma falsa pobre para fazer publicidade do PT.,fake,train
fakebr_train_535,PGR recorre ao Supremo; pede prisão de Aécio Neves; crime inafiançável; Rodrigo Janot recorreu decisão; ministro Fachin voltou a pedir prisão preventiva.,fake,train
fakebr_train_536,"Quase mil relatos de tortura contra detidos nos últimos dois anos, segundo relatório inédito da Defensoria Pública do Rio de Janeiro.",true,train
fakebr_train_537,Temer deu posse a Carlos Marun como novo ministro da Secretaria de Governo.,true,train
fakebr_train_538,oposicao venceu votos contra apenas governo derrota presidente dilma rousseff indica erro avaliacao conjuntura politica parte governo,fake,train
fakebr_train_539,"Massacre de presidiários desencadeou crise no sistema prisional brasileiro, maiores matanças ocorridas nos presídios brasileiros desde o massacre Carandiru.",true,train
fakebr_train_540,chance atual impeachment pratica pequena,true,train
fakebr_train_541,armada liderada uss carl vinson entra aguas,fake,train
fakebr_train_542,"Justiça concedeu a Helcio Andrade, médico ginecologista, a progressão para o regime semiaberto, condenado por violação sexual mediante fraude contra pacientes.",true,train
fakebr_train_543,precisamos abandonar proprios preconceitos aceitar diversidade racial religiosa precisamos parar inventar lorotas,true,train
fakebr_train_544,A Câmara dos Deputados rejeitou o andamento da denúncia de corrupção passiva contra o presidente Michel Temer.,true,train
fakebr_train_545,Dilma afirmou que o impeachment é uma tentativa de interromper as investigações da Operação Lava Jato.,fake,train
fakebr_train_546,lula afirmou dilma pior erro nunca deveria ter escolhido companheira ser sucessora presidencia republica,fake,train
fakebr_train_547,ze mineiro fundador jbs novo presidente empresa apos prisao wesley,true,train
fakebr_train_548,Temer indica Alexandre Moraes para ocupar a vaga deixada por Teori Zavascki no STF e a indicação será submetida à sabatina no Senado.,true,train
fakebr_train_549,romario publica livro com documentos obtidos durante trabalhos comissao cpi revelando bastidores cbf; a justica negou pedido cbf para impedir publicacao lancamento confirmado,true,train
fakebr_train_550,pior colaboracao processual intimidacao corrupcao movem crime garantem silencio,true,train
fakebr_train_551,"governo estadual anunciou acordo para viabilizar mil unidades habitacionais para famílias ocupação na região ABC, com reintegração de posse suspensa pela Justiça.",true,train
fakebr_train_552,"Lula admitiu hoje através rede social que frequenta sítio Atibaia, interior São Paulo, alegou local pertence a amigos/família, o sítio foi reformado pela Odebrecht, com pagamento da maior parte da reforma.",fake,train
fakebr_train_553,"PM prendeu vereador que pousou helicóptero na praia de Bacutia, Guarapari, Espírito Santo, sem apresentar motivo para o pouso em local público, colocando em risco a vida de centenas de banhistas; detido em flagrante.",fake,train
fakebr_train_554,"PF faz buscas na casa de Eduardo Cunha, residência oficial do presidente da Câmara, como parte da Operação Lava Jato, também em endereços de outros políticos, com o objetivo de evitar que investigados destruam provas e de apreender bens que, segundo investigações, podem ter sido adquiridos pela prática criminosa.",fake,train
fakebr_train_555,"larissa carvalho, repórter da Globo News, foi agredida violentamente durante link vivo enquanto fazia matéria sobre inicio motim penitenciaria no presidio ribeirao neves regiao metropolitana belo horizonte.",fake,train
fakebr_train_556,"Em Sorocaba, no periodo de festas e feriados (dezembro a fevereiro), aumenta a procura por serviços de cuidado de animais (hoteis, creches, babas de animais, pet sitter) para quem precisa deixar os bichos quando viaja.",true,train
fakebr_train_557,Câmara dos Deputados aprovou projeto que cria fundo bilionário para financiar campanhas políticas a partir do próximo ano.,true,train
fakebr_train_558,tsunami atingira espanha portugal mil pessoas poderao morrer pode acontecer qualquer momento nao ha prever,fake,train
fakebr_train_559,colombia epidemia zika alastra numero infectados passa mil,fake,train
fakebr_train_560,"Votos do TSE rejeitam cassação da chapa, entendendo não houve abuso de poder politico economico na campanha, livrando Temer do mandato atual e Dilma inegibilidade anos.",true,train
fakebr_train_561,governo eua libera mil documentos secretos sobre morte kennedy,true,train
fakebr_train_562,trump convoca reuniao emergencia ataque coreia pode acontecer qualquer momento,fake,train
fakebr_train_563,"Sergio Moro pediu quebra de sigilo telefônico do PT, incluindo linhas fixas e celulares, em ação penal contra o tesoureiro João Vaccari Neto; o PT tenta suspender a decisão; Moro negou o pedido, justificando que a quebra de dados de ligações não revela o conteúdo das comunicações.",fake,train
fakebr_train_564,Temer liderou uma perigosa organização criminosa no Brasil.,fake,train
fakebr_train_565,pokemon go causa adolescente alucinacao coletiva,fake,train
fakebr_train_566,Marido deu uns sopapos pastor safado apareceu video pastor xavequeiro segundo video caiu internet nesta semana diario brasil mostrou ultima semana imagens suposto pastor igreja evangelica marcado encontro fiel lugar reservado,fake,train
fakebr_train_567,Grupo de mil pessoas quer criar novo país nos estados do sul e pretende realizar um plebiscito para independência.,fake,train
fakebr_train_568,"Uma postagem atribuída a Luis Cláudio Lula (lulinha) dizia que tacaria fogo no Brasil caso o pai dele fosse preso, atribuindo a autoria a Jair Bolsonaro; Lula desmentiu.",fake,train
fakebr_train_569,joaquim barbosa defende eleicoes diretas nao descarta candidatura,true,train
fakebr_train_570,brasil veras filho cospe outro deputado federal psol recebeu advertencia conselho etica kkk camara,fake,train
fakebr_train_571,"Manifestantes fizeram buzinaco em frente ao terminal urbano de Rio Branco pedindo a condenação de Lula, na véspera do julgamento na vara federal de Curitiba, ligado ao caso tríplex do Guarujá e à Lava Jato.",true,train
fakebr_train_572,psdb senador recorrem stf contra votacao beneficiou dilma,true,train
fakebr_train_573,"Irmãos Castro recebiam dinheiro de Pablo Escobar e Raul Castro recebia carregamentos pessoalmente do traficante Pablo Escobar, segundo Popeye.",fake,train
fakebr_train_574,Vandalos depredaram o patrimonio publico durante manifestacao em Brasilia ontem.,fake,train
fakebr_train_575,"pf fez acordo delacao premiada envolvendo sergio machado, gravando conversas de interlocutores para o caso transpetro, com o objetivo de partilha do dinheiro lesado",fake,train
fakebr_train_576,deputado estadual joao paulo rillo pt agrediu policial militar durante invasao estudantes secundaristas plenario assembleia legislativa sao paulo alesp,fake,train
fakebr_train_577,Condenacao de Lula em segunda instancia com unanimidade pelo TRF em porto alegre.,true,train
fakebr_train_578,stf mantem renan senado proibe assumir presidencia,true,train
fakebr_train_579,Aecio Neves vira reu na acao penal da Operacao Patmos.,true,train
fakebr_train_580,liberdade expressao sangra literalmente risco vida facada quase fatal,fake,train
fakebr_train_581,"Acusado de cobrar propinas de r mil para troca de decisão judicial, o desembargador Eduardo Gallo Mattos, da Câmara Civil de Santa Catarina, está sob investigação pelo CNJ, com denúncias de violência contra Liliane Mello.",true,train
fakebr_train_582,Ataque em Londres na London Bridge com atropelamento por van branca e esfaqueamento; várias pessoas feridas e número ainda não identificado.,fake,train
fakebr_train_583,janot pede afastamento gilmar mendes,fake,train
fakebr_train_584,objetivo lula onu obter asilo politico espanha italia,fake,train
fakebr_train_585,Temer nao renunciara presidencia republica,true,train
fakebr_train_586,oposicao pede cassacao lucio vieira lima quebra decoro parlamentar,true,train
fakebr_train_587,tribunal nega pedido defesa lula anular decisao sobre bloqueios bens,true,train
fakebr_train_588,bolsonaro absolvido conselho etica conselho etica camara deputados arquivou nesta processo quebra decoro parlamentar contra eduardo bolsonaro,fake,train
fakebr_train_589,Lula disse vai pegar todo acervo presidencia e levar para o ministerio publico.,fake,train
fakebr_train_590,nao devo satisfacao,fake,train
fakebr_train_591,Eduardo Cunha recebera salario integral e vai ter exatamente as mesmas prerrogativas de Dilma Rousseff.,fake,train
fakebr_train_592,Comerciante parana cansado de ser assaltado comprou arma espingarda calibre com autorizacao da PF e a partir dai os assaltos nao ocorreram; moradores bairro declararam sentem seguros.,fake,train
fakebr_train_593,camara conclui votacao aprova regras distribuição fundo eleitoral texto segue agora senado precisa ate fim desta semana valer ja eleicoes,true,train
fakebr_train_594,nao ha provas contra pt,true,train
fakebr_train_595,As arenas de futebol transformaram vitrine onde todos querem minuto fama e onde todas mensagens podem aparecer; precisamos aprender a lidar com conflituosos e reconhecer a arquibancada como espaço legítimo e democrático de expressão.,true,train
fakebr_train_596,nao nada fascismo,true,train
fakebr_train_597,processo criminal desastre ambiental mariana suspenso pode ate ser anulado,true,train
fakebr_train_598,"farsa Lula: o suposto garçom demitido não era garçom, ocupava cargo comissionado de assessor técnico no Planalto; Lula mentiu sobre o cargo para desviar o foco e comover o povo.",fake,train
fakebr_train_599,temer contrata advogado evitar cassacao mandato ja prepara assumir pais,fake,train
fakebr_train_600,"Jorge Fernando, diretor globo, sofreu avc, precisou ser internado às pressas no Rio no último fim de semana; segundo colunista leo dias, o diretor já recebeu alta e passa bem; a Rede Globo não manifestou sobre o assunto nem informou o estado de saúde ou retorno.",fake,train
fakebr_train_601,prisao guido mantega retirado pf dentro centro cirurgico albert einstein,fake,train
fakebr_train_602,"Sete empresas estão com seleções abertas, contratando menos de mil novos funcionários.",true,train
fakebr_train_603,"Maes abrem negocios para ficar perto dos filhos, pois o mercado de trabalho nao acolhe mulheres com filhos; empreender surge como unica opcao, porem nao ha garantia de sucesso.",true,train
fakebr_train_604,dilma nao perdeu direitos politicos ocupar cargos publicos pode portanto ser candidata cargos eletivos,fake,train
fakebr_train_605,"Relembre polêmicas envolvendo Geddel Vieira Lima, que ocupou cargos nos governos michel temer dilma rousseff luiz inacio lula silva, alvo de investigação da Polícia Federal na operação Cui Bono que apura fraudes na Caixa Economica Federal.",true,train
fakebr_train_606,Bonner postou frase dor cotovelo instagram dois dias apos Fatima Bernardes ser fotografada novo namorado,fake,train
fakebr_train_607,conselheiro afastado pede stf autorizacao ter contato mulher servidora,true,train
fakebr_train_608,"Lukas Ruiz, o DJ conhecido como vintage culture, será atração confirmadíssima no palco principal do Planeta Atlântida.",true,train
fakebr_train_609,pt divulga nota sobre aecio corrupto hipocrita falso moralista monstro,fake,train
fakebr_train_610,policia nova zelandia atira cao farejador aeroporto auckland,fake,train
fakebr_train_611,advogados academicos lancam manifesto critico atuacao supremo,true,train
fakebr_train_612,"Alvo da condução coercitiva na operação Janus, o empresário Taiguara Rodrigues Santos afirmou que a Exergia Brasil recebeu recursos por serviços prestados e que a Polícia Federal investiga pagamentos de propina envolvendo a Odebrecht na obra da hidrelétrica Cambambe, Angola, financiada pelo BNDES.",true,train
fakebr_train_613,moro pede pf tomadas providencias necessarias realizacao pericia planilha italiano prazo dado pf dias,true,train
fakebr_train_614,"Donos da JBS usaram corrupção para obter vantagens, pagaram propina para viabilizar negócios, utilizaram créditos do BNDES e fundos pensão com incentivos fiscais, e tentaram interferir em investigações (Operação Greenfield) e em decisões de órgãos reguladores (CVM, Cade).",true,train
fakebr_train_615,alguem queria impedir voto,fake,train
fakebr_train_616,"Ministério Público Federal de São Paulo denunciou Paulo Vieira Souza e outras quatro investigados nesta operacao lava jato por crimes de formação de quadrilha, peculato e inserção de dados falsos, envolvendo a dersa desenvolvimento rodoviario e desvios de recursos federais, indenizações indevidas e reassentamento de pessoas desalojadas em grandes obras viárias.",true,train
fakebr_train_617,ze celso aciona mp contra silvio santos teatro oficina procurou ministerio publico federal mpf nesta tentativa violar direitos silvio santos deseja erguer tres torres residenciais cem metros altura cada,fake,train
fakebr_train_618,impeachment senado votacao hoje dilma retornaria planalto,fake,train
fakebr_train_619,desafios vitalizam,true,train
fakebr_train_620,"exercito eua prepara evacuar cidadaos, operacao denominada canal corajoso sendo desencadeada para garantir civis possam escapar horrores potencial guerra nuclear",fake,train
fakebr_train_621,confissao crime petrobras caixa branca gente sabe tudo acontece la dentro,fake,train
fakebr_train_622,site jornalista global questiona assessor pessoal dilma dono estadio,fake,train
fakebr_train_623,"Nova fase policia federal, operacao lava jato, varios mandados expedidos juiz federal sergio moro estao sendo cumpridos.",fake,train
fakebr_train_624,seconds of summer sao banda nao boy band,true,train
fakebr_train_625,obama promete exterminar estado islamico,fake,train
fakebr_train_626,diz delegado sobre suspeito nao arrepende iria cometer outros ataques,true,train
fakebr_train_627,"PF encontrou recibos de obras feitas no sítio Atibaia e de reforma do sítio Santa Bárbara Atibaia; os recibos somam total r mil; materiais de construção estão no nome Igenes Irigaray Neto; também consta o pecuarista Jose Carlos Bumlai; a equipe investigacao PF tambem encontrou duas notas fiscais no nome presidencia rogerio aurelio pimentel, uma referindo capa piscina comprada e a outra referindo gastos r mil com vidraçaria.",fake,train
fakebr_train_628,geddel preso policia federal,true,train
fakebr_train_629,aecio diz vitima armacao nao ganhou dinheiro politica parlamentar e que familiares nao cometeram crimes,true,train
fakebr_train_630,processo justica americana revela empresas pagavam propina politicos odebrecht braskem assinaram acordos leniencia estados unidos suica brasil troca beneficios empresas pagarao multa quase r bilhoes,true,train
fakebr_train_631,voltaram vandalos gangue vermelha atacam sao paulo,fake,train
fakebr_train_632,dilma sugeriu marqueteiros mudar conta suica cingapura,true,train
fakebr_train_633,comissao apura suposto desvio verbas saude educacao pagar empresa plenax pelos servicos manutencao capina em pouso alegre mg segundo relatorio aponta irregularidades em contratos prestacao servicos e possivel improbidade administrativa.,true,train
fakebr_train_634,kennedy alencar alertou possivel cancelamento delacao claudio melo filho.,fake,train
fakebr_train_635,lewandowski reconduz dois prefeitos afastados suspeitas corrupcao passiva,fake,train
fakebr_train_636,cervero condenado dois processos lava jato corrupcao lavagem dinheiro,fake,train
fakebr_train_637,"Dois anos após o rompimento da barragem Fundão, sobreviventes de Mariana sofrem preconceito, reassentados vivem em imóveis alugados e enfrentam desemprego e dificuldades de adaptação, enquanto moradores pedem o retorno da Samarco e a Fundação Renova negocia ações de reparação.",true,train
fakebr_train_638,Capitão Juan Caguaripano liderou uma rebelião contra o governo de Nicolás Maduro.,true,train
fakebr_train_639,Sergio Moro autorizou a perícia do sistema eletrônico utilizado pela Odebrecht para pagamentos de propina.,true,train
fakebr_train_640,STF rejeitou ontem pretensão de suspender nomeação Lula para o ministério; decisão ficará sob responsabilidade do ministro Gilmar Mendes.,fake,train
fakebr_train_641,"Retrospectiva dos principais acidentes e fatos policiais em Sul de Minas, com as principais notícias que chocaram moradores da região ao longo do ano.",true,train
fakebr_train_642,afirmou decisao governo michel temer decretar intervencao federal seguranca publico rio janeiro puramente politica,true,train
fakebr_train_643,dilma vai escrever romance policial,fake,train
fakebr_train_644,"Valdemiro ficou irritado ao ver sátira na TV durante o culto, afirmou que humoristas blasfemaram contra a Palavra de Deus e os fiéis chegaram a sugerir que o pastor processasse o programa, porque Deus vai pesar a mão.",fake,train
fakebr_train_645,"Delegacia da Mulher investiga denúncia de abuso sexual ocorrida na Câmara de Vereadores de Montes Claros envolvendo o chefe do setor de comunicação, com a Câmara instaurando sindicância e criando comissão especial para apurar a denúncia, e o suspeito afastado durante as apurações.",true,train
fakebr_train_646,"Gilmar Mendes elevou o tom no plenário do STF ao defender o projeto de lei abuso de autoridade, afirmando que o projeto visa blindar políticos corruptos e atacar investigações do MPF, juízes e PF.",fake,train
fakebr_train_647,investigacao sobre suposta interferencia russia na eleicao presidencial americana ganhou forca e aumentou a pressao por novos pedidos impeachment contra republicano.,true,train
fakebr_train_648,"Jorge Kajuru afirmou ter desaparecido porque sentiu risco real, ameaçado por políticos goias; disse ser alvo de perseguição política e ameaçado de morte, e que vai desaparecer toda vez que sentir risco real.",fake,train
fakebr_train_649,fiscais chegam escondem carne podre,fake,train
fakebr_train_650,convencao acontece dia julho hamburgo norte alemanha cidade portuaria denominada portao mundo tor zur welt sera palco,true,train
fakebr_train_651,inquerito porto santos tende inocentar presidente,true,train
fakebr_train_652,marcos harter eliminado bbb por indicios agressao fisica emilly araujo.,true,train
fakebr_train_653,islandia tornou ilegal pagar mulheres menos homens,true,train
fakebr_train_654,"O mar recuou diante da aproximação do furacão Irma, com a força do vento puxando água para dentro do oceano.",true,train
fakebr_train_655,Condenação em segunda instância de Luiz Inácio Lula da Silva aumenta a possibilidade de o petista ser preso e impedido de disputar a eleição presidencial.,true,train
fakebr_train_656,"segundo denuncia feita pela revista Carta Capital, a fazenda Itamarati Norte é arrendada pelo Grupo Amaggi; até o momento não há nenhuma ligação entre os donos/arrendatários e o grupo Amaggi; ainda não foi divulgada nenhuma nota oficial.",fake,train
fakebr_train_657,raca humana contem dna alienigena,fake,train
fakebr_train_658,Trabalhadores transporte coletivo paralisam atividades pedem fim taxi compartilhado; Câmara Municipal deve votar lei autoriza taxistas trabalharem taxi compartilhado.,true,train
fakebr_train_659,somente cartao corporativo dilma sangrou cofres publicos quase r milhoes,fake,train
fakebr_train_660,"Surto de febre amarela no Sul de Minas com nove casos confirmados e seis óbitos, com alta letalidade, reforça a necessidade de vacinação.",true,train
fakebr_train_661,"Vivemos hoje a Primavera brasileira, uma onda de protestos e debates sobre combate à corrupção impulsionada pelas redes sociais.",true,train
fakebr_train_662,"Justiça Federal marcou depoimento de Lula no caso Zelotes para fevereiro, em Brasília.",true,train
fakebr_train_663,temer decidiu demitir luislinda,fake,train
fakebr_train_664,Público acha recebo pensao milionaria,fake,train
fakebr_train_665,Michel Temer foi denunciado pela PGR por crime de corrupção passiva com base em delações da JBS.,true,train
fakebr_train_666,julho boa noite aqui estao principais noticias,true,train
fakebr_train_667,Desembargador vota condenacao Lula e manifestou favoravel execucao imediata da pena apos termino dos recursos.,fake,train
fakebr_train_668,china podera suspender fornecimento combustivel coreia; embargo petroleo deixaria norte totalmente paralisado.,fake,train
fakebr_train_669,"Nova biografia de Andrzej Franaszek sobre Czeslaw Milosz repete a aprovação/opinião de Joseph Brodsky de que Milosz é o maior poeta vivo da época, cuja poesia transcende o material atingindo o espiritual universal.",true,train
fakebr_train_670,deputado joao carlos bacelar pediu r milhoes para comprar votos contra impeachment dilma rousseff segundo delator,true,train
fakebr_train_671,Geddel Vieira Lima vai pedir demissao ainda hoje; oposicao ja fala impeachment.,fake,train
fakebr_train_672,documentos envolvendo petrobras mostram abuso poder economico; so bastaria cassacao chapa.,true,train
fakebr_train_673,jornal diz saude lula vai mal pior insonia depressao profunda,fake,train
fakebr_train_674,"A Polícia Federal concluiu o inquérito, apontando indícios de organização criminosa envolvendo integrantes do PMDB na Câmara e atribuindo crimes a eles, encaminhando o relatório ao STF.",true,train
fakebr_train_675,autoridades desistiram retirar aviao mar porque nao possuem equipamentos adequados empresa particular sera responsavel resgate destrocos aviao,fake,train
fakebr_train_676,russia arabia saudita sera destruida minutos,fake,train
fakebr_train_677,sobrinho atira tio,fake,train
fakebr_train_678,justica manda prender ronan maria pinto corrupcao gestao celso daniel,true,train
fakebr_train_679,reformas privatizacoes devem ser feitas ja,true,train
fakebr_train_680,quebra sigilo bancario michel temer,true,train
fakebr_train_681,"Moro aceitou a denúncia contra luiz inacio lula silva no caso do sitio atibaia, envolvendo lava jato, acusando lula de ter recebido propina proveniente de seis contratos firmados petrobras odebrecht oas para reformas no sitio.",true,train
fakebr_train_682,Ataque contra a caravana de Lula no Paraná: dois ônibus atingidos por três tiros; ninguém ficou ferido.,true,train
fakebr_train_683,"Lula quer prisao vivo e transmissao ao vivo do julgamento; defesa lula vai pedir juiz sergio moro depoimento marcado dia abril, transmitido vivo.",fake,train
fakebr_train_684,voce sendo vigiado,fake,train
fakebr_train_685,"O evento no Sesc Pinheiros, dentro do projeto Tela Classica, estará exibindo filmes importantes do diretor Luis Buñuel, começando por cao chien andalou.",true,train
fakebr_train_686,Trump pode provocar mudancas significativas relacoes estados unidos mundo.,true,train
fakebr_train_687,"Um caça Super Hornet americano colidiu com o USS Carl Vinson; o piloto conseguiu ejetar com segurança, foi resgatado por helicóptero e não apresentou ferimentos aparentes; o acidente está sob investigação.",fake,train
fakebr_train_688,francisco estao ensinando criancas podem escolher genero,fake,train
fakebr_train_689,"Pequenos vilarejos italianos com menos de mil habitantes estão oferecendo incentivos para atrair novos moradores, incluindo venda de casas por 1 euro, transferências mensais, concessão de terrenos agrícolas e facilitação de vistos, para combater o envelhecimento populacional e o despovoamento.",true,train
fakebr_train_690,"Elvira Savino disse Lula alergico justica, relembrou o caso Battisti, alegando que Lula só quer presidência do Brasil para conseguir foro privilegiado e livrar-se da cadeia.",fake,train
fakebr_train_691,"Proposta de licença menstrual de até três dias por mês durante o período menstrual, em discussão na Câmara, visando trazer a licença para a CLT.",fake,train
fakebr_train_692,"Moraes disse que aceitaria eventual convite do presidente Michel Temer para assumir o ministério, mas antes precisa conversar com o comando nacional do PTB.",true,train
fakebr_train_693,dilma mandou ministro tomar naquele lugar,fake,train
fakebr_train_694,"Documentos secretos do Ministério da Defesa britânico revelam uma campanha de guerra psicológica nas Malvinas, incluindo panfletos e a emissora Radio Atlântico Sul (RADS), destinada a desmoralizar, isolar e induzir deserção entre as tropas argentinas.",true,train
fakebr_train_695,atriz rosamaria murinho acusou lula distorcer fatos mentir,fake,train
fakebr_train_696,Mulher induz crianca a roubar aparelho celular em loja laticinios feira santana.,true,train
fakebr_train_697,Temer cassado; FHC tem grandes chances de assumir a presidência da República.,fake,train
fakebr_train_698,lula dono apartamento guaruja predio triplex,fake,train
fakebr_train_699,"Polícia Federal realizou buscas na Argeplan Arquitetura e Engenharia, de Joao Baptista Lima Filho, amigo de Michel Temer, e apreendeu documentos do projeto de reforma do imóvel em São Paulo, em nome de Maristela Temer, filha do presidente.",true,train
fakebr_train_700,Lula nao vai aguentar semana cadeia vai delatar,fake,train
fakebr_train_701,furacao irma chegou cuba deve atingir estado florida ate domingo,true,train
fakebr_train_702,navio guerra russia choca navio carga no mar negro proximo costa istambul turquia militares estao desaparecidos,fake,train
fakebr_train_703,joaquim barbosa pode ser substituto temer apos impeachment,fake,train
fakebr_train_704,"Raquel Dodge tornou-se a primeira mulher a chefiar a Procuradoria Geral da República (PGR), tomando posse como sucessora de Rodrigo Janot.",true,train
fakebr_train_705,geoengenharia solar pode ser complemento fundamental mitigar efeitos dando humanidade tempo necessario desenvolver vontade politica tecnologias necessarias atingir descarbonizacao atmosfera,true,train
fakebr_train_706,ali kamel diretor globo nazista nao falo rede globo,fake,train
fakebr_train_707,"Nicole, garotinha brasileira, doou o cofrinho cheio de moedas ao Corpo de Bombeiros Voluntários de Schroeder, Santa Catarina.",fake,train
fakebr_train_708,"José Melo está preso, suspeito de envolvimento em esquema de propina e desvio de verbas da saúde pública no Amazonas, ligado à operacao maus caminhos.",true,train
fakebr_train_709,maior projeto restauracao florestas tropicais mundo anunciado na abertura do Rock in Rio em setembro pretende recuperar milhoes hectares e milhoes arvores na Amazônia.,true,train
fakebr_train_710,ausencias estao todas devidamente justificadas atendem normas camara,true,train
fakebr_train_711,proposta apresentada deputado cabo daciolo tramita camara deputados pl obriga agentes publicos eleitos poderes executivo legislativo federais estaduais municipais utilizar sus,fake,train
fakebr_train_712,moro corrupto pior ladrao tao maligno quanto assassino,fake,train
fakebr_train_713,aeronave caiu paraty,true,train
fakebr_train_714,EUA colocam bombardeiros em estado de alerta por horas; Trump e Kim ameaçam o mundo à beira da Terceira Guerra Mundial.,fake,train
fakebr_train_715,zuckerberg alerta bloqueio redes sociais inicio comunismo brasil,fake,train
fakebr_train_716,constam provas podem complicar ainda situacao lula relacao sitio atibaia,fake,train
fakebr_train_717,eduardo cunha acolher pedido impeachment apresentado juristas helio bicudo miguel reale junior,fake,train
fakebr_train_718,Anonymous alerta governo nao atrevam mexer internet; havera fim internet ilimitada no Brasil; havera limite internet fixa.,fake,train
fakebr_train_719,stj revoga prisao temporarias cinco conselheiros afasta cargo dias medida condicao,true,train
fakebr_train_720,frase resume bem carater dessa moca,fake,train
fakebr_train_721,candidatura apresentador silvio santos hipotese eleicoes lider pdmb senado,fake,train
fakebr_train_722,Governo filipino anunciou o fim da batalha contra o grupo Estado Islâmico na cidade Marawi.,true,train
fakebr_train_723,Político desviou r mil para comprar agua amendoim; fato virou manchete nos principais jornais do país.,fake,train
fakebr_train_724,marco aurelio mello decide levar plenario stf liminar afastou renan calheiros do cargo de presidente do senado,true,train
fakebr_train_725,exercito pode ser chamado intervir estado caso ocorra crise social,fake,train
fakebr_train_726,observadores dizem homem misterioso nao figura politica conhecida papel importante teste motor ja havia interagido anteriormente,true,train
fakebr_train_727,"NASA anuncia a descoberta de sete planetas semelhantes à Terra, com massas aproximadamente iguais à da Terra, orbitando uma estrela fria; há grandes chances de existir água em estado líquido essencial para a vida; seis desses planetas são potencialmente habitáveis segundo cientistas; Proxima b possui temperatura adequada para água líquida e possivelmente vida.",fake,train
fakebr_train_728,economia brasileira voltou crescer,true,train
fakebr_train_729,beatrice vio superou depressao tornou atleta paralimpica apresentadora apos ter bracos pernas amputados consequencia meningite,true,train
fakebr_train_730,STF julga hoje ação que pode restringir alcance foro privilegiado autoridades crimes cometidos durante exercicio cargo mandato,fake,train
fakebr_train_731,jornais ingleses dizem trump estaria usando sosia melania comparecer publico apos tuite,fake,train
fakebr_train_732,ministra carmen lucia deu lambada mendes,fake,train
fakebr_train_733,ccj senado aprovou relatorio reforma trabalhista produzido lider governo senador romero juca,true,train
fakebr_train_734,inaldo leitao usou redes sociais defender acusacoes recebido desde ultima acusado delator claudio melo odebrecht ter recebido aporte financeiro r mil,fake,train
fakebr_train_735,passaporte alemao nao novidade ninguem ate cachorro,fake,train
fakebr_train_736,neymar pode ser indiciado qualquer momento espanha crimes corrupcao fraude envolvendo transferencia santos barcelona,fake,train
fakebr_train_737,desengavetou proposta perniciosa preve punicao agentes publicos trabalham prol investigar punir parlamentares senador quer accelerate tramitacao projeto feito sob medida proteger parlamentares incluindo proprio renan,fake,train
fakebr_train_738,zeze di camargo faz postagem alfinetar zilu; internautas reagem.,fake,train
fakebr_train_739,Cunha rebate críticas Dilma mentirosa arrogante incapaz de governar; Lula arrependeu de ter escolhido e o afastamento foi motivado por crime de responsabilidade.,fake,train
fakebr_train_740,"Previc decretou intervenção no Postalis, afastando diretores e conselheiros e nomeando interventor, para preservar direitos dos participantes diante de irregularidades na contabilização de reservas técnicas e na aplicação de recursos.",true,train
fakebr_train_741,Cunha nao pensa no pais; Cunha so pensando nele.,fake,train
fakebr_train_742,temer quer aprovar menos idade minima aposentadoria,true,train
fakebr_train_743,crystal é um servico capaz de realizar impressionante analise psicologica do usuario tendo base apenas curtidas facebook,true,train
fakebr_train_744,retrospectiva relembre fatos marcaram ano rondonia crimes violentos acidentes,true,train
fakebr_train_745,dilma insiste dizer nao ha base juridica,fake,train
fakebr_train_746,"Ocupações urbanas em Izidora e vilas vizinhas de Belo Horizonte, lideradas por mulheres pretas da periferia, mobilizaram pessoas em busca de moradia digna, enfrentam despejos e batalhas judiciais e se tornaram um símbolo de esperança.",true,train
fakebr_train_747,Senhor Serra esclarece jamais recebeu qualquer tipo vantagens indevidas qualquer empresa individuo especialmente odebrecht,true,train
fakebr_train_748,"Condenação de luiz inacio lula silva no caso triplex guaruja sp foi mantida pela turma tribunal regional federal regiao, em decisao unanime, com aumento da pena.",true,train
fakebr_train_749,"grupo mstb ocupa a usina sao fernando, propriedade jose carlos bumlai, preso operacao lava jato.",fake,train
fakebr_train_750,prisao lula podera ser decretada durante olimpiadas,fake,train
fakebr_train_751,denuncia contra capez merenda sera analisada tj proxima semana assembleia legislativa sp,true,train
fakebr_train_752,eike batista alvo mandado prisao preventiva expedido hoje e foragido suspeito participar esquema corrupcao lavagem dinheiro,fake,train
fakebr_train_753,Novela mexicana ganha versao brasileira carinha anjo estreia nesta segunda sbt.,true,train
fakebr_train_754,"Xi Jinping criou um culto à personalidade, higienizou sua história, consolidou o poder e instaurou um regime autoritário com censura e controle da internet, promovendo os Pensamentos Xi Jinping na constituição.",true,train
fakebr_train_755,Renan Calheiros pode estar articulando mudanças na lei da delação premiada.,fake,train
fakebr_train_756,"Trechos de diálogo/áudios envolvendo Renan Calheiros, Sérgio Machado e Romero Jucá serão divulgados pelo site antagonista, com o objetivo de arrancar revelações e comprometer o presidente do Senado; Machado tentará convencer a Justiça a homologar acordo de delação premiada para escapar da prisão.",fake,train
fakebr_train_757,ministro stj mantem presos empresários wesley joesley batista ministro rogerio schietti cruz afirma decisao ha concreta ordem prisao,true,train
fakebr_train_758,ccj aprova novo relatorio sobre fim foro privilegiado politicos autoridades,true,train
fakebr_train_759,"nenhum caso zika ocorreu olimpiada, ainda assim a OMS decidiu manter o caráter de emergência global.",true,train
fakebr_train_760,petista doente ameacou sergio moro,fake,train
fakebr_train_761,"Raquel Dodge toma posse nesta segunda como nova Procuradora-Geral da República, encerrando o mandato de Rodrigo Janot.",true,train
fakebr_train_762,waldir maranhao sera expulso pp,fake,train
fakebr_train_763,sugestao liberem juiz sergio moro mandem processo juiz marcelo bretas,fake,train
fakebr_train_764,presidente dilma nao pode ser prejudicada simplesmente porque senador renan calheiros pressa acabar logo processo impeachment colocando prazo devido viagem,fake,train
fakebr_train_765,nao renunciei nao delatar,true,train
fakebr_train_766,Família da menina Rebeca Luiza Ribeiro Santos afirma negligência médica após atendimentos na UPA de Rio Claro e registrou boletim de ocorrência; a Secretaria Municipal de Saúde informou que foram adotados todos os procedimentos adequados.,true,train
fakebr_train_767,ilha si compartilhada dois paises controle passando outro cada seis meses sendo assim fevereiro julho fica sob soberania espanhola meses seguem fica franca tipo soberania conjunta chamada condominio ilha faisoes,true,train
fakebr_train_768,fabio assuncao filiou pt,fake,train
fakebr_train_769,tucanos admitem alckmin ficando emparedado podera ter dificuldades formar aliancas ate agora garantiu apenas ptb pps,true,train
fakebr_train_770,policia informou trata caso homicidio doloso intencao matar agravante feminicidio,true,train
fakebr_train_771,video mostra manifestantes ateando fogo congresso paraguai,fake,train
fakebr_train_772,recibos alugueis nao sao materialmente falsos,true,train
fakebr_train_773,"Apesar de perder território na Síria e no Iraque, o Estado Islâmico continua atuando, inspirando ataques e mantendo a capacidade de realizar atentados, mesmo sem domínio territorial.",true,train
fakebr_train_774,"Daniela Mercury interrompeu o show de trio elétrico em Salvador, fez gestos obscenos, xingou a polícia e mostrou o dedo médio ao público.",fake,train
fakebr_train_775,ccj camara retoma debates sobre segunda denuncia contra temer apos debate sobre acusacao comissao deve votar parecer relator favoravel arquivamento,true,train
fakebr_train_776,ibuprofeno diclofenaco vendidos brasil podem causar parada cardiaca,fake,train
fakebr_train_777,ninguem acima lei,true,train
fakebr_train_778,pec teto comeca senado votacao segundo turno renan pressa quer votar assista vivo,fake,train
fakebr_train_779,exercicios navais japones com a presença de dois navios americano uss carl vinson escolta iniciaram neste domingo e devem durar varios dias.,true,train
fakebr_train_780,mesma regra todos responsabilidade sobre regra ouro deveria valer tambem judiciario legislativo,true,train
fakebr_train_781,mundo vai terminar neste fim semana,fake,train
fakebr_train_782,bolsonaro pode ser preso,fake,train
fakebr_train_783,"Marcelo Odebrecht disse a Dilma Rousseff que Fernando Pimentel seria o próximo a ter comprovacao de contribuicoes e recursos nao contabilizados feitas na campanha, apresentando material sobre repasses ilegais.",true,train
fakebr_train_784,"Temer determinou a paralisação de todos os procedimentos relativos a eventuais direitos minerários na área, levando à extinção da Renca.",true,train
fakebr_train_785,pabllo vittar lacra planeta exalta amor proprio respeitem amem,true,train
fakebr_train_786,ja imaginou poder engolir enxaguante bucal apos escovar dentes pois solucao apresentada grupo pesquisadores faculdade odontologia usp ribeirao preto desenvolveram produto base cha verde pode ser digerido apos bochecho efeitos colaterais substancia ja patenteada deve chegar breve mercado,true,train
fakebr_train_787,"Lula fez discurso hoje criticando o governo Temer, chamando-o de safado, dizendo que querem tirar a aposentadoria e alterar as leis trabalhistas, não conseguem gerar empregos.",fake,train
fakebr_train_788,tiririca disse hoje ira votar favor denuncia contra presidente mala michel temer,fake,train
fakebr_train_789,lula volta atacar stf,fake,train
fakebr_train_790,governo federal tenta criar anistia todos corruptos receberam dinheiro ilegal via caixa dois,fake,train
fakebr_train_791,"italia lança o projeto esmola estado para combater a pobreza, destinando ate euros mes às familias em situacao pobreza, com euros por cada membro da familia e limite maximo de euros por familia, beneficiarios precisarao aderir ao projeto insercao social trabalhista, buscar trabalho, cumprir objetivos educacionais, frequencia escolar e vacinacao.",fake,train
fakebr_train_792,faturamento jbs saltou r bi r bi durante governos lula dilma,fake,train
fakebr_train_793,Lula pediu ao STF para corrigir erro histórico e reconhecer válida a nomeação do ministro da Casa Civil de Dilma Rousseff.,true,train
fakebr_train_794,secretaria administracao presidencia republica reservou r mil compra diversos tipos medicamentos,fake,train
fakebr_train_795,marcou entrada trabalhadores politica nacional levou declinio sindicalismo revolucionario fundacao partido comunista brasil pcb,true,train
fakebr_train_796,governo temer podera ter primeira baixa: o ministro planejamento romero juca devera ser demitido nas proximas horas,fake,train
fakebr_train_797,coreia norte declara status mobiliza populacao local,fake,train
fakebr_train_798,"O governo entrará em falência, bancos quebrarão, aplicações serão confiscadas, gerando caos fiscal e econômico no país.",fake,train
fakebr_train_799,ceara cid gomes pdt afirmou discurso ontem sobral festa aniversario envolvido esquema corrupcao petrobras,true,train
fakebr_train_800,Lula reu corrupcao passiva lavagem dinheiro sobre contratos empreiteira petrobras segundo ministerio publico federal,true,train
fakebr_train_801,joao vaccari neto cobrou propina sobre valores financiados bndes obra empreiteira andrade gutierrez venezuela,true,train
fakebr_train_802,"Havaí reativou o sistema de sirenes de alerta de ataque nuclear, que havia sido desativado após o fim da Guerra Fria, voltou a soar durante um teste e será testado regularmente a partir de agora, sempre no horário do primeiro dia útil de cada mês.",true,train
fakebr_train_803,cada milhao petistas mil sao bandidos ladroes batedores carteira,fake,train
fakebr_train_804,governo anuncia envio integrantes forca nacional rn para reforcar seguranca,true,train
fakebr_train_805,Cerimônia de posse da nova presidente do STF vira reunião de corruptos.,fake,train
fakebr_train_806,agencia brasileira inteligencia confirmou autenticidade mensagem ameacas estado islamico brasil proximo alvo terrorista,fake,train
fakebr_train_807,maior parte plano seguranca lancado ha ano fica so papel metas ambiciosas reduzir superlotacao presidios estao longe serem cumpridas,true,train
fakebr_train_808,impeachmania dilma lula batem novo recorde juntos somam pedidos impeachment pt enfrentou duas vezes pedidos impeachment,fake,train
fakebr_train_809,Porto Alegre mantém prática de aumentar sentenças aplicadas pelo juiz Sérgio Moro na primeira instância.,true,train
fakebr_train_810,governo divulgou nesta semana pacote de medidas prioritarias area economica apos desistir reforma previdencia,true,train
fakebr_train_811,"Lula negou ter participado saber pagamentos destinados cervero e a defesa afirma que nao houve tentativa de comprar silencio nem obstrucao de justica, com o procurador ivan marx pedindo absolvicao.",true,train
fakebr_train_812,stj arquiva sindicancia contra governador mg fernando pimentel,true,train
fakebr_train_813,"Promessas de campanha de Doria, incluindo zerar a fila de creches no primeiro ano, contradizem o plano de metas apresentado pela gestão, que não garante atingir todos os números prometidos durante a campanha.",true,train
fakebr_train_814,dilma tera explicar justica porque usou jato fab visitar amigo molusco,fake,train
fakebr_train_815,Lula voltou atacar policia federal operacao lava jato,fake,train
fakebr_train_816,"Polícia Federal deflagrou a operação Cartão Vermelho para investigar o suposto pagamento de propina de milhões de reais ao ex-governador Jaques Wagner, ligado à obra Arena Fonte Nova; Wagner afirmou que as denúncias da PF são infundadas e que nunca recebeu propina.",true,train
fakebr_train_817,rumo tetra governo temer podera ter quarta baixa,fake,train
fakebr_train_818,trump ignora advertencia guerra mundial feita russia pode bombardear siria outra vez,fake,train
fakebr_train_819,"Alguns agentes da Polícia Federal chegaram ao Senado para simplesmente reforçar a segurança do plenário durante a sessão de impeachment, para evitar futuros desentendimentos e agressões parlamentares.",fake,train
fakebr_train_820,reune opcoes lazer final semana salvador,true,train
fakebr_train_821,unico medico regiao sob fogo cruzado chega atender pacientes dia sudao missionario americano atende populacao mil pessoas regiao proxima fronteira sudao sul,true,train
fakebr_train_822,aecio neves recebeu ameaca morte por email institucional apos questionar dilma rousseff durante sessao impeachment,fake,train
fakebr_train_823,lula faria uma palestra na etiopia abordando o tema corrupcao.,fake,train
fakebr_train_824,"Brasil chorou junto; Galvão Bueno apareceu para comentar o acidente ocorrido com jogadores da Chapecoense, fez participação especial no Jornal Bom Dia Brasil e no programa de Fatima Bernardes, ambos da TV Globo; chorou e comentou sobre a morte do amigo Mario Sérgio, e disse que não iria narrar nenhum jogo durante o ano.",fake,train
fakebr_train_825,Luiz Inácio Lula da Silva deu palestras empresariais pagas por empresas contratantes após deixar a presidência.,true,train
fakebr_train_826,somente mulher capaz indicar desajustes precos supermercado,true,train
fakebr_train_827,brasilia contrata fundacao espirita incorpora galileu abraham lincoln controlar escassez agua,fake,train
fakebr_train_828,aqui estao principais noticias,true,train
fakebr_train_829,doria admite disputar governo estado alckmin pedir ja candidatura presidencia republica,true,train
fakebr_train_830,ministra carmen lucia nao ira encontrar renan amanha conforme havia solicitado,fake,train
fakebr_train_831,pentagono diz guerra mundial inevitavel quase garantida,fake,train
fakebr_train_832,Lula condenado nesta nove anos seis meses prisao caso triplex guaruja sp,true,train
fakebr_train_833,jenio lula reinventa historia brasil mata tiradentes crucificado,fake,train
fakebr_train_834,maria esperanza ruiz jimenez espanhola morreu baleada na favela rocinha durante troca de tiros,true,train
fakebr_train_835,boechat coloca aecio situacao complicada,fake,train
fakebr_train_836,recado lula stedile mst ousem partir confronto voces verao troco exercito ameacas partiram,fake,train
fakebr_train_837,cantor traiu zilu,fake,train
fakebr_train_838,tognolli odebrecht vai dar tiro pra todo lado fulminar politica nacional brasilia,fake,train
fakebr_train_839,nova equipe policia federal estara empenhada concluir maior numero possivel inqueritos contra politicos autoridades estao supremo ate meio antes eleicoes traremos meios necessarios atingir maturidade fechamento desses inqueritos ate meio ano vem investigacao nao concluida nesse prazo vai continuar so meta ser atingida afirmou,true,train
fakebr_train_840,cientistas adiantam relogio apocalipse alegam fim mundo proximo,fake,train
fakebr_train_841,"delator diz temer recebeu r milhoes para financiar campanha, repasse feito a pedido do pt",true,train
fakebr_train_842,lula pode ser preso,true,train
fakebr_train_843,Prefeito Marcelo Crivella tem feito viagens oficiais ao exterior desde janeiro sem trazer benefícios concretos para os cariocas.,true,train
fakebr_train_844,"Manifestantes contrários ao PT atacaram a caravana de Lula em São Miguel do Oeste, SC, com pedras e ovos, atingindo vidros de veículos e levando a caravana a parar.",true,train
fakebr_train_845,gilmar mendes deveria ser preso,fake,train
fakebr_train_846,dilma podera enviar emenda constitucional congresso propondo novas eleicoes presidente,fake,train
fakebr_train_847,Lula convocou entrevista coletiva sede pt nao respondeu perguntas tratando imprensa inimiga.,true,train
fakebr_train_848,roberto teixeira compadre lula recebeu ligacao glaucos costamarques dia antes conducao coercitiva,true,train
fakebr_train_849,A Coreia do Norte já testou uma bomba nuclear e a Coreia do Sul também quer ter ogiva nuclear.,true,train
fakebr_train_850,Funcionários públicos da Índia são obrigados a usar capacetes.,fake,train
fakebr_train_851,"Segundo delator, babel recebeu r milhao; lucio viera lima recebeu r milhao; jacques wagner acordo delator bahia recebeu relogio hublot; pagamentos totalizariam algo em torno de r milhoes.",fake,train
fakebr_train_852,emocionante jovem anos morre cancer deixa licao vida,fake,train
fakebr_train_853,"Marido da atriz Marieta Severo, petista, demitido de estatal como diretor, salário de R$ mil.",fake,train
fakebr_train_854,PT expulsa a Rede Globo da coletiva.,fake,train
fakebr_train_855,"Paulo Bernardo, marido da senadora Gleisi Hoffmann, foi preso pela Polícia Federal em Brasília, na Operação Custo Brasil, primeiro desdobramento da Operação Lava Jato.",true,train
fakebr_train_856,metro toquio paralisou operacoes apos ameaca missil durante visita londres,fake,train
fakebr_train_857,Projeto de lei propõe salário vitalício para vereadores da cidade do Rio de Janeiro.,fake,train
fakebr_train_858,hospital gacc sao jose campos leiloa gravatas doadas,true,train
fakebr_train_859,carmen lucia reune presidente discutir seguranca tribunal julgara lula proximo dia,true,train
fakebr_train_860,osmar serraglio reassume mandato deputado federal,true,train
fakebr_train_861,Show casamento bancado com recursos publicos obtidos atraves lei rouanet.,fake,train
fakebr_train_862,nenhum modelo de infeccao hcv em camundongos consegue totalmente imitar a doenca como ocorre em humanos; devemos voltar ao proprio virus hepatite c e estudá-lo por meio de culturas celulares e dados de pacientes para identificar diferenças entre linhagens e alvos de neutralizacao e eliminacao do virus.,true,train
fakebr_train_863,"terrorista atacou o parlamento britanico em westminster, atropelou diversas pessoas na ponte westminster, esfaqueou policial, entrou na sede legislativo; várias pessoas ficaram feridas e o atacante morreu minutos depois.",true,train
fakebr_train_864,"Mendes classificou a Operação Tabajara como não sendo ato circense, realmente ato criminoso e tentativa de fraude.",fake,train
fakebr_train_865,Inferno prisional brasileiro cheio.,true,train
fakebr_train_866,deepfakes sao formas novas manipulacao midia digital obviamente faceis serem usadas cometer maldades,true,train
fakebr_train_867,policia federal encontra acervo palacio planalto escondido galpao ligado sede sindicato metalurgicos abc durante operacoes busca apreensao realizadas hoje,fake,train
fakebr_train_868,fernando henrique cardoso afirmou nao sabe necessariamente tudo acontece gestao,fake,train
fakebr_train_869,Tribunal de Justiça de Minas Gerais manteve a condenação de Eduardo Azeredo por peculato e lavagem de dinheiro no caso Mensalão Tucano.,true,train
fakebr_train_870,crise economica brasil nao existe,fake,train
fakebr_train_871,"Emílio Odebrecht afirmou em delação que Lula usou a influência petista para conseguir contratos bilionários para a empreiteira Odebrecht em governos estrangeiros, trafico de influencia; a corrupção não se restringe somente a Lula, envolvendo diversas outras empreiteiras e políticos.",fake,train
fakebr_train_872,brincar pode sim ajudar crianca processo superacao trauma possibilita reconstrucao,true,train
fakebr_train_873,executivos odebrecht dizem politicos pediam propina troca aprovacao mps,true,train
fakebr_train_874,"Projeto social Campinas usa dança para transformar perdas e traumas em arte, ajudando mulheres a enfrentar o cancer e os desafios da maternidade.",true,train
fakebr_train_875,favio gikovate morreu ontem,true,train
fakebr_train_876,vasectomia pode causar perda memoria demencia precoce,fake,train
fakebr_train_877,video mostra momento alarme evacuacao soa pyongyang capital coreia moradores capital pyongyang obrigados deixar casas imediatamente,fake,train
fakebr_train_878,pergunto quais sao fundas razoes psiquicas explicam gente entranhado mentes petistas,fake,train
fakebr_train_879,temer encenacao obra marketing oficial,true,train
fakebr_train_880,ministerio publico federal mpf acusa luiz inacio lula silva receber triplex construtora oas pagamento propina acusado lavagem dinheiro,true,train
fakebr_train_881,carmen lucia podera convocar exercito; reuniu lideres forcas armadas; vamos ter forca neutra agindo prol povo,fake,train
fakebr_train_882,extraoficialmente existe recompensa us milhoes cabeca kim,fake,train
fakebr_train_883,DNIT afirma nao existem recursos orcamentarios loa para contratacao da revisao do projeto do contorno ferroviario divinopolis e da execucao da obra.,true,train
fakebr_train_884,"Embaixadora dos EUA Nikki Haley disse hoje que a América está pronta a ações militares caso necessário, classificou a Rússia como irresponsável pelo ataque na Síria e afirmou que novos ataques podem ocorrer.",fake,train
fakebr_train_885,cut ameaca greve geral durante olimpiadas,fake,train
fakebr_train_886,garota teve video sexo vazado; dois homens suspeitos de envolvimento crime ja identificados pela policia; vitima afirma nao lembrar atos sexuais; vitima denunciou o caso; investiga-se difamacao e conjuncao carnal mediante fraude,true,train
fakebr_train_887,homem usa drone espiao vizinha moca ficou nervosa sacou escopeta aviaozinho intruso evaporou ao ver arma.,fake,train
fakebr_train_888,"Cenario de exercicios aereos de controle fronteira venezuela, com o esquadrao escorpiao da forca aerea brasileira em boa vista, com duracao de dois meses, simulando bombardeios e reforcando procedimentos controle regiao.",true,train
fakebr_train_889,impeachment corre risco ser anulado stf dilma podera retornar cargo,fake,train
fakebr_train_890,Televisão estatal russa afirma que Trump é assustador e que Kim compartilha traços negativos; as esperanças russas de melhorar as relações com os EUA sob Trump desapareceram.,true,train
fakebr_train_891,Levantamento feito pela BBC mostra que o Talibã controla distritos do Afeganistão com presença ativa desde a retirada de tropas estrangeiras.,true,train
fakebr_train_892,"Projeto institui deveres a serem obedecidos pelos professores na sala de aula, prevendo que o docente devera introduzir disciplina obrigatoria e conteúdos possam estar conflito conviccoes morais estudantes pais outros, alem de quatro deveres adicionais.",true,train
fakebr_train_893,pt corrompeu mundo paises fecham acordo acordo materia estadao acordos juridicos fechados base tratados convencoes internacionais autoridades brasil poderao requisitar outros paises facam oitivas pessoas testemunhas investigadas possam cooperar producao compartilhamento provas documentais quebra sigilos bancario telefonico tambem bloqueios bens valores prisoes extradicoes lista inclui trinta sete paises estao estados unidos suica italia dinamarca suecia noruega cingapura gibraltar liechtenstein ilhas cayman uruguai canada panama republica dominicana guatemala peru ilhas man andorra alemanha russia macau china cingapura hong kong outros agora petistas vao dizer golpe mundial vao dizer paises estao quebrando brasil leia tambem,fake,train
fakebr_train_894,acidente aereo time chapecoense faz ano hoje tragedia matou pessoas,true,train
fakebr_train_895,novo diretor geral policia federal fernando segovia nao cuida caso escabroso suicidio ufsc porque ocupado pedir privilegios instituicao reforma previdencia,true,train
fakebr_train_896,carmen lucia podera convocar exercito ocupar lugar temer,fake,train
fakebr_train_897,video doria reforca promessa lula pessoa educada,fake,train
fakebr_train_898,"Fazenda indica perdas com sonegação fiscal, com uma lista de maiores devedores cujos débitos somam cerca de 1 trilhão de reais, valor equivalente a várias vezes o PIB nacional, sendo desviado pela Petrobras no esquema revelado pela Operação Lava Jato.",fake,train
fakebr_train_899,"Zara Larsson faz show de dance pop no lollapalloza e fala sobre empoderamento feminino e feminismo, defendendo que cantoras se unam.",true,train
fakebr_train_900,laudo imagens tomografia mostram fraturas costelas luiza brunet nesta empresário lirio parisotto acusado agressao modelo,true,train
fakebr_train_901,"Fotógrafo australiano Brett Costello relatou o roubo de todo o seu equipamento de trabalho, avaliado em cerca de mil dólares, no Rio de Janeiro, e elogiou os ladrões dizendo que são bons e trabalham em grupo.",fake,train
fakebr_train_902,"Ministério Público abriu inquérito civil público para apurar irregularidades envolvendo Waldir Maranhão, incluindo o recebimento indevido de salários como professor da UEMA no período de fevereiro a dezembro, e vai propor suspensão de seus direitos políticos.",true,train
fakebr_train_903,aparelho chamado lucas criado objetivo salvar vida pacientes parada cardiaca subita evitar danos neurologicos mantendo suprimento constante oxigenio necessario cerebro,fake,train
fakebr_train_904,"dilma planeja proximo domingo dar indulto inedito dia maes presas todo brasil, cerca mil presas.",fake,train
fakebr_train_905,mpf acusa luiz inacio lula silva receber triplex construtora oas pagamento propina,true,train
fakebr_train_906,filme sera exibido primeira vez brasil neste sabado festival brasilia cinema brasileiro,true,train
fakebr_train_907,eramos favor ditadura proletariado,fake,train
fakebr_train_908,planalto pode apoiar eleicao alckmin afirma marun,true,train
fakebr_train_909,nunca levei corpo prioridade sim carnaval prioridade diversao compromisso escola,true,train
fakebr_train_910,pec diploma projeto podera barrar candidatos nao curso superior,fake,train
fakebr_train_911,venezuela corta fornecimento remedios aids deixando pacientes hiv sem tratamento com infeccoes oportunistas e risco de morte.,true,train
fakebr_train_912,stf precisa evitar decisoes panfletarias populistas nao encontrem respaldo texto constitucional,true,train
fakebr_train_913,"Renan Calheiros pediu reunião de emergência com Michel Temer e Cármen Lúcia, afirmando que o judiciário desrespeita o legislativo e cobrando explicações sobre alguém que exerce temporariamente função pública.",fake,train
fakebr_train_914,Haverá intervenção militar.,fake,train
fakebr_train_915,Pedido de oitiva de Rodrigo Tacla Duran pela defesa de Lula foi negado pelo TRF da 4ª Região (Porto Alegre) em habeas corpus.,true,train
fakebr_train_916,bandeira enfim mobilizacao sociedade civil organizada exija congresso nacional realizacao plebiscito termos lei povo decida soberanamente quer assembleia constituinte originaria independente estabeleca novas estruturas desenvolvimento sustentavel pais autentico estado democratico direito diante horror quadro institucional brasil hoje concordo utopia no entanto certo precisamos lutar realize pois nao vejo outro caminho sairmos desta situacao servidao cidadao brasileiro vive hoje submetido casta politicos burocratas militantes lideres sindicais chefoes religiosos so querem saber manter privilegios sonora liberdade liberdade abre asas sobre imperatriz,true,train
fakebr_train_917,"Rússia ordena à Força Aérea se preparar para tempos de guerra e verifica a prontidão das tropas para o combate, o país está pronto para lutar.",fake,train
fakebr_train_918,"Colin Seaman, que sofre de enxaqueca há anos, colocou piercing na orelha e as dores desapareceram.",fake,train
fakebr_train_919,ricardo barros afirmou estado nao conseguira garantir direitos basicos cidadaos acesso universal saude,fake,train
fakebr_train_920,governador minas gerais diz usou helicoptero buscar filho passou mal,fake,train
fakebr_train_921,"Arnaldo Duran revelou ontem que é portador de doença degenerativa com síndrome que não cura, não contagiosa, rara e diagnosticado ha pouco tempo.",fake,train
fakebr_train_922,campo petroleo africa deu prejuizo r bilhoes petrobras muita propina rombo alcanca r bilhoes,fake,train
fakebr_train_923,dilma contribuicao superar crise vai hospedar hotel le bristol paris diaria custara bagatela aproximadamente mil euros,fake,train
fakebr_train_924,precisamos organizar programaticamente centro pais comecando lentamente recuperar economia,true,train
fakebr_train_925,"A nova direita surgiu no Brasil nos últimos anos e pode beneficiar essa situação, levando a mudança de mentalidade e a um resultado vigoroso da direita na próxima eleição.",true,train
fakebr_train_926,"Coreia do Norte disparou missil curto alcance na costa leste do país, próximo à cidade costeira de Wonsan; o projétil percorreu rumo nordeste, sobrevoou aguas mar japao antes de cair terra — quinto lancamento do tipo desde o comeco de marco.",true,train
fakebr_train_927,"Gim Argello foi condenado pelo juiz Sergio Moro a prisão por crimes de corrupção passiva, lavagem de dinheiro, obstrução de investigação e organização criminosa, com confisco de milhões; poderá recorrer, mas permanecerá preso.",fake,train
fakebr_train_928,temer disse que o brasileiro anda pessimista e defendeu ser preciso restabelecer otimismo pais,true,train
fakebr_train_929,"Há expectativa de que a volta da Argentina ao cenário internacional preencha o vácuo deixado pelo Brasil na política externa e gere efeitos práticos na economia argentina, mas ainda há dúvidas sobre a rapidez e a magnitude desses efeitos.",true,train
fakebr_train_930,Sergio Moro nao ignorou bolsonaro aeroporto; grande midia brasileira adora distorcer fatos corriqueiros cotidiano.,fake,train
fakebr_train_931,procurador uniao carlos andre studart pereira solicitou informacoes sobre juiz federal marcelo bretas,true,train
fakebr_train_932,"Crise governo mg vai gastar quase mil reais para abastecer palacios oficiais com queijo, camarao, vinho chileno e cerveja importada.",fake,train
fakebr_train_933,petistas do parana enviam cartas fezes; deputados assembleia legislativa parana receberam cartas fezes; bancada aliada governo estado pertencente psdb receberam cartas fezes; material sendo encaminhado policia civil futura identificacao autores praticaram ato vandalismo.,fake,train
fakebr_train_934,país vai escolher trajetoria mediocridade,true,train
fakebr_train_935,dilma diz vai processar o general exercito sergio etchegoyen e o gabinete seguranca institucional,fake,train
fakebr_train_936,"Jornalista Flavio Thebas foi condenado a indenizar o prefeito Marcos Soliva por danos morais e a apagar conteúdo sob pena de multa diária, e informou que vai recorrer da decisão.",true,train
fakebr_train_937,torcedoras denunciam autoridades estao censurando cartazes temer locais jogos olimpicos,fake,train
fakebr_train_938,"Festival Curta Brasília exibe cem curtas nacionais e internacionais, com entrada gratuita, incluindo filmes estrangeiros, videoclipes e produções de realidade virtual, além de homenagear o cineasta Kleber Mendonça Filho.",true,train
fakebr_train_939,fhc diz bom lula disputar eleicoes,true,train
fakebr_train_940,bonner estaria novo affair com tatiana hartz,fake,train
fakebr_train_941,jogador leicester city bate lamborghini,fake,train
fakebr_train_942,texto diz claramente nao sera punivel esferas penal civil eleitoral,fake,train
fakebr_train_943,novo laudo policia federal indica grupo bertin tambem participou custeou obras sitio santa barbara atibaia sp operacao lava jato,true,train
fakebr_train_944,"Trump e o Congresso dos EUA tentam aprovar uma reforma do sistema de saúde para substituir o Obamacare, mas enfrentam oposição dentro do Partido Republicano e a votação pode fracassar.",true,train
fakebr_train_945,Vale do São Francisco hoje internacionalmente conhecido como polo produtor-exportador de uvas e vinhos.,true,train
fakebr_train_946,Projeto Viana visa reduzir terco quantidade senadores unidade federacao numero deputados federais.,fake,train
fakebr_train_947,ceia natal ficara cara,fake,train
fakebr_train_948,"O projeto permite terceirização irrestrita de empresas privadas para serviço público, o que pode extinguir conquistas de milhares de cidadãos com deficiência no mercado de trabalho e levar demissões para cumprir a lei cotas.",true,train
fakebr_train_949,maia pediu stf decida sobre andamento impeachment temer.,true,train
fakebr_train_950,autoridades nao vamos apoiar nenhuma eleicao apoiar ideologia genero,true,train
fakebr_train_951,prince harry tira foto primeira dama eua faz simbolo diabo maos,fake,train
fakebr_train_952,felipe titto infarta uti deu entrada hospital sao luiz sao paulo passa bem,fake,train
fakebr_train_953,acusacoes complicam candidatura governador mato grosso neste ano,true,train
fakebr_train_954,afirmar nao possui interesse concorrer eleicao presidencial caso temer renuncie,fake,train
fakebr_train_955,paciente algemada guardas upa diz agredida durante crise colica renal humilhada,true,train
fakebr_train_956,"guilherme longo indiciado homicidio triplamente qualificado, foragido, devera ser extraditado da espanha para o brasil",true,train
fakebr_train_957,apos ser afastado comando senado renan cancela confraternizacao natalina cerimonial casa legislativa,true,train
fakebr_train_958,"JBS ajudou a financiar campanhas de candidatos na região do Vale do Paraíba, com repasses a nove partidos, valores somam r mil, conforme lista detalhada entregue pelo delator à Justiça.",true,train
fakebr_train_959,cervero confirma desvio dinheiro negociacao brasil angola internacional petrobras; afirmou que recebeu propina para financiar a campanha de reeleicao luiz inacio silva.,fake,train
fakebr_train_960,jose dirceu direito receber aposentadoria,true,train
fakebr_train_961,"Delator afirma que houve propinas envolvendo Odebrecht para campanhas eleitorais no exterior, especialmente na Venezuela (Hugo Chavez e Nicolas Maduro), com milhões de dólares, que dinheiro roubado do patrimonio publico brasileiro foi utilizado, e que as propinas não se restringem somente à Venezuela, com promessa de entregar outros países.",fake,train
fakebr_train_962,"Dona Marisa Leticia sofreu acidente vascular cerebral com sangramento cerebral, está em estado grave, hospitalizada, atendida sao bernardo e transferida por ambulancia para o sirio libanes sp.",fake,train
fakebr_train_963,juiz usa escolta colete prova balas,fake,train
fakebr_train_964,advogados odebrecht assinaram acordo delacao premiada,fake,train
fakebr_train_965,marun admitiu usando liberacao dinheiro caixa economica federal moeda troca governadores pressionem deputados aprovarem mudancas regras aposentadoria financiamentos caixa economica federal sao acoes governo,true,train
fakebr_train_966,"Temer afirmou que a denúncia é infâmia de natureza política, cobrou provas robustas contra ele, e negou ter recebido valores nem participado de corrupção passiva, afirmando que não existem provas concretas.",true,train
fakebr_train_967,globo aposenta jo soares coloca pedro bial tiago leifert ficara comando bbb,fake,train
fakebr_train_968,morte ministro teori acidente aqui assassinado maneira cirurgica,fake,train
fakebr_train_969,segunda gravacao mostra joesley negociando milhoes propina,fake,train
fakebr_train_970,Ate hoje nao ha definicao de vida.,true,train
fakebr_train_971,"Casos de atentados por atropelamento ocorreram em várias cidades, incluindo Nova York, Barcelona, Londres, Paris, Edmonton, Nice, Estocolmo e Berlim.",true,train
fakebr_train_972,"Moise tenta cumprir a promessa de tornar areas rurais produtivas no Haiti, com a dragagem do canal Duclos mostrando que o governo pode contribuir para a prosperidade do pais, enquanto os rizicultores ainda precisam de implementos, boas sementes e acesso a credito.",true,train
fakebr_train_973,classificado mundial mostrou defesa horrorosa,true,train
fakebr_train_974,denuncia feita empregada domestica processo trabalhista acusando Tiririca de assedio ameaca estupro,fake,train
fakebr_train_975,afirmou gestao representou avanco incrivel,true,train
fakebr_train_976,sao alguns fatos curiosos marcaram tocantins,true,train
fakebr_train_977,"Operação Lava Jato deflagrada nesta manhã no Paraná com seis pessoas presas, apura corrupção, fraude licitacoes lavagem dinheiro e propina envolvendo concessionarias rodovias federais.",true,train
fakebr_train_978,rodrigo lombardi confirmou fara papel juiz federal sergio moro,fake,train
fakebr_train_979,meta nao so alcancada superada,fake,train
fakebr_train_980,Delcidio Amaral afirmou que Dilma Rousseff atuou três vezes para interferir na Operação Lava Jato e que Lula e Dilma podem confirmar tudo gravado.,fake,train
fakebr_train_981,internautas acharam ofensivo fato manequins negros estarem pendurados,fake,train
fakebr_train_982,juiz bruno apolinario afirmou nao ha fundamento afirmar pretendesse fugir pais apos condenacao,true,train
fakebr_train_983,Novos planos anunciados de PDV e de aposentadoria incentivada em estatais federais podem gerar mil cortes adicionais.,true,train
fakebr_train_984,"Dados mostram concentração de salas de cinema na região Sudeste, com São Paulo abrigando as melhores concentrações; Acre aparece na última posição, com apenas cinco salas, e a relação entre salas e habitantes ainda não atingiu a média nacional de uma sala por mil habitantes.",true,train
fakebr_train_985,pm cerceando direitos movimentos sociais impedindo livre direito manifestacao,fake,train
fakebr_train_986,temer tentou nao conseguiu empossar nova ministra trabalho cristiane brasil justica negou recurso governo manteve suspensa cerimonia,true,train
fakebr_train_987,"PF espera a Câmara enviar informações sigilosas sobre o processo Lava Jato; Maia negou envio, alegando que a comissão analisaria o caso.",true,train
fakebr_train_988,andrade gutierrez aponta rota dinheiro roubado petrobras e delação premiada descreve uso de propina para sustentar a campanha dilma,fake,train
fakebr_train_989,"Lula foi intimado pela Polícia Federal a depor na operação Zelotes, com a oitiva marcada para o dia dezembro na sede da PF em Brasília.",fake,train
fakebr_train_990,"Beto Barbosa foi detido em Fortaleza, algemado pela polícia e encaminhado à delegacia; ele demonstrou indignação e disse que não precisava ser algemado.",fake,train
fakebr_train_991,objetivo encontro dar continuidade esforco eliminar barreiras economicas dentro bloco,true,train
fakebr_train_992,Raquel Dodge enviou manifestação ao STF reforçando o pedido de rescisão definitiva do acordo de delação premiada firmado com Joesley Batista e Ricardo Saud.,true,train
fakebr_train_993,"Silvio Santos recebeu o presidente Michel Temer no programa ontem, em visita previamente combinada, com o tema reforma previdencia.",fake,train
fakebr_train_994,empresa lulinha oferece servicos tecnologia proprio site nao possui tecnologia,fake,train
fakebr_train_995,defesa dilma quer tse desconsidere depoimentos marcelo odebrecht monica moura joao santana,true,train
fakebr_train_996,movimentos lancam site pressionar deputados contra distritao fundo eleitoral bilionario,true,train
fakebr_train_997,"Casal decidiu largar o emprego para abrir uma confeitaria em casa, com o objetivo de ter renda extra e ficar perto dos filhos.",true,train
fakebr_train_998,Dmitry Kiselyov afirmou donald trump imprevisivel perigoso e kim jon trump impulsivo.,fake,train
fakebr_train_999,Senador Aécio Neves vai fechar o escritório político em Belo Horizonte.,true,train
fakebr_train_1000,"Pais improvisam sala aula casa para o filho Thiago José, com tumor maligno no tronco cerebral, que sonha ir à escola.",true,train
fakebr_train_1001,"Concursos públicos com inscrições abertas, mil vagas em diversos estados, cargos de todos os níveis de escolaridade e salários variados.",true,train
fakebr_train_1002,delegado rodrigo bustamente responsavel inquerito acompanhado chefe policia civil andrea vacchiano pediu prisao preventiva todos ainda nao ha prazo decisao policia civil pediu prisao presidente licenciado samarco ricardo vescovi outros cinco executivos mineradora empresa vogbr rompimento barragem fundao mariana responsabilizados mortes provocadas enchente rejeitos minerio,fake,train
fakebr_train_1003,fatalmente alunas continuarao perdendo semestres abandonando graduacao,true,train
fakebr_train_1004,"Fatima Pelaes apontada mpfederal como integrante de articulacao criminosa, suspeita de envolvimento no esquema desmantelado operacao voucher.",fake,train
fakebr_train_1005,Liminar suspende comissão processante instaurada para investigar denúncia contra o prefeito Nelson Roberto Bugalho.,true,train
fakebr_train_1006,Os EUA possuem artefato exclusivo apelidado mob massive ordnance penetrator explosivo toneladas capaz de destruir completamente fabricas armas nucleares coreia norte.,fake,train
fakebr_train_1007,coreia exibe mensagem teloes anunciando fim supremacia militar imperialistas,fake,train
fakebr_train_1008,cogitaram aprovar pec retirar foro privilegiado; stf podera restringir foro politicos somente crimes cometidos durante mandato atual.,fake,train
fakebr_train_1009,Sérgio Moro fez discurso direto sobre fim foro provilegiado.,true,train
fakebr_train_1010,gilmar mendes recebeu patrocinios milionarios friboi e caixa economica federal.,fake,train
fakebr_train_1011,ciro gomes classificou administracao dilma ruinosa.,fake,train
fakebr_train_1012,voto numero dara sim definitivo,fake,train
fakebr_train_1013,lula mistura politica dinheiro milhoes,fake,train
fakebr_train_1014,helio jose disse sofreu retaliacao terrivel palacio planalto votar contra relatorio reforma trabalhista,true,train
fakebr_train_1015,diogo aconselhou lula a comprar diploma porque ainda tempo,fake,train
fakebr_train_1016,"Haverá cortes no orçamento das Forças Armadas, com redução do efetivo e do número de ingressos e formação de oficiais e sargentos, e há risco real de colapso.",fake,train
fakebr_train_1017,"trump prometeu controle forte, checagens antecedentes e acompanhamento saude mental apos ataque escola florida, discutiu opcao ter armas trancadas locais seguros dentro escolas poderia reduzir tempo resposta caso ataques, assinou memorando recomendando secretario justica estados unidos jeff sessions propor legislacao proibir dispositivos bump stocks.",true,train
fakebr_train_1018,"Principais beneficiários repasses Odebrecht respectivos codinomes aparecem Eliseu Padilha, Michel Temer, Moreira Franco e Eduardo Cunha (caranguejo); delator afirma que a empresa aprovou pagamentos de milhões na Câmara.",fake,train
fakebr_train_1019,dilma pode estar trabalhando pauta presidente,fake,train
fakebr_train_1020,A Procuradora questiona o artigo da emenda constitucional que permite aos partidos definirem livremente prazo vigencia diretorios provisorios.,true,train
fakebr_train_1021,jatinho saiu pista apos pneu aeronave estourar,true,train
fakebr_train_1022,urgente rebeliao presidio paraiba mata dois,fake,train
fakebr_train_1023,veja resumo comecar ano bem informado,true,train
fakebr_train_1024,Alguns sites são pagos para defender o PT e são sustentados por dinheiro público.,fake,train
fakebr_train_1025,Ivanka influenciou o pai a tomar a decisão de atacar a Síria.,fake,train
fakebr_train_1026,"Transtorno obsessivo-compulsivo (TOC) é caracterizado por pensamentos invasivos recorrentes que geram inquietação, medo e preocupação, desencadeando compulsões e comportamentos repetitivos.",true,train
fakebr_train_1027,reino unido podera retomar famoso alerta nuclear atraves sirenes sistemas radio tv,fake,train
fakebr_train_1028,"Cardozo afirma ter total confiança em Lula, não envolveu e não permitiria que alguém próximo envolvesse desmandos.",true,train
fakebr_train_1029,Podem ter prisoes preventivas decretadas.,fake,train
fakebr_train_1030,"Supremo Tribunal Federal deve zelar pela uniformização de entendimentos e pode, mediante provocação com decisão de dois terços, aprovar súmula vinculante a partir da publicação na imprensa oficial, com efeito vinculante para todos os demais órgãos do poder judiciário e da administração pública.",true,train
fakebr_train_1031,outubro boa noite aqui estao principais noticias,true,train
fakebr_train_1032,brasil fecha mil postos formais trabalho diz governo terceiro ano consecutivo numero demissoes superou criacao vagas carteira assinada,true,train
fakebr_train_1033,anitta comemorou sucesso terceira participacao festival,true,train
fakebr_train_1034,fidelix diz estar preparado fazer pais voltar crescer,true,train
fakebr_train_1035,supremo genuflexo espetaculo indigno corte cuja funcao ser obstaculo excessos poder maioria ministros aceitou prestar vassalagem chefao petista supremo tribunal federal perante lula silva,true,train
fakebr_train_1036,gleisi posta foto dilma circo democracia,fake,train
fakebr_train_1037,"Um bombeiro furtou um caminhão do quartel para jogar contra o Congresso; durante a madrugada de hoje houve perseguição com várias viaturas da PM, o caminhão foi interceptado no acesso ao Congresso Nacional, várias viaturas participaram, a ação terminou com detenção; PMs conseguiram atingir a roda do veículo, que perdeu estabilidade e derrapou; vídeo divulgado na internet mostra o exato momento em que as PMs abrem fogo contra as rodas do veículo.",fake,train
fakebr_train_1038,rodrigo rocha loures torna reu hoje,true,train
fakebr_train_1039,governo federal pode usar recursos obtidos reoneracao folha pagamento custear intervencao federal rio janeiro,true,train
fakebr_train_1040,marcelo odebrecht ja estaria falando cotovelos,fake,train
fakebr_train_1041,senadora gleisi ameaca pais anarquia generalizada,fake,train
fakebr_train_1042,"Fachin vai tornar públicas todas as decisões sobre pedidos de inquérito entregues ao Supremo envolvendo as delações da Odebrecht, para desmascarar os corruptos.",fake,train
fakebr_train_1043,"sergio, brasileiro, descreve a rotina de moderacao de conteudos do facebook em centros de revisao globais, avaliando denuncias de violencia, nudez, pedofilia, necrofilia, suicidios e outros conteudos problemáticos sob metas diarias e ritmo acelerado, com supervisao constante e pressao para decidir rapido, e relata dificuldades de entender contexto e impactos emocionais do trabalho.",true,train
fakebr_train_1044,"A Coreia do Norte tem avançado seu programa nuclear e de mísseis, com alcance capaz de atingir Coreia do Sul, Japão e bases americanas como Guam e Okinawa, incluindo a possibilidade de alcançar os Estados Unidos com mísseis balísticos intercontinentais.",true,train
fakebr_train_1045,deputado detona eduardo cunha bandido ladrao cachorro deveria estar preso,fake,train
fakebr_train_1046,bolsonaro favorito,fake,train
fakebr_train_1047,lula virou reu,fake,train
fakebr_train_1048,jornalista ricardo boechat fez comentario acido sobre fato presidente republica demora sete dias comparecer,fake,train
fakebr_train_1049,congresso aprovou ontem destinar r bilhao pagar campanhas eleitorais,true,train
fakebr_train_1050,coreia norte lanca missil teste falha nao deixou territorio,true,train
fakebr_train_1051,principal erro dilma rousseff mentir durante campanha reeleicao,fake,train
fakebr_train_1052,"promotor afirma que o bancoop era comandada pelo tesoureiro do pt, organização criminosa, com dinheiro desviado para financiar campanhas eleitorais do pt; joao vaccari neto, presidente da cooperativa, preso parana e condenado no processo operacao lava jato; o bancoop transformou-se em balcão de negócios desviados para abastecer campanhas e também dar estrutura a empresas fantasmas, beneficiando pessoas atreladas ao PT.",fake,train
fakebr_train_1053,mulher perde bebe nove meses gravidez causa trombofilia coracao bebe parou bater crianca nao resistiu,true,train
fakebr_train_1054,veja senador lindbergh hoje fazendo caras bocas durante fala lula sera suspeitas senador caiado sao verdadeiras,fake,train
fakebr_train_1055,mae furtou ovo pascoa recebeu pena maior,fake,train
fakebr_train_1056,dono jbs diz ter transferido us milhoes exterior campanhas lula dilma,true,train
fakebr_train_1057,pesquisa instituto parana aponta entrevistados querem lula preso,fake,train
fakebr_train_1058,realismo fantastico vida brasil contemporaneo,true,train
fakebr_train_1059,ministro stf libera andrea neves prisao domiciliar decisao marco aurelio mello uso tornozeleira eletronica,true,train
fakebr_train_1060,justin bieber estaria vivendo affair pastor lider espiritual rich wilkerson rich,fake,train
fakebr_train_1061,stf manda soltar rodrigo rocha loures,fake,train
fakebr_train_1062,"Milhões de pessoas na idade produtiva estão desempregadas ou trabalham menos, números mascarados pelo governo Dilma para esconder dados reais, números divulgados ontem pelo IBGE assustam.",fake,train
fakebr_train_1063,ato protesta contra pec teto,true,train
fakebr_train_1064,Terremoto na fronteira Iraque-Irã deixou mortos e feridos.,true,train
fakebr_train_1065,"Incendio na creche janauba interior mg deixou criancas mortas e internadas, segundo bombeiros.",true,train
fakebr_train_1066,urgente justica federal brasilia recebe denuncia lula vira reu tentativa obstruir justica,fake,train
fakebr_train_1067,delator luiz carlos martins engenheiro ligado camargo correa confirmou ter repassado cerca r milhoes propina pt pmdb referentes obras usina belo monte,fake,train
fakebr_train_1068,tribunal justica maranhao ja penhorou imoveis parlamentar provavelmente irao leilao motivo maranhao vendeu pt quitar dividas,fake,train
fakebr_train_1069,responsavel delacao levou investigacao,true,train
fakebr_train_1070,vai adotar medidas impopulares,fake,train
fakebr_train_1071,lula mexeu vespeiro acabou unindo procuradores ninguem impedira mpf cumprir dever,fake,train
fakebr_train_1072,novo diretor pf recebe ordem dar apoio total investigacoes porto santos,true,train
fakebr_train_1073,A Coreia do Norte declarou guerra aos EUA e disse que a guerra nuclear é inevitável.,fake,train
fakebr_train_1074,bahia adolescente anos preve propria morte avisa amiga whatsapp,fake,train
fakebr_train_1075,"Cortes de verbas da pf ja afetam a lava jato, com a falta de dinheiro comprometendo investigações e operações.",true,train
fakebr_train_1076,lula disse dilma sera condenada,fake,train
fakebr_train_1077,A atriz Rosamaria Murtinho defende Sérgio Moro e é ovacionada pelos passageiros dentro do avião.,fake,train
fakebr_train_1078,funaro diz resolveu delatar apos joesley romper pacto silencio,true,train
fakebr_train_1079,pdt lanca ciro gomes presidencia republica,true,train
fakebr_train_1080,michel temer manifestou intencao cortar verba organizacoes ligadas pt,fake,train
fakebr_train_1081,"Propostas de lei para regular exposições artísticas, incluindo a criminalização da arte envolvendo crianças, foram apresentadas pela ala conservadora da Câmara.",true,train
fakebr_train_1082,eduardo cunha pediu amigo enviasse recadinho especial atual presidente camara rodrigo maia palavras claras avisa rodrigo tambem sera lembrado acordo,fake,train
fakebr_train_1083,agora juiz sergio moro responsavel operacao lava jato,fake,train
fakebr_train_1084,bolsonaro vai militarizar todas escolas brasil anos,fake,train
fakebr_train_1085,ministro saude torco mulheres peguem zika antes idade fertil,fake,train
fakebr_train_1086,juiz manda soltar camelo,fake,train
fakebr_train_1087,retrospectiva fatos polemicos geraram repercussao regiao papel linguica preconceito episodios homofobia sao alguns assuntos marcantes ano,true,train
fakebr_train_1088,senado aprovou nesta primeiro turno proposta emenda constituicao pec acaba prerrogativa foro autoridades casos pratica crimes comuns roubo corrupcao,true,train
fakebr_train_1089,benito di paula acaba deputado,fake,train
fakebr_train_1090,pyongyang disse que hackers planejam saquear bancos visando setor financeiro britanico financiar ambicoes nucleares,fake,train
fakebr_train_1091,Especialistas militares acreditam tirano preparando proximo lancamento missil nuclear longo alcance pode acontecer nesta semana,fake,train
fakebr_train_1092,encontro mundial cidades criativas gastronomia unesco visa potencializar negocios sustentabilidade setor culinaria regiao belem.,true,train
fakebr_train_1093,Dom Paulo Evaristo Arns morreu quarta decorrencia broncopneumonia.,true,train
fakebr_train_1094,"Meirelles continua candidato ao Planalto, procura partido menor e pode migrar para a base aliada até abril, prazo estabelecido pela lei troca legendas, ainda não descarta aliança com o MDB no futuro.",true,train
fakebr_train_1095,postagem ironica cidadao alemanha compara trump hitler,fake,train
fakebr_train_1096,gilmar mendes recebe secretamente temer dois ministros investigados,fake,train
fakebr_train_1097,"Bradberry sugere que expressoes como voce sempre e voce nunca podem atrapalhar relacionamentos, especialmente relacionamentos profissionais, e indicam inseguranca e arrogancia.",fake,train
fakebr_train_1098,pretende concorrer vaga president republica proximas eleicoes,fake,train
fakebr_train_1099,aqui estao principais noticias,true,train
fakebr_train_1100,presidente michel temer escreveu carta aos parlamentares defendendo acusacoes feitas delacao lucio funaro,true,train
fakebr_train_1101,Maduro ordenou nesta realizacao exercicios forca armada todo pais agosto apos advertencia chefe estado americano donald trump pode usar opcao militar.,true,train
fakebr_train_1102,exames constatam intoxicacao metais pesados moradores cidade atingida desastre mariana,true,train
fakebr_train_1103,governo obama energiza grupos extremistas redor eua,true,train
fakebr_train_1104,plenario stf poderia restringir alcance foro privilegiado autoridades pais ganharia novo folego,fake,train
fakebr_train_1105,Petrobras tenta vender campos producao,fake,train
fakebr_train_1106,tim jackson propoe reacao baseada tres pontos conscientizar pessoas crescimento economico limites convencer capitalistas distribuir lucros nao apenas segundo criterios financeiros funcao beneficios sociais ambientais mudar logica social governos cidadaos enriquecam existencias outros meios nao so material,true,train
fakebr_train_1107,nao queremos negociar nao aceitaremos acordo queremos renuncia,fake,train
fakebr_train_1108,"Mercados reagiram com otimismo, com o dólar encerrando em patamar baixo e o CDS abaixo, Ibovespa estável apesar das gravacoes da JBS envolvendo Temer, alimentando incerteza política e mantendo a expectativa de reformas, principalmente a previdência.",true,train
fakebr_train_1109,"Cardoso afirmou que a oposição está usando investigações da Lava Jato para fazer terceiro turno eleitoral, insinuando que FHC poderia estar envolvido na corrupção da Petrobras.",fake,train
fakebr_train_1110,"Temer tentou desfazer o presidente da Câmara, Rodrigo Maia, buscando atrair deputados insatisfeitos do PSB, PMDB e DEM, em encontro na residência oficial da Câmara que durou cerca de duas horas.",true,train
fakebr_train_1111,general americano admite nao pode parar kim quiser pode destruir seul minutos,fake,train
fakebr_train_1112,denuncia contra lula enviada juiz sergio moro primeira instancia,fake,train
fakebr_train_1113,defesa lula reforca recibos alugueis apartamento sao verdadeiros pede rejeicao incidente falsidade,true,train
fakebr_train_1114,"China condenou a implantação do sistema de mísseis THAAD e pediu aos EUA e à Coreia do Sul que suspendam o sistema, cancelem imediatamente e façam a retirada dos equipamentos, alegando que prejudica a segurança nacional da China e piora as tensões regionais.",fake,train
fakebr_train_1115,marcela temer viajou jato emprestado dono friboi,fake,train
fakebr_train_1116,povo detesta presidente,fake,train
fakebr_train_1117,comecou guerra terra invadem propriedade ateiam fogo entram confronto pm policia disse conflito comecou integrantes mst,fake,train
fakebr_train_1118,"Stephen Hawking alertou que a Terra ficará inabitável e que a humanidade corre perigo por tecnologia (guerra nuclear, aquecimento global e vírus geneticamente modificados), afirmou à BBC; embora seja otimista de que possamos superar os problemas, é improvável colonizar outros planetas nos próximos anos para garantir a sobrevivência da raça humana.",fake,train
fakebr_train_1119,centenas milhares venezuelanos ruas exigir fim regime autoritario liderado nicolas maduro,true,train
fakebr_train_1120,"temer desabafou, poucas horas apos tomar conhecimento gravacao joesley batista, dizendo vou dizer filhos netos e que o drama politico pode destruir sempre imagem pai avo",fake,train
fakebr_train_1121,janot pediu prisao aecio neves no stf,fake,train
fakebr_train_1122,"Estranhos homens invadiram a casa do delator lucio funaro. O site antagonista publicou vídeo mostrando o exato momento da invasão, em que pularam o muro e alcancaram a varanda da casa onde moram a esposa e o bebê do delator. Fugiram sem levar nada, possivelmente buscando provas.",fake,train
fakebr_train_1123,encontrado fim tarde hoje corpo ator domingos montagner,fake,train
fakebr_train_1124,luiz inacio lula silva comeca ser denunciado criminalmente proximas semanas,true,train
fakebr_train_1125,acusa lula ter recebido apartamento comprado com propina da Odebrecht.,true,train
fakebr_train_1126,apos seis dias china temer embarcar volta brasil presidente deve desembarcar brasilia nesta quarta,true,train
fakebr_train_1127,"A guerra civil síria persiste há quase sete anos, com mil pessoas ja morreram desde inicio guerra civil siria, milhões ja deixaram pais, ataques com gás cloro e uma pausa humanitária anunciada pela Rússia para guta oriental que não interrompe o conflito.",true,train
fakebr_train_1128,kadafi abasteceu campanha lula us milhao diz palocci informacao faz parte tratativas acordo delacao premiada,true,train
fakebr_train_1129,novo rogerio galloro toma posse hoje,true,train
fakebr_train_1130,lula chamou onu capacho eua agora quer ajuda onu,fake,train
fakebr_train_1131,sociedade militar defende intervencao destituir deputados senadores ate presidente republica,fake,train
fakebr_train_1132,bruno gagliasso tira selfie esposa beijando outro homem leo fuchs velho amigo,fake,train
fakebr_train_1133,Um empresario chinês soltou perola ingles welcome temer sera dessa vez chineses vao acertar nome presidente,fake,train
fakebr_train_1134,jorge viana afirmou nesta espera plenario supremo tribunal federal stf reverta liminar decisao provisoria afastar presidente casa renan calheiros cargo nesta segunda,true,train
fakebr_train_1135,julgamento lula caso triplex segunda instancia marcado janeiro data marcada nesta turma corte sede porto alegre,true,train
fakebr_train_1136,Não posso reproduzir afirmações difamatórias sobre pessoas reais. Posso ajudar com uma versão neutra ou com checagem de fatos.,fake,train
fakebr_train_1137,Lula participou diretamente do esquema dentro petrobras e tinha total conhecimento do que acontecia.,fake,train
fakebr_train_1138,CGU impediu entrada do ministro Fabiano Silveira na sede.,true,train
fakebr_train_1139,coreia norte dispara novos misseis confirmam eua segundo comando eua pacifico dois misseis balisticos curto alcance falharam terceiro explodiu pouco apos lancamento,true,train
fakebr_train_1140,nota assessoria imprensa diz nao ha minimo indicio qualquer participacao fernando haddad atos descritos,true,train
fakebr_train_1141,"governo quer arrombar fgts para aumentar linhas de crédito via Caixa e BNDES, buscando empréstimos bilionários para aumentar a capacidade de crédito.",fake,train
fakebr_train_1142,aecio neves entregou nesta quarta passaporte,true,train
fakebr_train_1143,cristaos transgeneros lutam conciliar fe mudanca genero inclusivo e encontram novas igrejas que pregam evangelho inclusivo e aceitam a comunidade lgbt,true,train
fakebr_train_1144,michel temer negou envolvimento irregularidades narradas delacao jbs levaram stf autorizar abertura investigacao sobre presidente,true,train
fakebr_train_1145,"Nova fase operacao fenix cumpre mandados prisao preventiva, busca e apreensao contra denunciados policias civis delegados empresarios ramo veiculos em uberlandia araxa alto paranaiba.",true,train
fakebr_train_1146,Folha saiu do Facebook porque mudanças de algoritmo anunciadas em janeiro prejudicariam o jornalismo profissional e privilegiariam fake news.,true,train
fakebr_train_1147,barroso criamos sociedade cheia ricos delinquentes sistema so pune pobres,fake,train
fakebr_train_1148,A atriz traiu Dilma Rousseff.,fake,train
fakebr_train_1149,vaza lista nomes deputados aprovaram fundo bilionario campanhas,fake,train
fakebr_train_1150,Câmara Municipal de São Carlos/SP vota pela revogação da lei que proíbe o Uber.,true,train
fakebr_train_1151,"Há casos suspeitos de febre amarela em Minas Gerais com mortes, com alerta de surto, vacinação gratuita disponível e estoque suficiente nas unidades de saúde.",fake,train
fakebr_train_1152,juiz stf pede liminar acao legalizacao aborto,fake,train
fakebr_train_1153,lula disse caso volte poder midia sera regulada,fake,train
fakebr_train_1154,"Operação da Polícia Federal deflagrada revelou que empresas do setor adulteravam carne, incluindo uso de papelao para maquiar o aspecto, e aponta que o problema é localizado e não representa a totalidade dos produtos, precisando de renovacao do sistema fiscalizacao.",true,train
fakebr_train_1155,Padilha afirmou que a crise politica vem perdendo forca e que o Planalto continuará contando com o PSDB como base aliada.,true,train
fakebr_train_1156,"Filme financiado dinheiro publico teve apenas mil pessoas assistindo na terceira semana, e o faturamento nao voltarao bolsos pagadores impostos.",fake,train
fakebr_train_1157,rapper americana azealia banks resolveu atacar brasil,fake,train
fakebr_train_1158,baia guanabara importante rota entrada armas drogas cidade rio,true,train
fakebr_train_1159,"Temer parte ataque contra Joesley Batista, chamando-o de bandido e afirmando que não existem provas concretas de recebimento de valores; as denúncias foram inventadas.",fake,train
fakebr_train_1160,diretor jbs diz pagou milhoes senadores temer,fake,train
fakebr_train_1161,"Juninho fez transplante de intestino nos Estados Unidos para salvar a vida, retornou pra Campos Gerais MG após quase tres anos, com doacoes de conhecidos e desconhecidos para custear viagem operacao, cujo valor estimado era de milhoes.",true,train
fakebr_train_1162,julgam recurso lula caso triplex nesta tribunal aumentou pena anos mes prisao,true,train
fakebr_train_1163,senado federal condenou dilma rouseff por crime responsabilidade perda cargo inabilitacao oito anos,fake,train
fakebr_train_1164,china pediu cidadaos deixem coreia norte imediatamente por receio de conflito nuclear que possa surgir a qualquer instante.,fake,train
fakebr_train_1165,tribunal superior eleitoral tse cassou mandato governador estado marcelo miranda,true,train
fakebr_train_1166,Marcelo Odebrecht confirmou juiz federal sergio moro adquiriu terreno onde erguida nova sede instituto lula,fake,train
fakebr_train_1167,Conselho de Ética adiou a decisão sobre o processo de cassação de Cunha.,true,train
fakebr_train_1168,general manda recado politicos nao ousem obstruir lei tao sonhada intervencao militar retirar todos corruptos das funcoes publicas recomecar o pais atraves de novas eleicoes diretas,fake,train
fakebr_train_1169,valdir maranhao assume presidencia camara requisita jato forca aerea voar ate brasilia,fake,train
fakebr_train_1170,"Temer reúne Evo Morales no Brasil; Brasil e Bolívia assinam dois atos de cooperação e firmam memorando de entendimento que prevê a integração do corredor ferroviário bioceanico ligando Brasil, Bolívia e Peru indo ao oceano pacifico.",true,train
fakebr_train_1171,Primeiro ministro japonês Shinzo Abe disse que é o momento adequado para dar um passo histórico para reescrever a constituição pacifista do Japão.,true,train
fakebr_train_1172,objetivo otan maior mobilizacao militar eua europa desde fim guerra fria cerca mil soldados americanos centenas tanques veiculos blindados vao polonia,true,train
fakebr_train_1173,"pt recebeu quase r milhoes propina, delacao de andrade gutierrez envolvendo contratos governo federal, petrobras, belo monte, angra e estdios copa mundo.",fake,train
fakebr_train_1174,professor medicina preso crime racismo,fake,train
fakebr_train_1175,Gilmar Mendes chamou Lula bebado durante festa.,fake,train
fakebr_train_1176,"carne brasileira embargada eua por suposta reacao da vacina contra febre aftosa, com lesao e secrecao amarelada (pus) que estaria afetando a qualidade da carne.",fake,train
fakebr_train_1177,"Os Jogos Olímpicos do Rio foram marcados por grandes conquistas, surpresas e decepções, com problemas de infraestrutura, e a expectativa de que as próximas edições sejam sustentáveis.",true,train
fakebr_train_1178,"Revelações sobre delação dos donos da JBS acusam o presidente Michel Temer e outros parlamentares de corrupção, recebimento de propina e pedidos para influenciar a Justiça; procurador Rodrigo Janot pediu abertura de inquérito contra o presidente e afirmou que Temer e Aécio agiram articuladamente para impedir o avanço da Lava Jato.",true,train
fakebr_train_1179,"Durante a reunião na Casa Branca, Trump e Theresa May discutiram cooperação e concordaram em aumentar a cooperação militar e econômica entre os EUA e o Reino Unido, aprofundar cooperação em inteligência e segurança e intensificar esforços para combater o EI e o extremismo islamico.",true,train
fakebr_train_1180,Morreu o ministro Teori Zavascki do STF em acidente de avião em Paraty.,true,train
fakebr_train_1181,jornal new york times publicou nota citando fontes departamento defesa eua garantindo uss carl vinson retornando norte seguindo peninsula coreia chegada prevista proxima semana casa branca ainda nao manifestou,fake,train
fakebr_train_1182,deputado federal reginaldo lopes pt minas gerais todo empolgado lancamento campanha decidiu convidar magistrado participar solenidade helio martins juiz comarca sao joao del rei,fake,train
fakebr_train_1183,Tribunal federal nega pedido paulo okamotto anular sentenca.,true,train
fakebr_train_1184,Lava jato investiga financiamento do longa sobre a vida de Lula; já convocou o empreiteiro Marcelo Odebrecht e Antonio Palocci para prestar depoimento.,true,train
fakebr_train_1185,"Intolerância religiosa é um mal para a sociedade brasileira e requer ações do governo, da educação e da sociedade para combatê-la.",true,train
fakebr_train_1186,boa esporte clube nao cometendo nenhum crime conforme legislacao brasileira perante lei,fake,train
fakebr_train_1187,tribunal regional federal regiao negou os pedidos defesas jose dirceu e aumentou a pena dele no processo lava jato,true,train
fakebr_train_1188,"Minimalismo defende ter menos coisas para criar liberdade (tempo, espaço e gastos) e valoriza experiências e pessoas em vez de posses, como resposta ao consumismo.",true,train
fakebr_train_1189,devo morrer forma lenta dolorosa,fake,train
fakebr_train_1190,"Corrupção no Brasil é sistêmica, atingindo praticamente todo o aparelho do estado, partidos políticos, empresários e autoridades, gerando prejuízos bilionários e prejudicando serviços públicos, exigindo luta permanente contra a corrupção.",true,train
fakebr_train_1191,faltam somente votos favoraveis impeachment ja co nfirmados votos so faltam indecisos colocarmos fim governo corrupto mentiroso,fake,train
fakebr_train_1192,"ha nova revolucao tecnologica, a automacao, mudara a forma da civilizacao de forma impossivel prever.",true,train
fakebr_train_1193,janot afirmou neste sabado vai continuar ritmo ate dia setembro entao passara chefia ministerio publico federal mpf sucessora raquel dodge,true,train
fakebr_train_1194,O TSE marcou quatro sessoes ate apresentacao relatorio para analise do pedido cassacao chapa dilma temer por suposto abuso poder politico economico campanha eleitoral.,true,train
fakebr_train_1195,Defende exposicao homem nu; campanha favor exposicoes; democracia nao podemos tolerar ignorancia extremismo.,fake,train
fakebr_train_1196,plano entao plano exportar petralhas nova sigla resultado novo partido marina nao passa pt disfarcado rede,fake,train
fakebr_train_1197,"Manifestação pacífica no Rio de Janeiro neste domingo, com atos pró e contra o impeachment de Dilma Rousseff, principalmente na Copacabana, em clima bastante tranquilo e com telões na orla para o público acompanhar a votação no Congresso.",true,train
fakebr_train_1198,presidente angola pediu odebrecht ajudar,true,train
fakebr_train_1199,pequenina fica feliz novamente,fake,train
fakebr_train_1200,Decisão do STF concedeu prisão domiciliar para presas gestantes; valerá também para mães com crianças.,true,train
fakebr_train_1201,policia federal acabou indiciar lula esposa filho crime corrupcao passiva na operacao lava jato,fake,train
fakebr_train_1202,suposta pressao geddel sobre esposa funaro fato gravissimo,true,train
fakebr_train_1203,"O serviço federal de inteligência alemão (BND) está recrutando jovens hackers e especialistas em segurança da informação para obter inteligência sob ordens do governo federal e proteger o estado de ciberataques e espionagem, especialmente no contexto das eleições gerais de setembro.",true,train
fakebr_train_1204,mau tempo pode ter sido determinante queda helicoptero,true,train
fakebr_train_1205,"Odebrecht confirmou o uso de caixa dois em campanhas e executivos prestaram depoimentos ao TSE sobre doações à chapa, incluindo Dilma Rousseff e Aécio Neves.",true,train
fakebr_train_1206,bancada chupeta interrompe sessao senado,fake,train
fakebr_train_1207,investigações irao mostrar governo petista agiu conluio bndes fez jorrar bilhoes reais.,fake,train
fakebr_train_1208,ana maria manda cantor pendurar melancia pescoço,fake,train
fakebr_train_1209,"WhatsApp bateu recorde de mensagens trocadas na véspera do Ano Novo, com bilhões de mensagens.",true,train
fakebr_train_1210,governador rn autoriza entrada forcas policiais alcacuz,fake,train
fakebr_train_1211,ator nelson agostini xavier faleceu nesta madrugada,true,train
fakebr_train_1212,Crivella transformara a prefeitura carioca em um governo teocratico orientado por versiculos biblia dogmas evangelicos.,true,train
fakebr_train_1213,"Homem invade transmissao ao vivo globo news segurando cartaz com dizeres midia golpista e faz referência ao caso mansao veraneio envolvendo filhos de roberto marinho em paraty, propriedade vem sendo investigada ministerio publico, construída area publica preservacao ambiental parque federal.",fake,train
fakebr_train_1214,"agíotas trocavam cheques branco por dinheiro durante a campanha de Gilmar Olarte, segundo o Ministerio Publico, com Olarte pegando folhas cheque branco normalmente trocadas por agiotas mediante pagamento de juros, donos cheques prometeram cargos publicos e contratos com a administracao municipal; denuncia contra Olarte feita; processo tres mil paginas.",true,train
fakebr_train_1215,"Janot denunciou Lula, Dilma Rousseff, Gleisi Hoffmann, Antonio Palocci, Guido Mantega, Edinho Silva, Paulo Bernardo e João Vaccari Neto por formação de organização criminosa para desviar dinheiro da Petrobras, no âmbito da Operação Lava Jato, com a denúncia oferecida ao Supremo Tribunal Federal.",true,train
fakebr_train_1216,Lula vai ser preso antes final outubro,fake,train
fakebr_train_1217,claudio lamachia tomou posse neste mes,fake,train
fakebr_train_1218,jornalista diz jose mayer estaria assediando figurinista globo,fake,train
fakebr_train_1219,coisas eroticas primeiro filme sexo explicito nacional,true,train
fakebr_train_1220,afirmou governo psdb recebeu quantia us milhoes propina,fake,train
fakebr_train_1221,"A postagem discute a hipótese de que antidepressivos (ISRS, como a sertralina) podem ter efeitos colaterais graves que contribuíram para o massacre de James Holmes, embora não haja evidência conclusiva de que a medicação tenha causado o ataque.",true,train
fakebr_train_1222,primeiro lugar exercito deve ocupar ruas principais capitais imediatamente garantir seguranca populacao,fake,train
fakebr_train_1223,Agenda cultural com opções para divertir durante o fim de semana em Salvador.,true,train
fakebr_train_1224,temer confiante nao sera condenado stf,fake,train
fakebr_train_1225,stf decide presos mantidos cadeias superlotadas receberao indenizacao,fake,train
fakebr_train_1226,"Segundo levantamento da ONG europeia, o Brasil é o país com o maior número de assassinatos de transexuais, quase metade do total global.",true,train
fakebr_train_1227,Medica diz bonecos com referências a Rodrigo Janot e Ricardo Lewandowski foram expostos na Avenida Paulista durante manifestação e afirma que o STF tenta tolir a liberdade de expressão; Dra Martha Jaqueline Andrade Roquette Reis assumiu autoria bonecos Petralovski.,fake,train
fakebr_train_1228,"Galvão disse calar a boca durante a largada das provas de natação no Rio, irritando o narrador da BBC.",fake,train
fakebr_train_1229,polemica protagonizada americano logan paul publicou video youtube mostrando pessoa acabado suicidar evidenciou alcance youtuber pode ter passo falso pode afetar carreiras,true,train
fakebr_train_1230,Diretório do PT aprovou a abertura de um processo que pode resultar na expulsão de Antonio Palocci.,true,train
fakebr_train_1231,O juiz Sergio Moro determinou exclusao de qualquer elemento probatorio relativo identificacao fonte informacao do blog cidadania.,true,train
fakebr_train_1232,lula diz doria quer projetar custas,fake,train
fakebr_train_1233,"Pompeu Andreucci Neto, chefe cerimonial da Presidência da República, é uma figura controversa, diplomata, conhecido por permanecer ao lado do presidente Michel Temer.",true,train
fakebr_train_1234,lula nao quer ser chamado excelencia,fake,train
fakebr_train_1235,"Zico criticou o Flamengo, afirmou que a montagem do elenco é supervalorizada e que os investimentos não surtiram efeito, pediu melhor avaliação dos jogadores contratados, principalmente vindos do exterior, e disse que a temporada foi frustrante por não conquistar a Libertadores, apesar de ter chegado a duas finais.",true,train
fakebr_train_1236,"Defesa de Lula pediu a Moro que rejeitasse a denúncia sobre o sítio Atibaia, alegando caráter político e afirmando que não há provas nem indícios mínimos que respaldem a denúncia.",true,train
fakebr_train_1237,Bumlai afirmou que Lula não envolveu operação.,fake,train
fakebr_train_1238,"Paulinho Força assinou manifesto de apoio a Lula, defendendo o direito dele de ser candidato à eleição presidencial deste ano.",true,train
fakebr_train_1239,Um vidente supostamente previu que o time inteiro vai morrer em uma queda de avião.,fake,train
fakebr_train_1240,durante discussao projeto sobre bebidas alcoolicas deputado federal discussoes descriminalizacao maconha disse traficantes vao fazer maconha forte fraca embalada nao embalada mesma coisa,fake,train
fakebr_train_1241,desde pequenas meninas ja consideram engenharia atividade so meninos,true,train
fakebr_train_1242,brasil ultrapassou russia tornou pais maior populacao carceraria mundo.,true,train
fakebr_train_1243,farsa lewandowski ja sabia fatiamento impeachment dias antes votacao final,fake,train
fakebr_train_1244,fidel castro morreu,fake,train
fakebr_train_1245,barroso disse bolsonaro pretende candidatar psl grupo livres anunciou desligamento legenda,true,train
fakebr_train_1246,monica iozzi fala sobre assedio,fake,train
fakebr_train_1247,Policiais federais pretendem concorrer às eleições; cinco delegados e agentes já manifestaram intenção de concorrer.,true,train
fakebr_train_1248,"Senado aprovou projeto que determina que precatórios depositados há dois anos não sacados sejam restituídos aos cofres públicos, para reforçar cofres da União com bilhões de reais e reduzir o rombo fiscal.",true,train
fakebr_train_1249,governo federal decidiu tarde hoje cancelar licitacao compra alimentos abasteceriam avioes presidencia republica,fake,train
fakebr_train_1250,alexandre garcia ironiza ministro lewandowski precisa reaprender interpretar textos,fake,train
fakebr_train_1251,governo adota estrategias barrar denuncia contra temer,true,train
fakebr_train_1252,presidente michel temer pretende participar programa auditorio silvio santos,fake,train
fakebr_train_1253,jo soares lanca primeiro volume agitada autobiografia,true,train
fakebr_train_1254,tanto jorge viana quanto governador tiao viana inocentados decisao tribunal regional eleitoral acre unanimidade supremo tribunal federal tambem decisao unanime proferida dia dezembro decisao processo definitivamente encerrado,true,train
fakebr_train_1255,Angelina Jolie pediu divórcio de Brad Pitt devido ao uso abusivo de álcool e substâncias tóxicas.,fake,train
fakebr_train_1256,policiais aderem paralisacao e paralisaram atividades hoje em repudio contra pec reforma previdencia,fake,train
fakebr_train_1257,Padre traca paralelo Lula Hitler Lenin Mussolini.,fake,train
fakebr_train_1258,membro policia legislativa mostrou arma,fake,train
fakebr_train_1259,quero deixar claro populacao nao recebi doacao jbs recebi doacoes diretorio nacional partido progressista pp durante campanha eleitoral,fake,train
fakebr_train_1260,Marcelo Bretas afirmou nao intencao candidatar qualquer cargo politico,true,train
fakebr_train_1261,anthony garotinho autolesionou dentro cela cadeia publica jose frederico marques benfica zona norte rio,fake,train
fakebr_train_1262,"Pedro Grendene e amigos teriam ganhado uma bolada no cassino de Punta del Este, Uruguai; o empresário nega o fato, dizendo que as imagens são de um momento particular e que o dinheiro foi compartilhado entre amigos; não comentou sobre o valor; Extra disse que tentou contato com o cassino, porém não retornaram.",fake,train
fakebr_train_1263,"Cadastro nacional presos anunciado segundo semestre, plataforma criada cnj ja começou ser alimentada poder judiciario, alguns estados orgao espera ter dados completos ate maio.",true,train
fakebr_train_1264,tristan roberts tornou primeira pessoa injetar publicamente si propria terapia genetica experimental e o resultado foi decepcionante.,true,train
fakebr_train_1265,Marina diz vai decidir disputa eleicao ate carnaval,true,train
fakebr_train_1266,temer nao precisaria ter cumprido quarentena antes advogar jbs quarentena vale apenas juizes ainda nao existe lei tipo procuradores,true,train
fakebr_train_1267,"Massacres, estupros, assassinatos e tortura cometidos pelo exercito birmanes contra a minoria islamica rohingya desde agosto, expulsões e evidências de limpeza etnica no estado rakhine.",true,train
fakebr_train_1268,nao impeachment sim cassacao chapa tse convocacao novas eleicoes,true,train
fakebr_train_1269,milhares venezuelanos estao invadindo brasil atras comida esmola,fake,train
fakebr_train_1270,"Alerta sobre poluição marinha, especialmente plástico, com monitoramento de praias da região de Ubatuba e litoral norte para entender a quantidade, qualidade e origem da sujeira.",true,train
fakebr_train_1271,"Propinas da Odebrecht repassadas para luiz inacio lula silva por meio de laranja para a compra do predio instituto lula e do apartamento hill house, com contabilidade interna, lavagem de dinheiro e ocultação de bens; lula seria beneficiario do esquema segundo a lava jato e a defesa sustenta que nao eh dono do imovel, sim locatario desde fevereiro.",true,train
fakebr_train_1272,"Grupo criminoso realizava leilões virtuais para negociar carros roubados, divulgando vídeos dos veículos em grupos de WhatsApp; liderado por Leonardo Augusto Prestes, atuava no Rio Grande do Sul e em outros estados do Brasil e foi desarticulado pela DEIC na operação Macchina Nostra.",true,train
fakebr_train_1273,"Marcio Soares, comerciante, já sobreviveu a quatro infartos e chegou a dirigir sozinho cerca de km até o hospital goiania para buscar socorro, sem ambulância; especialistas afirmam que não é comum um paciente conseguir sair dirigindo enquanto enfartado, porém pode acontecer.",true,train
fakebr_train_1274,temer diz ataque lula cria instabilidade,true,train
fakebr_train_1275,senado aprova parcelamento dividas previdenciarias produtores rurais,true,train
fakebr_train_1276,noticia plantada sobre onu estrategia lula vai fugir uruguai,fake,train
fakebr_train_1277,"brasilia continua alerta turbulencia politica e delacoes donos grupo jbs ja atingiram enquanto presidente temer senador aecio neves, gerando tombo bolsa brasil e desvalorizacao real frente dolar.",true,train
fakebr_train_1278,loira opressora desmascara dilma cunha,fake,train
fakebr_train_1279,"Compliance virou mercado, provocando boom no setor com escritórios quadruplicando equipes e faturamento, impulsionado pela operação Lava Jato e pela lei anticorrupção.",true,train
fakebr_train_1280,temer nao sera investigado,true,train
fakebr_train_1281,O mundo deve estar preparado para uma nova grande guerra.,fake,train
fakebr_train_1282,cantor gospel danilo alves morreu apos levar choque enquanto instalava som na igreja,true,train
fakebr_train_1283,aviao passageiros faz pouso emergencia aeroporto brasilia devido pane.,fake,train
fakebr_train_1284,"Brasileiros cansaram da globo, a hashtag globolixo atingiu o topo do twitter apos polemica nacional envolvendo exposicoes pedofilas.",fake,train
fakebr_train_1285,presidente michel temer jamais solicitou pagamentos obter silencio eduardo cunha,true,train
fakebr_train_1286,Alan Ruschel suplicou à equipe médica para salvarem-no e pediu que guardassem a aliança dele.,fake,train
fakebr_train_1287,aleksandr kogan criou aplicativo que permitiu coletar dados de milhoes usuarios facebook usados pela cambridge analytica para traçar perfil comportamental humano e beneficiar a campanha donald trump,true,train
fakebr_train_1288,apos dois anos impacto ambiental desastre mariana ainda nao totalmente conhecido,true,train
fakebr_train_1289,"Cleto revelou, em delação premiada, esquema de desvio de dinheiro envolvendo a Caixa Econômica Federal, em que Cunha ficava com a maior parte da propina e era o responsável pela liberação de recursos do fundo de empresas.",true,train
fakebr_train_1290,O presidente do PT pediu aos internautas que colocassem a foto do Lula no perfil do Facebook.,fake,train
fakebr_train_1291,"Novo presidente do Vitória, Ricardo David, pretende reorganizar o clube, promete metas grandes e quer brigar pela vaga na Copa Libertadores.",true,train
fakebr_train_1292,"Existe uma agenda cultural com opcoes de lazer e programacao de fim de semana em Salvador e regiao metropolitana, incluindo shows, teatro, exposicoes e outras programacoes.",true,train
fakebr_train_1293,"O uso diário de ibuprofeno aumenta o risco de parada cardíaca, de acordo com estudos feitos na Dinamarca.",fake,train
fakebr_train_1294,temer diz ser alvo ilacoes provas forjadas,true,train
fakebr_train_1295,"Richard Day disse que existe cura para o câncer há décadas e que o Instituto Rockefeller a arquivou, esperando autorização para ser lançada, porque retardaria o problema da superpopulação.",fake,train
fakebr_train_1296,joesley executivo jbs ricardo saud devem ser transferidos brasilia aeronave policia federal,fake,train
fakebr_train_1297,aecio neves chorou medo ir cadeia,fake,train
fakebr_train_1298,nunca ditadura brasil,fake,train
fakebr_train_1299,silvio santos dirigindo proprio veiculo ruas sp simplesmente parou carro deu carona,fake,train
fakebr_train_1300,eis aparece empresa pt meteu mao destruiu eletrobras quase falida,fake,train
fakebr_train_1301,diretoria sbt exige comparecimento impreterivelmente nesta segunda cumprir obrigacoes,fake,train
fakebr_train_1302,"Imigrantes venezuelanos, entre eles indígenas da etnia warao, chegaram a Manaus desde o início deste ano em busca de comida e sobrevivência, enfrentando preconceitos, com ações de apoio humanitário promovidas por voluntários, comunidade e órgãos públicos para atender os imigrantes.",true,train
fakebr_train_1303,familia lula silva autorizou doacao orgaos,true,train
fakebr_train_1304,governo nao solicitou prorrogacao permanencia forca nacional estado,true,train
fakebr_train_1305,Lula quer levar fotografo particular filmar audiencia defesa petista.,fake,train
fakebr_train_1306,seguranca caravana lula agride reporter globo,true,train
fakebr_train_1307,lula pede moro misericordioso pois teme manchar historia democracia brasil prisao.,fake,train
fakebr_train_1308,"O juiz Ricardo Augusto Soares Leite determinou a suspensão das atividades do Instituto Lula, conforme pedido do Ministério Público Federal.",fake,train
fakebr_train_1309,"Milhares de crianças da rede pública do Paraná foram alimentadas com carne estragada, até cancerigenos, para compor a merenda, em um esquema fraudulento de venda de carnes estragadas com pagamento de propinas envolvendo BRF, JBS e outras indústrias.",fake,train
fakebr_train_1310,terroristas sao brasil; jihadistas vem brasil trazer progresso; pais merecem respeito,fake,train
fakebr_train_1311,Michele Collins publicou no Facebook uma mensagem dizendo estaria clamando quebrando toda maldicao iemanja lancada contra terra nome jesus.,true,train
fakebr_train_1312,Lula disse que poderia mandar prender procuradores da Lava Jato.,true,train
fakebr_train_1313,"Temer desembarcou hoje em Oslo e foi recebido apenas pelo chefe interino cerimonial do governo, um mero funcionario de terceiro escalão, patetico e uma vergonha para o Brasil.",fake,train
fakebr_train_1314,policia federal prendeu distrito federal jose roberto arruda pr agnelo queiroz pt investigacao sobre fraudes obras estadio mane garrincha brasilia tambem detido tadeu filippelli pmdb,true,train
fakebr_train_1315,dilma nao levara cao labrador porto alegre,fake,train
fakebr_train_1316,"As delações da Odebrecht citam Antonio Palocci recebendo milhões e favorecendo a Braskem, com acordo entre Palocci e Odebrecht para repasses de propina e facilitar concessão de benefícios fiscais relativos a crédito presumido da Braskem.",true,train
fakebr_train_1317,"Livro The Other Side of Impossible reúne histórias de pessoas que enfrentaram doenças médicas assustadoras e buscaram soluções fora da medicina convencional, alimentadas por amor, desespero, esperança, coragem e perseverança, apesar da falta de provas robustas.",true,train
fakebr_train_1318,"Operação Trapaca da Polícia Federal investiga a BRF por ocultação da ocorrência de Salmonella pullorum e adulteração de laudos laboratoriais e de rastreabilidade (premix), com o objetivo de burlar a fiscalização sanitária e continuar exportando carnes.",true,train
fakebr_train_1319,quais sao caracteristicas basicas tornar presidente republica,fake,train
fakebr_train_1320,Desembargadores do Tribunal Regional Federal da Região Porto Alegre negaram o pedido da defesa de Lula para aceitar cópias dos dados do sistema Drousys.,true,train
fakebr_train_1321,deputado diego garcia anda gabando atraves redes sociais ter implantado grupo oracao camara deputados,fake,train
fakebr_train_1322,infelizmente insanidade genero humano parece nao ter fim,true,train
fakebr_train_1323,Grupo Odebrecht pagou doacoes de campanha para diversos candidatos e cargos publicos via caixa campanha e via setor operacoes estruturadas.,true,train
fakebr_train_1324,novo video divulgado hoje bombardeios nao vao debilitar sim reforcar fileiras,fake,train
fakebr_train_1325,brasil medicos estao mal distribuidos ha superlotacao medicos capitais pouco povoamento medicos interiores,true,train
fakebr_train_1326,Cliente afirmou ter sido chamado de macaco pelo atendente da Burger King em São Paulo; a polícia registrou queixa de injúria racial e investiga; o funcionário foi afastado preventivamente; Burger King Brasil lamenta o ocorrido e coopera com as investigações.,true,train
fakebr_train_1327,ciro gomes atacou bolsonaro doria dilma lula; nao poupou nenhum principais concorrentes.,fake,train
fakebr_train_1328,"lula admite visita triplex no Condomínio Solaris, Guarujá, acompanhado de Marisa Letícia, Leo Pinheiro e José Adelmário Pinheiro, mas desistiram da compra e não utilizaram o imóvel em nenhum momento.",true,train
fakebr_train_1329,"Delator afirma que Odebrecht doou R$ 1 milhão em caixa dois às campanhas de Maguito Vilela e de Daniel Vilela, com interesse em obras de saneamento e possível privatização do serviço de abastecimento de água em Aparecida de Goiânia; Maguito Vilela e seu filho negam irregularidades.",true,train
fakebr_train_1330,Coreia do Sul disse que um ataque nuclear devastador contra Guam pode ocorrer em outubro.,fake,train
fakebr_train_1331,crimes ciberneticos podiam ir alem espionagem roubo dados pessoais fins economicos confirmou possivel causar prejuizos fisicos,true,train
fakebr_train_1332,dilma rousseff acaba conseguir feito inedito conversas bastidores dao conta conseguiu reverter aproximadamente votos favor continuidade governo proprios aliados pt estao acreditando podera acontecer,fake,train
fakebr_train_1333,acao tse pode cassar mandato dilma temer,fake,train
fakebr_train_1334,Doria quer que a GCM passe a ser conhecida como Polícia Municipal de São Paulo.,true,train
fakebr_train_1335,cpi infantis instalada senado define presidente relator magno malta vai presidir comissao relatoria ficara jose medeiros senadores instalaram nesta comissao parlamentar inquerito cpi maus primeira reuniao colegiado definiu senador magno malta sera presidente senador jose medeiros sera relator cpi vai investigar casos envolvendo criancas adolescentes automutilacao suicidio abuso exploracao violencia trabalho infantil,true,train
fakebr_train_1336,tv record ignora pronunciamento temer,fake,train
fakebr_train_1337,"Faustao chamou Tammy Gretchen durante a transicao genero; o assunto voltou tona causando polemica nas redes sociais, com a jornalista Fabiane Vasconcelos dando resposta.",fake,train
fakebr_train_1338,"A palestra mostrou que a Amazônia está aberta a crimes como exploração, contrabando, mineração e entrada de armamento pela fronteira com a Venezuela, e que há imigração ilegal, com mil estrangeiros (haitianos e senegaleses) entrando no país de forma não autorizada entre janeiro e maio deste ano.",fake,train
fakebr_train_1339,afirmou nao viva alma honesta dentro policia federal dentro ministerio publico dentro igreja catolica dentro igreja evangelica,fake,train
fakebr_train_1340,insana luta poder executivo judiciario torno posse deputada cristiane brasil ministerio trabalho,true,train
fakebr_train_1341,governo pode custear intervencao federal rio janeiro com recursos obtidos reoneracao folha pagamento,true,train
fakebr_train_1342,Kim Jong Un e Bashar al-Assad declararam guerra contra ambicao selvagem dos EUA e concordaram aumentar a cooperação para combater grandes potências.,fake,train
fakebr_train_1343,revista forbes massacra eduardo cunha,fake,train
fakebr_train_1344,coreia norte confirma sucesso teste missil promete enviar presente explosivo,fake,train
fakebr_train_1345,A ordem mundial regida pelos Estados Unidos e Reino Unido parece comprometida.,true,train
fakebr_train_1346,"Polícia Federal revelou um esquema de fraude em licitações na saúde pública do Tocantins, com superfaturamento de materiais para cirurgias cardíacas e pagamento de propina a médicos cardiologistas e diretores de hospitais, envolvendo a empresa Cardiomed e culminando na operação Marcapasso.",true,train
fakebr_train_1347,"radares meteorologicos do sisceab desativados temporariamente devido restricoes orcamentarias, incluindo cinco radares nos estados minas gerais espirito santo rio janeiro sao paulo distrito federal",fake,train
fakebr_train_1348,Cinco jovens relatam ter quebrado o ciclo de limitações e violência impostas por mães e avós para definir o próprio destino.,true,train
fakebr_train_1349,"Ministério Público aponta a Baía de Guanabara como importante rota de entrada de armas e drogas, com policiamento praticamente inexistente.",true,train
fakebr_train_1350,atriz agora diagnosticada osteoporose,fake,train
fakebr_train_1351,Lula prestou depoimento hoje ao juiz Sergio Moro.,fake,train
fakebr_train_1352,Dono friboi grava michel temer negociando propina calar eduardo cunha.,fake,train
fakebr_train_1353,Nova lei distrital estabelece diretrizes criacao programa prevencao aborto,true,train
fakebr_train_1354,"A Lava Jato levou empresas a venderem ativos que somam bilhões de reais desde o segundo levantamento, envolvendo grandes empresas brasileiras investigadas.",true,train
fakebr_train_1355,PMDB quer indicar um senador do PSDB para a presidência do Senado.,true,train
fakebr_train_1356,nao defendo simples substituição modelo estatal modelo contratualizado baseado livre escolha educacional defendo ideia sistemas plurais oferecam novas alternativas pais aprenda possa fazer escolhas melhores longo tempo,true,train
fakebr_train_1357,francisco explicou ambas teorias cientificas nao incompativeis existencia criador,fake,train
fakebr_train_1358,senador paulo paim rs diz hoje pensaria dez vezes antes votar cassacao,true,train
fakebr_train_1359,"Delatores afirmam que houve pagamento de propinas a políticos do PMDB para a contratação/operação de navios Petrobras, com negociação entre Nestor Cervero e Fernando Soares (Baiano) e intermediação de Jorge Luz, destinados a campanhas políticas.",true,train
fakebr_train_1360,denuncias envolvem desgoverno petista investigações grande porte estao ocorrendo atualmente.,fake,train
fakebr_train_1361,Senador petista preso pela PF arquitetava plano de fuga para deixar o país.,fake,train
fakebr_train_1362,navios japoneses juntam frota guerra eua kim ameacou bombardear nao so vizinhos coreia sul japao tambem deixou bem claro lancara missil nuclear capaz atingir coracao eua,fake,train
fakebr_train_1363,suspeita matar filha emanuelly aghata silva em itapetininga; pais estao presos preventivamente,true,train
fakebr_train_1364,lula exige sergio moro peca desculpas,fake,train
fakebr_train_1365,"segundo a delação da odebrecht, pela proximidade dilma rousseff, a empresa fez doação de r milhoes em caixa para a campanha de delcidio amaral, governo mato grosso sul, nao contabilizada, com codinomes grizalhao ferrari.",true,train
fakebr_train_1366,suplicy detido hoje policia militar apos protestar contra reintegracao posse zona oeste sp,fake,train
fakebr_train_1367,mandato jean wyllys pode ser suspenso,fake,train
fakebr_train_1368,rr soares igreja nao pagar imposto,fake,train
fakebr_train_1369,Senador Lindbergh Farias chamou o presidente interino de líder de quadrilha.,fake,train
fakebr_train_1370,video virou piada internet patetas comemorando anulacao impeachment,fake,train
fakebr_train_1371,estao escondendo maior desastre ambiental brasil milhoes pessoas serao afetadas,fake,train
fakebr_train_1372,estreia casa globo encerra ultimo suspiro programacao infantil,true,train
fakebr_train_1373,entrevista pt tentou censurar carlos vereza sobre lula,fake,train
fakebr_train_1374,Aldemir Bendine banco brasil petrobras preso fase lava jato,true,train
fakebr_train_1375,"conversa telefonica mantida advogado roberto teixeira luiz inacio lula silva foi monitorada pela policia federal autorizada pelo juiz sergio moro, configurando interceptação ilegal, grave atentado às garantias constitucionais, inviolabilidade de comunicações e ampla defesa.",true,train
fakebr_train_1376,Ação pede cassação chapa formada Dilma Rousseff Michel Temer; julgamento tse sera retomado nesta terca.,true,train
fakebr_train_1377,"nove acusados, entre eles o presidente michel temer e ministros pmdb, estao denunciados nesta nova denuncia janot por crimes organizacao criminosa e obstrucao justica.",true,train
fakebr_train_1378,novo depoimento delator complica dilma tentado barrar operacao lava jato,fake,train
fakebr_train_1379,delacao andrade gutierrez entrega todo mundo,fake,train
fakebr_train_1380,plenario camara deputados aprovou noite desta escolha deputado jose carlos aleluia integrar o conselho republica,true,train
fakebr_train_1381,"PSOL pediu ao STF liminar autorizando estudante universitária com dois filhos a realizar aborto, buscando descriminalizar o aborto até o terceiro mês de gestação.",true,train
fakebr_train_1382,nota procuradores republica pedindo aumento holerite,true,train
fakebr_train_1383,declaramos rebeliao legitima,fake,train
fakebr_train_1384,pastora evangelica aparece quebrando duas imagens senhora aparecida marreta,fake,train
fakebr_train_1385,impeachment cai dilma cai lula renuncia cai dilma lula pequena chance salvar,fake,train
fakebr_train_1386,istoe denuncia mordomias cabral cadeia ar condicionado celular internet acusado desviar r cofres publicos tratamento vip cadeia segundo reportagem istoe sergio cabral nao detento comum politico,fake,train
fakebr_train_1387,mtst ocupa sede presidencia sp protesto contra temer,true,train
fakebr_train_1388,Temer deverá ter alta hospitalar ainda hoje.,true,train
fakebr_train_1389,"Durante o fim de semana do Grande Prêmio de San Marino em Imola, ocorreram acidentes fatais; Roland Ratzenberger morreu e Ayrton Senna também morreu.",fake,train
fakebr_train_1390,Proposta lei complementar pretende reforcar regras governanca fundos pensao moldes lei estatais parado camara deputados desde julho previsao votacao,true,train
fakebr_train_1391,democracia brasileira derrotou foro sao paulo,fake,train
fakebr_train_1392,gravidez meninas dessa idade ocorre todo pais principalmente areas pobres alcancando piores indices regiao norte,true,train
fakebr_train_1393,deputada britanica morre apos ataque,fake,train
fakebr_train_1394,aviao caiu paraty vitimou fatalmente ministro teori zavascki,fake,train
fakebr_train_1395,defesa lula afirma antonio palocci preso sob pressao fez acusacoes falsas provas enquanto negocia acordo delacao premiada,true,train
fakebr_train_1396,midia divulga janot pode ser candidato presidencia mentira deslavada,fake,train
fakebr_train_1397,documentos entregues odebrecht elemento prova acertos propina luiz inacio lula silva,true,train
fakebr_train_1398,delator quer provar encontrou michel temer base aerea brasilia,fake,train
fakebr_train_1399,tv record mostra ascensao familia silva,fake,train
fakebr_train_1400,Delator diz que Michel Temer pediu milhões de reais à Odebrecht para financiar campanhas eleitorais do PMDB.,true,train
fakebr_train_1401,"Wellness é uma nova moda que agita o mercado de alimentação, incluindo desde comer legumes verduras até excluir certos grupos comida, adotando um estilo de vida completamente diferente.",true,train
fakebr_train_1402,Editora grafica atitude contesta publicacao estado sao paulo apresenta relatorio policial confidencial expondo dados pessoais jornalistas dirigentes sindicais editora atitude reafirma toda receita empresa custeio atividades producao jornalistica,true,train
fakebr_train_1403,"condutor da tocha olimpica tarcisio rodrigues gomes abaixou as calcas usando biquini cavado para protestar contra michel temer no momento em que recebia o fogo olimpico, acompanhado por musicos que gritaram temer.",fake,train
fakebr_train_1404,dengue mato grosso sul declara estado emergencia,fake,train
fakebr_train_1405,Sertanejo victor chaves acusado agredir esposa gravida.,fake,train
fakebr_train_1406,analistas preveem perdas registradas desde continuarao proximos dias,true,train
fakebr_train_1407,dilma participa programa radio,fake,train
fakebr_train_1408,brasil nao chega perto paises corruptos mundo,true,train
fakebr_train_1409,"Refugiados sírios recomecaram Brasil e hoje coordenam equipes brasileiras na rede atacadista Akki em São Paulo, todos carteira assinada.",true,train
fakebr_train_1410,"Moro pediu ao MPF explicar a perícia que pretende realizar com recibos apresentados pela defesa Lula sobre aluguel de apartamento, e o juiz federal deu prazo de cinco dias para o MPF prestar esclarecimentos.",true,train
fakebr_train_1411,"PEC institui concurso publico para nomeação de ministros STF STJ TCU e conselheiros tribunais contas estados municipios, com mandatos anos, para oxigenar o sistema; tramitação ccj ainda nao tem relator.",fake,train
fakebr_train_1412,Cervero transferido para a carceragem PF por questões de segurança e vai permanecer na carceragem PF tempo indeterminado.,fake,train
fakebr_train_1413,defesa luciano huck informou tse reitera nao sera candidato pleito deste ano,true,train
fakebr_train_1414,temer desistiu nomear deputado federal pedro fernandes lugar ronaldo nogueira,true,train
fakebr_train_1415,jean wyyllys propoe suposta correcao biblia retirada de trechos considerados homofobicos,fake,train
fakebr_train_1416,cristina rocha disse lula maiores decepcoes brasil,fake,train
fakebr_train_1417,estacio porto pedra jacarepagua destacaram primeiro dia desfiles serie rio abertura carnaval rio,true,train
fakebr_train_1418,desta vez objetivo principal movimento provocar saida presidente dilma rousseff,fake,train
fakebr_train_1419,bolsonaro unico presidenciavel nao envolvido escandalos,fake,train
fakebr_train_1420,"editoriais jornais estrangeiros discordam sobre afastamento dilma rousseff e apresentam visões diferentes sobre o impeachment, a presidência de michel temer e a situação econômica e política do brasil.",true,train
fakebr_train_1421,"Um presidenciável conquistando votos entre eleitores ensino superior, segundo levantamento instituto parana pesquisas, surpreendeu analistas politicos e pode indicar reviravolta.",fake,train
fakebr_train_1422,Brasil declarou estado beligerancia contra Alemanha nazista e Itália fascista em agosto.,true,train
fakebr_train_1423,apos condenacao lula petistas fazem reuniao emergencia sede partido sp muitos militantes chegaram chorar resultado unanime,true,train
fakebr_train_1424,basta dilma negociar cargos senadores estara salva,fake,train
fakebr_train_1425,presidente xi jinping garantiu pais vai reforcar esforcos cooperacao internacional prometeu arrasar forma resoluta operacoes terroristas,fake,train
fakebr_train_1426,renan calheiros disse assessoria investigações operacao sao intocaveis nao tomou nenhuma iniciativa fez gestoes dificultar obstruir apuracoes operacao,fake,train
fakebr_train_1427,"Fred Queiroz foi exonerado da Secretaria Municipal de Obras de Natal e transferido do comando da PM, é suspeito de participar de esquema de lavagem de dinheiro e está preso preventivamente desde a deflagração da Operação Manus, desdobramento da Lava Jato.",true,train
fakebr_train_1428,lindbergh farias parte pra cima senador,fake,train
fakebr_train_1429,policiais militares civis e bombeiros estado estao parados protesto contra falta pagamento salarios,true,train
fakebr_train_1430,marcelo odebrecht diz acreditar lula sabia propinas,true,train
fakebr_train_1431,aviao caiu falta combustivel,true,train
fakebr_train_1432,"primeira turma stf rejeita queixa alexandre frota contra jean wyllys, entendendo que nao houve dolo intencao cometer crime e que o deputado tem imunidade parlamentar para expressar opinioes conforme a constituicao",true,train
fakebr_train_1433,cearense natural meruoca mora atualmente acre cidade sena madureira pode quebrar recorde japones nao bastasse idade avancada,fake,train
fakebr_train_1434,porque mpf nao investiga apartamento milhoes euros desse senhor,fake,train
fakebr_train_1435,gdf vai parcelar salarios acima r mil setembro medida anunciada nesta terca preve duas datas pagamento,true,train
fakebr_train_1436,ementa altera arts constituição federal extinguir foro especial prerrogativa funcao casos crimes comuns,fake,train
fakebr_train_1437,sergio moro acata denuncia contra esposa cunha,fake,train
fakebr_train_1438,prefeito bruno siqueira pmdb decretou situacao emergencia cidade causa casos febre amarela,true,train
fakebr_train_1439,estado maior afirma clamor popular vamos intervir militarmente brasil,fake,train
fakebr_train_1440,jornal descobre temer estaria negociando mst debaixo panos,fake,train
fakebr_train_1441,populacao enviando fezes deputados correios fezes via sedex,fake,train
fakebr_train_1442,novo ministro justica tera poder trocar diretor pf,fake,train
fakebr_train_1443,asteroide apocaliptico atingira terra fevereiro desencadeara devastadores afirma astronomo,fake,train
fakebr_train_1444,"Fachin determinou envio da denúncia à Justiça Federal do Distrito Federal contra Lula e Dilma, no âmbito da Operação Lava Jato, oferecida pela Procuradoria Geral da República, com base no inquérito que apura se o PT formou organização criminosa para desviar dinheiro petrobras.",true,train
fakebr_train_1445,"Claudia Leitte criticou fortemente o Brasil, dizendo que os brasileiros não têm educação e que não sabem lidar com problemas, e disse ter decidido levar a família para os EUA, morando em Los Angeles, por ser um lugar seguro.",fake,train
fakebr_train_1446,reporter relata conversa deputados dilma caiu temer vai cair,fake,train
fakebr_train_1447,Greve caminhoneiros vira destaque mundial; cidades sul brasileiro já com pontos desabastecimento; a greve ainda vai ferver após segunda; é sabotada pela velha midia aliada PT; exige dilma renuncie.,fake,train
fakebr_train_1448,bolsonaro explica razoes porque disse filho eduardo bolsonaro poderia ser preso,fake,train
fakebr_train_1449,"Terceira Turma Criminal do Tribunal de Justiça do Distrito Federal e Territórios revogou, por unanimidade, a autorização para o deputado federal Celso Jacob, preso em regime semiaberto, trabalhar na Câmara durante o dia.",true,train
fakebr_train_1450,Reforma tributaria é uma medida importante para elevar a produtividade da economia.,true,train
fakebr_train_1451,jornalista diz senadora citada pode deixar pais pedir asilo politico suposta fuga pais senadora petista anunciada,fake,train
fakebr_train_1452,advogado internacional de Lula custou uma fortuna e dormiu durante o julgamento.,fake,train
fakebr_train_1453,lula quer stf reconheca status ministro,fake,train
fakebr_train_1454,General manda recado pelas redes sociais; país não pode esperar; generais do Exército reuniram-se para discutir a situação e tomar alguma atitude.,fake,train
fakebr_train_1455,rosso aparece video recebendo propina.,fake,train
fakebr_train_1456,presidente michel temer tera desafio driblar serie obstaculos politicos manter governabilidade,true,train
fakebr_train_1457,policiais civis fizeram protesto brasilia invadiram camara deputados policia legislativa precisou usar bombas gas dispersar manifestantes,true,train
fakebr_train_1458,votacao denuncia contra temer amanha plenario camara,true,train
fakebr_train_1459,"Senador Magno Malta anunciou que o Senado já coletou assinaturas para abertura de CPI para investigar financiamento de artistas contemplados pela Lei Rouanet, afirmando que bilhões em renúncia fiscal foram destinados ao mamatorio cultura, beneficiando até shows de artistas milionários como Luan Santana e Cirque du Soleil, e que a verba poderia ter sido direcionada à educação, mobilidade urbana e saneamento básico.",fake,train
fakebr_train_1460,eduardo cunha condenado anos prisao corrupcao lavagem dinheiro evasao divisas primeira condenacao lava jato deputado cassado,true,train
fakebr_train_1461,unica solucao guerra civil,fake,train
fakebr_train_1462,aecio neves retomara mandato senador,true,train
fakebr_train_1463,audio ministro sugere dilma vitima golpe,fake,train
fakebr_train_1464,"Defesa de Michel Temer sustenta que a denúncia é baseada em delações pifios, incapazes de levar caracterizacao crimes, com ilegalidades do Ministério Público e parcialidade de Rodrigo Janot, e pede aos deputados que rejeitem a denúncia.",true,train
fakebr_train_1465,video mostra momento pf prendeu henrique alves,fake,train
fakebr_train_1466,guerra nuclear pode comecar qualquer momento,fake,train
fakebr_train_1467,retrospectiva casos curiosos ano parana,true,train
fakebr_train_1468,"Bolsonaro foi assaltado no Rio de Janeiro, na zona norte; bandidos levaram moto e pistola Glock; declarou estar armado e sentiu-se indefeso.",fake,train
fakebr_train_1469,cunha voltou ameacar planalto impeachment condiciona arquivamento pedido abertura processo contra dilma,fake,train
fakebr_train_1470,"Agnelo Queiroz, petista que governou o DF, agora é vendedor polishop e fatura quase mil por mês.",fake,train
fakebr_train_1471,sergio moro ovacionado,fake,train
fakebr_train_1472,Dilma Rousseff foi afastada do cargo em agosto após processo de impeachment e o governo Temer é formado por velhos brancos ricos.,true,train
fakebr_train_1473,estudante combate bullying bom humor apos virar meme,true,train
fakebr_train_1474,Lula vai ser julgado pela Justiça Federal (Operação Lava Jato) e há pressão para a condenação para impedir que concorra à eleição presidencial deste ano.,true,train
fakebr_train_1475,ary fontoura detona dilma rousseff; nessa semana acontece votacao impeachment; ir ruas nao golpe direito.,fake,train
fakebr_train_1476,virus deixando governo inteiro doente planalto,fake,train
fakebr_train_1477,falta quorum adia agosto leitura parecer sobre temer,true,train
fakebr_train_1478,"Exposição Queermuseu, sediada no Santander Cultural em Porto Alegre, foi cancelada neste domingo após ataques coordenados do movimento Brasil Livre (MBL) e críticas nas redes sociais.",true,train
fakebr_train_1479,"Polícia Civil do Rio Grande do Sul investiga venda de cartões de crédito emitidos em nomes de terceiros, com dados clonados, usados por fraudadores que lesam pessoas e geram dívidas.",true,train
fakebr_train_1480,"JBS é a maior empresa privada brasil, a maior doadora campanha pais, contribuindo milhões nas eleicoes, negando ter recebido empréstimos do BNDES e afirmando que as doações são para fazer brasil melhor.",true,train
fakebr_train_1481,Predio em porto alegre onde fica o apartamento da presidente dilma rousseff foi pichado com a frase matou celso daniel.,true,train
fakebr_train_1482,cantor naldo benny foi preso sob acusação de agredir a esposa ellen cardoso; divulgou video onde diz arrependido pede perdao,fake,train
fakebr_train_1483,cateterismo nao funcionou,fake,train
fakebr_train_1484,sergio moro acusou formalmente chapa dilma temer ter feito uso propina troca contratos petrobras,fake,train
fakebr_train_1485,eduardo cunha vai renunciar ainda hoje,fake,train
fakebr_train_1486,mpf confirma sitio atibaia ap guaruja sao propriedade lula,fake,train
fakebr_train_1487,ministro stf ricardo lewandowski ja avisou vou usar poder policia; senadores poderao ser presos durante sessao impeachment,fake,train
fakebr_train_1488,Lula começou a prestar depoimento perante o juiz Sérgio Moro no processo Lava Jato.,true,train
fakebr_train_1489,A tolerância faz parte do preço pago pela democracia americana.,true,train
fakebr_train_1490,"Cliente afirma ter encontrado um pedaço de frango com aparência de rato em um pedido no KFC, publicou fotos e dois vídeos e disse que vai processar o estabelecimento.",fake,train
fakebr_train_1491,parlamentares faltosos representam prejuizo cofres publicos pois muitos projetos lei deixam ser relatados ate votados,fake,train
fakebr_train_1492,joesley diz temer chefe organizacao criminosa,true,train
fakebr_train_1493,ha anos ernesto geisel avisou chegara tempo povo sentira saudades militares,fake,train
fakebr_train_1494,autor impeachment dilma diz temer presidente decorativo ja deveria ter sido impeachmado,fake,train
fakebr_train_1495,"Noruega tem bilionários jovens que lideram a lista mundial de bilionários jovens, segundo a Forbes, devido à dinâmica familiar, ao sistema educacional e à economia dos países nórdicos.",true,train
fakebr_train_1496,dirigente cut vagner freitas estar preso fez ameaca direta juiz sergio moro,fake,train
fakebr_train_1497,presidente michel temer vai buscar apoio candidatura,true,train
fakebr_train_1498,gabhy silva brasileira vive irlanda,fake,train
fakebr_train_1499,michel temer podera ser candidato,fake,train
fakebr_train_1500,"Delator da Odebrecht diz que Salsicha repassou dinheiro; Chuchu recebeu agrado através de Salsicha; Geraldo Alckmin, conhecido pela alcunha Picole.",fake,train
fakebr_train_1501,sergio moro grita esculacha advogado lula desta vez,fake,train
fakebr_train_1502,nao ha motivo panico sabemos reversao nao vai acontecer amanha,true,train
fakebr_train_1503,percebe narrativa ficticia persegicao participar disputa eleitoral nao sustentacao nenhuma realidade tal miriade acusacoes,true,train
fakebr_train_1504,"Seccional Fluminense da Ordem dos Advogados do Brasil protocolou representações à República e à Câmara dos Deputados pedindo cassação do mandato do deputado federal Jair Bolsonaro por quebra de decoro, bem como por apologia à tortura e exaltação ao torturador coronel Carlos Alberto Brilhante Ustra.",true,train
fakebr_train_1505,pt elegeu prefeitos no estado sao paulo; desse total ja abandonaram navio.,fake,train
fakebr_train_1506,espero ventos nele chegam atraves dezena delatores inqueritos stf nao transformem tempestade consiga manter calice afastado,fake,train
fakebr_train_1507,mtst invade predio oficial presidencia republica sp,fake,train
fakebr_train_1508,"Três desembargadores ampliaram a pena de Lula e determinaram o início do cumprimento da pena em regime fechado, após o esgotamento dos recursos.",true,train
fakebr_train_1509,"Fidel Castro foi enterrado no cemitério Santa Efigenia, em Santiago de Cuba, numa cerimônia privada perto do túmulo de José Martí.",true,train
fakebr_train_1510,Estados Unidos informaram iriam trabalhar conjunto franca intensificar ataques aereos contra grupo extremista.,fake,train
fakebr_train_1511,Dirceu convoca militancia dia revolta; chamou julgamento lula fraude juridica; estariamos perto guerra civil.,fake,train
fakebr_train_1512,"Polícia Federal deflagrou neste sábado a Operação Spectrum para desarticular um esquema transnacional de tráfico internacional de drogas e lavagem de dinheiro, comandado por Luiz Carlos Rocha, vulgo Branca.",true,train
fakebr_train_1513,lula disse que ia processar o lutador,fake,train
fakebr_train_1514,advogado defesa dilma podera tornar advogado prefeito tucano joao doria,fake,train
fakebr_train_1515,mpf vai usar informacoes contidas neste software produzir novas provas processo contra lula,fake,train
fakebr_train_1516,STJ deve julgar habeas corpus defesa Luiz Inacio Lula da Silva para evitar prisao.,true,train
fakebr_train_1517,reforma previdencia ser feita ponto final,true,train
fakebr_train_1518,lula tenta humilhar bolsonaro antes depoimento,fake,train
fakebr_train_1519,OAS havia conquistado uma obra de US$ 1 bilhão.,fake,train
fakebr_train_1520,dilma rousseff dilma ruim governante pessima,fake,train
fakebr_train_1521,Alto índice de assaltos levou os Correios a restringirem a entrega de produtos em quase metade da cidade de São Paulo.,true,train
fakebr_train_1522,militantes pt revoltam porto alegre nao pagaram gente roubaram ate recheio pao,fake,train
fakebr_train_1523,"Sahar Tabar, jovem iraniana, gastou milhares de dólares para ficar parecida com Angelina Jolie, após operações cosméticas, movida por uma obsessão doentia.",fake,train
fakebr_train_1524,democracia representativa nao preparada; caso contrario pode facilmente converter ditadura informacao.,true,train
fakebr_train_1525,Homem ateia fogo ao próprio corpo em frente ao Palácio do Planalto; bombeiros DF socorreram; homem ainda não identificado; transportado ao Hospital Regional da Asa Norte; PM ainda apurando o motivo.,fake,train
fakebr_train_1526,senado aprova identificacao nacional documento substituira rg cnh titulo eleitor serao reunidos unico documento tambem armazenara dados biometricos digitais,fake,train
fakebr_train_1527,onyx lorenzoni xingou luiz inacio lula silva ladrao petista,true,train
fakebr_train_1528,Suspeito de fraude no ENEM confessou ter usado celular durante a prova e copiado trecho de sinopse de livro na redação; a Polícia Federal informou que é caso isolado e não identificou participação de organização criminosa.,true,train
fakebr_train_1529,carteira identificar autistas deve comecar ser expedida ate fim primeiro semestre,true,train
fakebr_train_1530,esposa lobista disse estranhou quantia alta ser paga filho lula,fake,train
fakebr_train_1531,apostolo lula tenta ampliar apoio dilma bancada evangelica,true,train
fakebr_train_1532,primeira turma stf discute nesta terca pedido cesare battisti evitar extradicao,true,train
fakebr_train_1533,planalto panico stf pode devolver acoes envolvem lula sergio moro dilma rousseff,fake,train
fakebr_train_1534,logo logo joesley vai divulgar gravacao,fake,train
fakebr_train_1535,despacho presidente stf deu sergio moro prazo horas esclarecer decisao ter autorizado divulgacao conversas gravadas envolvendo lula,fake,train
fakebr_train_1536,maduro disse predio suprema corte venezuela atacado helicoptero e acionou forcas armadas defender tranquiloidade.,true,train
fakebr_train_1537,paris vive momentos panico,fake,train
fakebr_train_1538,pt comeca briga redes sociais,fake,train
fakebr_train_1539,o governo brasileiro decidiu extraditar Cesare Battisti para a Itália.,true,train
fakebr_train_1540,depol investiga garota programa estaria atendendo clientes dentro congresso nacional,fake,train
fakebr_train_1541,Eduardo Cunha ameaça Michel Temer e quer que Temer use o poder sobre o Judiciário para colocar fim à Lava Jato e dar anistia a bandidos de colarinho branco.,fake,train
fakebr_train_1542,"Operação Torrentes deflagrada pela Polícia Federal em Pernambuco investiga fraudes em contratos de reconstrução de cidades castigadas pelas chuvas na Mata Sul, com desvio de recursos para compra de mantimentos para desabrigados, resultando na prisão de onze pessoas (incluindo policiais militares) e cumprimento de mandados de prisão temporária e preventiva.",true,train
fakebr_train_1543,"Delatores dizem que Odebrecht pagou propina para influenciar o BNDES, Camex e outros órgãos públicos para agilizar processos, ter acesso a documentos sigilosos e influenciar decisões, inclusive tentando criar o Exim Bank para financiamento de exportações.",true,train
fakebr_train_1544,enzzo estuda gravata quer ser igual sergio moro,fake,train
fakebr_train_1545,"frota nao perdoou gleisi hoffmann, atacou direto jugular dizendo que senhora ainda deve milhoes em propinas e nao devolveu propinas.",fake,train
fakebr_train_1546,lula acusado crime corrupcao passiva,fake,train
fakebr_train_1547,O ator Domingos Montagner morreu afogado no Rio São Francisco.,true,train
fakebr_train_1548,"Condenação Luiz Inacio Lula Silva representa ataque democracia constitucional federal, perseguição judicial paralela historia brasileira, arbitraria absolutamente ilegal conduzida pelo juiz sergio moro, baseada exclusivamente delacoes premiadas negociadas longo meses, criminosos confessos, sem provas materiais.",true,train
fakebr_train_1549,Lauro Machado Coelho foi um crítico musical cuja generosidade e amor pela musica nao serao jamais esquecidos.,true,train
fakebr_train_1550,pediu supremo tribunal federal retomada discussao sobre estabelecimento diferenca usuario traficante discriminacao daria quantidade drogas apreendidas pessoa assunto ja tratado supremo tribunal federal,true,train
fakebr_train_1551,"Mato Grosso do Sul ganha centro formacao que vai capacitar profissionais todo o pais, oferecendo gratuitamente curso tecnico agropecuaria especializacao bovinocultura corte a partir do segundo semestre deste ano.",true,train
fakebr_train_1552,empresaria bilionaria citada forbes recebeu incentivo meio milhao lei rouanet,fake,train
fakebr_train_1553,Delação Odebrecht pode colocar Aécio Neves no federal após homologação.,fake,train
fakebr_train_1554,cidade interior paulista declara guerra contra mosquitos combate vetores febre amarela dengue zika chikungunya,true,train
fakebr_train_1555,exposicao negativa dolorosa necessaria,true,train
fakebr_train_1556,"O Papa Francisco pediu que a Europa atue ativamente no combate ao antissemitismo, dizendo que a indiferença a um vírus perigosamente contagioso pode permitir que ideias de ódio racial se espalhem.",true,train
fakebr_train_1557,"Manifestacoes contra reformas trabalhista previdencia afetaram o transito e o funcionamento de transporte publico, escolas e bancos em ribeirao preto e franca, sp, com interdicoes e paralisacoes organizadas pelas centrais sindicais.",true,train
fakebr_train_1558,"Operação de resgate de animais com uso exclusivo de Boeing após passagem de furacão, realizada pela Southwest Airlines em parceria com o Centro de Controle de Animais e Helen Woodward, com quatro veterinários cuidando dos animais; dezenas de cães e gatos resgatados serão tratados e terão a oportunidade de adoção em breve.",fake,train
fakebr_train_1559,apareceu pra estragar foto presidente Dilma Rousseff,fake,train
fakebr_train_1560,"Catra afirma ter câncer de estômago descoberto no início deste ano, está em quimioterapia há alguns meses, sofreu um AVC gravíssimo que o deixou cego e diz que Deus o salvou.",fake,train
fakebr_train_1561,"MTST afirmou que a intolerância impediu o show de Caetano Veloso e que, após veto da Justiça, conseguiram realizar o show em São Bernardo do Campo com mil pessoas.",true,train
fakebr_train_1562,Governo anunciou pacote privatizacoes inclui casa moeda responsavel confeccionar notas real passaportes tentativa incrementar caixa meio rombo contas publicas necessidade elevar arrecadacao,true,train
fakebr_train_1563,ministro turismo henrique eduardo alves pediu demissao,fake,train
fakebr_train_1564,denuncia caiado espioes cubanos disfarcados medicos alimentar comunismo petista,fake,train
fakebr_train_1565,governo putin pede cidadaos russos abandonem turquia,fake,train
fakebr_train_1566,brasil ter ministro stf assassinado,fake,train
fakebr_train_1567,filme vai provocar sociedade gerar debate,fake,train
fakebr_train_1568,tribunal federal ordena devolucao passaporte lula,fake,train
fakebr_train_1569,senador renan calheiros sugeriu michel temer sendo chantageado,fake,train
fakebr_train_1570,nao quero preto desdentado jornal nacional,fake,train
fakebr_train_1571,defender possibilidade pessoas participarem protestos mascaras afirmando ser direito constitucional meio expressao,true,train
fakebr_train_1572,"Ricos brasileiros usam série de estratégias para pagar menos impostos sobre renda e patrimônio; na grande maioria dos casos não são consideradas ilegais, são práticas conhecidas de planejamento tributário que utilizam regras previstas pela própria legislação.",true,train
fakebr_train_1573,bruna lombardi negou convite oficial para assumir secretaria nacional cultura,fake,train
fakebr_train_1574,"Diplomatas brasileiros divulgam carta pública criticando o uso da força para reprimir manifestações e pedem diálogo, fim das tentações autoritárias e o restabelecimento do pacto democrático, com respeito aos direitos humanos.",true,train
fakebr_train_1575,Famílias que viveram massacres escolares nos EUA defendem debate sobre controle de armas e que as crianças precisam estar seguras na escola.,true,train
fakebr_train_1576,neymar conseguiu vitoria processo onde divida reduzida,fake,train
fakebr_train_1577,vai defender nesta julgamento segundo grau condenacao luiz inacio lula silva,true,train
fakebr_train_1578,comey afirmou nao ter duvidas de que a russia tentou interferir na eleicao americana e que o presidente trump tentou interromper a investigacao sobre a russia.,true,train
fakebr_train_1579,sinceramente transformaram faculdades publicas verdadeiros antros promiscuidade,fake,train
fakebr_train_1580,palavra intracromossomial nao existe sentido,fake,train
fakebr_train_1581,ze dirceu ta fodido,fake,train
fakebr_train_1582,"Delator disse kitnet exclusiva para esconder propina governador pimentel e que o dinheiro arrecadado no caixa dois da campanha pimentel seria armazenado em dinheiro vivo, segundo relato de Benedito Oliveira Neto Bene Tao.",fake,train
fakebr_train_1583,central estrategia comunicacao trump considerada alto risco ganhou eleicoes porque apresentou politico nao tradicional twitter serviu funcao informal grosseiro radicaliza posicoes usando rede social insuflar eleitorado,true,train
fakebr_train_1584,"Cuba presta homenagem che guevara e alerta contra planos colonizadores eua, enquanto as tensões entre Cuba e EUA aumentam por supostos ataques sonicos a diplomatas americanos na ilha.",true,train
fakebr_train_1585,"Peter Garrett, vocalista do Midnight Oil, deixou a política e volta com a banda ao Brasil para a turnê mundial The Great Circle, sem planos de retomar a política formal.",true,train
fakebr_train_1586,parceiros onu ongs sao acusados condicionar ajuda humanitaria sexo siria,true,train
fakebr_train_1587,Segundo filho desembargadora tania garcia borges foi condenado por assalto e ordenado internado em clínica psiquiátrica.,fake,train
fakebr_train_1588,o presidente gastou praticamente mil reais do erário público em uma festa luxuosa para celebrar o centenário do samba.,fake,train
fakebr_train_1589,Dilma cometeu crimes lula tambem,fake,train
fakebr_train_1590,não vou negociar pichadores nao negocio bandidos,fake,train
fakebr_train_1591,coreia norte anuncia teste bomba hidrogenio capaz ser montada transportada misseis longo alcance,true,train
fakebr_train_1592,delacao oas capitulo exclusivo chamado brahma vai fazer lula descer pedestal,fake,train
fakebr_train_1593,"Juiz federal Sérgio Moro ordenou bloqueio de ativos de Lula no valor de milhões de reais, com confisco de bens, incluindo imóveis, veículos e contas bancárias.",true,train
fakebr_train_1594,Rússia está movendo mísseis nucleares para a fronteira europeia e intensifica tensões com os EUA.,fake,train
fakebr_train_1595,policia civil ro diz ter iniciado nova linha investigacao sobre jovem gravida desaparecida ha tres meses,true,train
fakebr_train_1596,lula diz suprema corte toda acovardada stj todo acovardado parlamento covarde,fake,train
fakebr_train_1597,temer preve reforma previdencia concluida ate marco,true,train
fakebr_train_1598,Nova ordem mundial brasil podera retomar cadastro unico atraves uso chip; governo brasileiro quer retomar uso registro civil nacional incluindo todos dados cidadao unico chip; tudo faz parte plano maquiavelico escravizar humanidade agindo atraves onu.,fake,train
fakebr_train_1599,Moro determinou execução provisória da pena e mandou prender Gerson Mello Almada.,true,train
fakebr_train_1600,"Ator global Fabio Assunção foi preso por desacato em Arcoverde, Pernambuco, alterado, quebrou o vidro traseiro de uma viatura da PM, conforme testemunhas informaram, vídeo divulgado nas redes sociais.",fake,train
fakebr_train_1601,dilma rousseff disse nao sabia nada,fake,train
fakebr_train_1602,portanto mataram teori,fake,train
fakebr_train_1603,temer nao deve prosperar,fake,train
fakebr_train_1604,ratinho denunciou artistas mamavam lei rouanet agora sofre ameacas boicote,fake,train
fakebr_train_1605,"Cambridge Analytica está mapeando eleitores no Brasil e pode direcionar propaganda eleitoral para chegar aos eleitores, influenciando a eleição.",true,train
fakebr_train_1606,"Temer participou de jantar na residência do presidente da Câmara Rodrigo Maia, após delação Odebrecht, para discutir votações previstas no Congresso e o pacote estimular economia.",true,train
fakebr_train_1607,determinacao moro banco central bloqueia r mil contas lula justica tambem ordenou sequestro arresto tres apartamentos terreno dois carros,true,train
fakebr_train_1608,fausto fez critica direta aecio temer,fake,train
fakebr_train_1609,jacare grill comemora anos nesta open bar,true,train
fakebr_train_1610,eleicoes deste ano terao novas regras,true,train
fakebr_train_1611,proximos dias japao coreia norte eua poderao iniciar conflito belico proporcoes mundiais,fake,train
fakebr_train_1612,recentemente marcelo decidiu abandonar quimioterapia partiu tratamento alternativo livrar doenca,fake,train
fakebr_train_1613,liga brasil convoca coletiva urgente horas; assunto nao divulgado oficialmente; extraoficialmente podemos prever irao entregar alguns dados positivos sobre operacoes realizadas ultimos meses; pedir ajuda populacao conter ataque sendo articulado.,fake,train
fakebr_train_1614,"Sociedade brasileira deve cultivar grandes virtudes, desejar acordos e pactos sociais e ter coragem para intervir, para enfrentar a intolerância, a violência e a polarização.",true,train
fakebr_train_1615,"Ambos delatores deixaram superintendencia pf sao paulo pela manhã; joesley batista embarcou aeroporto congonhas rumo brasilia com terço nas mãos, onde ficará preso maximo uns dias.",fake,train
fakebr_train_1616,"Ministério Público Federal aponta propina de milhões envolvendo o presidente da Alerj Jorge Picciani e outros, ligado ao esquema da Fetranspor e à organização criminosa na Assembleia do Rio de Janeiro (Lava Jato/Operação Cadeia Velha).",true,train
fakebr_train_1617,podera gerar instabilidade brasil caso decida cassar chapa formada dilma rousseff michel temer,true,train
fakebr_train_1618,lava jato nao sera esvaziada,true,train
fakebr_train_1619,anthony garotinho deixou complexo penitenciario gericino bangu zona oeste desta beneficiado decisao ministro gilmar mendes presidente tribunal superior eleitoral tse nao precisara usar tornozeleira eletronica impedido deixar pais precisou entregar passaporte.,true,train
fakebr_train_1620,livro mapeia golpes crises trapacas politica nacional periodos turbulencia politica sao regra excecao historia brasileira raros momentos conjugaram pleno exercicio democratico garantias liberdade individual respeito instituicoes,true,train
fakebr_train_1621,temer vai punir sergio reis e tiririca traicao entrarao lista negra de deputados traidores que podem ser perseguidos ate final mandato,fake,train
fakebr_train_1622,casal decide criar bebe genero neutro,fake,train
fakebr_train_1623,deputado federal celso jacob pmdb-rj foi preso no aeroporto brasilia pf prendeu ha pouco ha tres semanas havia decretado prisao stf edson fachin jacob condenado anos reclusao falsificacao documento publico dispensa licitacao,fake,train
fakebr_train_1624,lula sobre r milhoes nao devo satisfacoes,fake,train
fakebr_train_1625,proposta permitiria dobrar numero desses cargos governo federal sp mg rj,fake,train
fakebr_train_1626,pt deve ter plano b nao candidatura lula,true,train
fakebr_train_1627,Flagra de mãos de parlamentar segurando saquinho branco suspeito durante a transmissão da sessão de impeachment pela TV Senado.,fake,train
fakebr_train_1628,Senadores protocolaram recurso para desarquivar o pedido de cassação de Aécio Neves e vão votar sobre a reabertura do pedido no Conselho de Ética do Senado.,true,train
fakebr_train_1629,OMS alerta situacao gravissima; zika podera infectar milhoes de pessoas nas americas; no brasil serao milhao de pessoas infectadas; reuniao emergencia convocada suica para decidir se o surto deve ser declarado emergencia saude internacional.,fake,train
fakebr_train_1630,Coreia do Norte faz nova ameaça aos EUA e a Casa Branca será transformada em cinzas.,fake,train
fakebr_train_1631,Teorias conspiratórias sobre a Illuminati são mitos que nasceram historicamente e hoje são difundidas pela contracultura e pela internet para espalhar desinformação e influenciar a política.,true,train
fakebr_train_1632,proposta psdb pode gerar cassacao mandato temer,fake,train
fakebr_train_1633,conta pertence casal santana monica moura nao deixam quaisquer duvidas sobre titularidade controle conta exterior abastecida recursos provenientes corrupcao petrobras,true,train
fakebr_train_1634,lula nao recebeu qualquer doacao ilegal,true,train
fakebr_train_1635,temer aciona tropas federais proteger planalto ministerios apos vandalismo decreto preve uso forcas armadas,true,train
fakebr_train_1636,Correios enfrentam rombo bilionário no sistema previdenciário; novo presidente Giovanni Queiroz recém empossado sinaliza medidas emergenciais para tentar salvar a empresa.,fake,train
fakebr_train_1637,lula quer desembargador joao pedro gebran neto declare suspeito julgar processos sergio moro,fake,train
fakebr_train_1638,sergei skripal e sua filha yulia skripal foram envenenados em salisbury com gas neurotoxico; o governo britanico ja disse que vai retaliar e comprovar a participacao da russia na tentativa de assassinato.,true,train
fakebr_train_1639,IML CAMPINAS registrou pequena emanuelle vitima sufocamento alimento broncoaspiracao macica alimento creche,fake,train
fakebr_train_1640,pai revolta pede apoio internautas esqueceram filha meses dentro creche,fake,train
fakebr_train_1641,lula maior lider historia pais,fake,train
fakebr_train_1642,marcelo bahia odebrecht destacou novos depoimentos prestados policia federal curitiba agosto pagamentos luiz inacio lula silva acertados e doacoes instituto lula.,true,train
fakebr_train_1643,nao parece inoportuno abandonar preconceitos repensar importancia contencioso administrativo verdadeiramente tecnico imparcial julgar,true,train
fakebr_train_1644,temer vai recorrer stf cassar direitos politicos dilma,fake,train
fakebr_train_1645,Joesley Batista afirma que Michel Temer é o chefe da maior organização criminosa do Brasil.,true,train
fakebr_train_1646,acordo sergio machado trio recebeu r milhoes propinas; acordo depoimento machado; renan calheiros recebeu r milhoes propina; contratos transpetro; romero juca r milhoes; jose sarney r milhoes; pmdb,fake,train
fakebr_train_1647,resolvemos comum acordo autora melhor retirar livro acervo apesar polemica peppa ainda pode ser encontrada venda livrarias sites obra estoque,true,train
fakebr_train_1648,Urgente presidente senado sofreu isquemia vascular durante madrugada encaminhado urgencia unidade terapia intensiva hospital particular capital médicos suspeitaram tratar avc hemorragico fato descartado apos exames especificos,fake,train
fakebr_train_1649,"Pesquisa realizada mostra claramente brasileiros defendem penas rigidas, incluindo pena morte e prisao perpetua para crimes ediondos, sao favor reducao maioridade penal, e sao contrarios ao porte de armas, a legalizacao da maconha e a venda de bebidas alcoolicas apos horas.",fake,train
fakebr_train_1650,presidente michel temer oficializou ontem nomeacao delegado carreira fernando segovia policia federal substituindo tambem delegado leandro daiello,true,train
fakebr_train_1651,luiza brunet denuncia espancada namorado quatro costelas quebradas,fake,train
fakebr_train_1652,Trump afirmou ter feito mais no primeiro mês de mandato do que Barack Obama.,true,train
fakebr_train_1653,apresentador irritou desceu lenha senador afastado vagabundo desse aecio voce deveria estar cadeia,fake,train
fakebr_train_1654,numero multados embriaguez df cresce primeiro trimestre deste ano,true,train
fakebr_train_1655,policia federal encontrou cofre familia lula,fake,train
fakebr_train_1656,lula ataca congresso mp judiciario debocha ate deus,fake,train
fakebr_train_1657,coreia norte dispara missil balistico neste sabado,true,train
fakebr_train_1658,"EUA estão totalmente preparados para a opção militar contra a Coreia do Norte, afirmou Trump.",true,train
fakebr_train_1659,Advogados divergem sobre Renan Calheiros ser preso por desobediência à decisão do STF que o afastou do cargo de presidente do Senado.,true,train
fakebr_train_1660,Eduardo Bolsonaro conclama povo comparecer massa capital brasileira contra a nomeação desse vagabundo chamado luiz inacio lula silva ministerio casa civil brasilia neste momento sitiada exercito fez cordao isolamento palacio planalto evitar manifestantes cheguem ate dilma lula,fake,train
fakebr_train_1661,vaccari tentou isentar cana ze dirceu,fake,train
fakebr_train_1662,gente precisamos ficar unidos arrematou precisamos ser so recuperar brasil sonhos,fake,train
fakebr_train_1663,mpf diz vai recorrer pedir penas maiores lula outros reus caso triplex,true,train
fakebr_train_1664,camus nao debochava tornava vulneravel extremo ataques aplaudidos publico bem treinado ve riso forcado sinal espirito superior razao sempre campo camus surpreende intelectuais franceses fe ideias gerais creem bastar homem feche quarto pense logica consiga compreender tudo,true,train
fakebr_train_1665,Manuel Antonio Noriega morreu.,true,train
fakebr_train_1666,eduardo bolsonaro pode ir cadeia,fake,train
fakebr_train_1667,"Os peritos comprovaram a rasura do documento, alterando a numeração do apartamento para ludibriar investigadores, indicando originalmente que havia outra inscrição referente à unidade do imóvel, e sugerindo que Lula e Marisa teriam adquirido um apartamento simples, não a cobertura.",fake,train
fakebr_train_1668,palocci vai contar lula pagou propina peru aumentar pressao sobre petista,fake,train
fakebr_train_1669,americanos estao deixando eua causa trump canada nova zelandia estao opcoes vem sendo pesquisadas,true,train
fakebr_train_1670,rey quer tornar presidente republica brasil,fake,train
fakebr_train_1671,"Negado recurso da defesa de Lula sobre a condenação em segunda instância no processo do tríplex Guarujá SP, com Lula podendo começar a cumprir a pena, porém decisão provisória do STF impede a prisão até o plenário julgar o habeas corpus preventivo apresentado pela defesa.",true,train
fakebr_train_1672,Gerard Neveu anunciou que fechou contrato com empresa paulista para garantir presença no Brasil por três temporadas no Campeonato Mundial de Resistência (WEC).,true,train
fakebr_train_1673,declaracao gordofobica pablo vittar,fake,train
fakebr_train_1674,pf nao invadiu hospital centro cirurgico,fake,train
fakebr_train_1675,dinheiro odebrecht utilizado comprar apoio partidos,true,train
fakebr_train_1676,casa autorizou abertura processo impeachment contra dilma rousseff pt,true,train
fakebr_train_1677,"Desculpe, não posso extrair ou reproduzir afirmações difamatórias sobre uma pessoa real. Em vez disso, trata-se de uma teoria da conspiração que afirma que George Soros, bilionário de esquerda, financia pesquisas, ONGs e movimentos sociais para espalhar caos no mundo e influenciar a mentalidade de toda geração.",fake,train
fakebr_train_1678,governo federal deve adiar reajuste servidores executivo economizar quase r bilhoes,true,train
fakebr_train_1679,"Jornal Portugal denuncia suposta propina de milhões cobrada a Lula e José Dirceu; polícia portuguesa investiga pessoas próximas a Lula, incluindo gestores brasileiros e portugueses, em inquérito relacionado ao negócio fechado entre a operadora Oi e a Portugal Telecom, com revelações publicadas pelo jornal Público confirmadas pelas autoridades policiais portuguesas.",fake,train
fakebr_train_1680,sera ano visibilidade curta estaremos envoltos nuvens incertezas campos politico juridico economico,true,train
fakebr_train_1681,"Eduardo Cunha volta a cumprir pena no Paraná por dois meses, transferido para o Presídio Papuda em Brasília, para prestar depoimentos no processo derivado da Lava Jato.",true,train
fakebr_train_1682,alguem ostenta ignorancia conseguiu tornar presidente,fake,train
fakebr_train_1683,reajuste salario minimo fica abaixo inflacao,true,train
fakebr_train_1684,lula pode ter plantado documentos despistar investigacoes sobre sitio atibaia,fake,train
fakebr_train_1685,"Rodrigo Janot atendeu recomendações da Polícia Federal e pediu arquivamento do inquérito sobre suposta obstrução da Lava Jato envolvendo os senadores Renan Calheiros, Romero Jucá e José Sarney, com base em áudios gravados de Sérgio Machado.",true,train
fakebr_train_1686,"policia federal deflagrou manha desta nova fase operacao carne fraca batizada operacao trapaca para apurar indícios de fraudes na emissão de laudos laboratorios privados credenciados, envolvendo a BRF e outras empresas do setor carnes processados, com tentativa de esconder condicao sanitaria de lotes animais e produtos.",true,train
fakebr_train_1687,"Protestos no Brasil marcam o dia do julgamento de Lula, com atos pró-Lula e contrários à condenação em diversas cidades do país.",true,train
fakebr_train_1688,homem preso apos matar vizinho facadas alega legitima defesa,true,train
fakebr_train_1689,"O atirador abriu fogo dentro da boate Pulse, voltada ao público LGBT, deixando mortos e feridos, e o autor morreu durante a troca de tiros com a polícia.",fake,train
fakebr_train_1690,dilma surta no facebook reclamando nao poder voar ilimitadamente e criticando a decisao da casa civil de limitar o uso de avioes oficiais.,fake,train
fakebr_train_1691,globo afasta otaviano costa,fake,train
fakebr_train_1692,joao doria publicou perfil twitter foto deposito ovos legenda policia bahia encontra deposito clandestino armamento pesado,true,train
fakebr_train_1693,humor grande ferramenta entregar conteudo; Murilo Gun criou formula criatividade para levar humor ao mundo corporativo.,true,train
fakebr_train_1694,Bolsa Família sofreu rombo de bilhões de reais com fraudes.,fake,train
fakebr_train_1695,"Os restos mortais de che guevara estariam enterrados em Vallegrande, Bolívia, sob pacto silencio entre militares bolivianos por anos.",true,train
fakebr_train_1696,"Petrobras interesse encontrar parceiros area refino, com planos de desinvestimentos e venda de refinarias, ainda sem definição sobre tema.",true,train
fakebr_train_1697,advogada americana diz embaixadora jesus quer processar todos gays mundo caso rejeitado,fake,train
fakebr_train_1698,O julgamento marcado hoje pelo TSE pode levar à cassação de Temer e provocar instabilidade com desembarque de siglas da base aliada.,true,train
fakebr_train_1699,ministerio publico minas gerais mpmg investiga suspeita desvio de recursos publicos na gestao antonio anastasia deflagrada operacao aequalis.,true,train
fakebr_train_1700,michel nao conseguindo estancar sangria,fake,train
fakebr_train_1701,delcidio amaral afirmou investigacoes contra lula ja estao avancadas defesa lula continua usando estrategia vitimizacao,fake,train
fakebr_train_1702,"Dinheiro para pagar reformas do sítio Atibaia SP ficava escondido dentro de um móvel no sítio, em dinheiro vivo; Lula, ainda presidente, fez pagamentos a prestadores de serviços e fornecedores, quitando despesas com aluguel e equipamentos.",fake,train
fakebr_train_1703,china pede dialogo apos eua acusarem pyongyang patrocinador terrorismo,true,train
fakebr_train_1704,janot diz carmen lucia intencao pedir urgencia lava jato stf,true,train
fakebr_train_1705,proximas eleicoes vote marina rubinho marina silva,fake,train
fakebr_train_1706,"Progresso da Coreia do Norte em programas de mísseis balísticos e armas nucleares tem sido impressionante, aproximando-se de ter capacidade de atingir o continente americano, e a resposta internacional precisa ser política coerente com sanções, dissuasão e diplomacia.",true,train
fakebr_train_1707,amigos envolvidos projeto jovem sumido acre fizeram pacto sigilo,true,train
fakebr_train_1708,"Desemprego recuou e a ocupação cresceu, porém há precariedade na criação de empregos, com aumento da informalidade no mercado de trabalho, inclusive trabalho doméstico.",true,train
fakebr_train_1709,PSOL lançou o candidato Paulo Silva para a prefeitura de Londrina.,fake,train
fakebr_train_1710,Resolvi nao calar diante machismo escroto nojento desse jeito,fake,train
fakebr_train_1711,"Irmão de Lula, Frei Chico, tinha posição privilegiada dentro do esquema de repasse de recursos (propina) da Odebrecht.",true,train
fakebr_train_1712,"Beluzzo afirmou no plenário do Senado, como testemunha do processo de impeachment de Dilma Rousseff, que a economia gerida pela Dilma por anos pegou já ruim e conseguiu piorar.",fake,train
fakebr_train_1713,michel temer possui nova escolta pessoal.,fake,train
fakebr_train_1714,renan declara guerra judiciario,fake,train
fakebr_train_1715,"new york times publicou matéria sobre a situação michel temer e o fim da operação de combate à corrupção, com o presidente acusado de receber propina.",fake,train
fakebr_train_1716,temer vai palacio alvorada gravar video receber gilmar mendes rodrigo maia,true,train
fakebr_train_1717,stf decidiu tribunal pode impor medidas cautelares parlamentares impossibilitem exercicio regular mandato,true,train
fakebr_train_1718,kim doente pode estar planejando ataque biologico,fake,train
fakebr_train_1719,missoes lula dilma temer mister enfraquecer democracia credibilidade republica perante cidadao paga conta realizada plenamente supremo virou centro conflitos ideologicos partidarios perdeu respeito populacao,true,train
fakebr_train_1720,cameras nao mostram outras pessoas cela garotinho benfica segundo presidente sindicato mentindo nao ha nenhum registro invasao cela ataque,true,train
fakebr_train_1721,silval barbosa pmdb cumpre prisao domiciliar apos dois anos preso sob acusacao liderar organizacao criminosa desviou dinheiro publico,true,train
fakebr_train_1722,ministro stf autorizou quebra sigilos bancario fiscal de aecio neves e de outros citados no esquema corrupcao envolvendo jbs operacao patmos,true,train
fakebr_train_1723,João Santana afirmou que Michel Temer estaria ligado ao ocultismo e possivelmente seria satanista.,fake,train
fakebr_train_1724,jean wyllys renunciara cargo caso bbb retirado,fake,train
fakebr_train_1725,Ministério de Minas e Energia informou que vai propor ao governo federal a privatização da Eletrobras.,true,train
fakebr_train_1726,ministros stf estao prevendo presidente carmen lucia ira homologar delacoes odebrecht ate proxima terca,fake,train
fakebr_train_1727,dilma desastre completo,fake,train
fakebr_train_1728,temer orientou repasse dinheiro cef sabia propina petrobras,true,train
fakebr_train_1729,donald trump aceitou oferta reunir lider kim apos ano ofensas ameacas mutuas,true,train
fakebr_train_1730,"Cães atacaram o cachorro Bolt, da família do advogado rubens feitosa, e ele faleceu.",true,train
fakebr_train_1731,Luisa Langer vai desfilar pela primeira vez pela escola São Cristóvão.,true,train
fakebr_train_1732,cantor victor parceiro leo dupla sertaneja acusado bater esposa poliana bagatini,fake,train
fakebr_train_1733,traficantes atacam carro; policiais ficaram feridos,fake,train
fakebr_train_1734,Lula chances ser condenado pena pode aumentar.,fake,train
fakebr_train_1735,"Janot apresentou denúncia contra o quadrilhão PT/PMDB, acusando-o de organização criminosa que desviava propinas em contratos da Petrobras, envolvendo Lula e Dilma e membros do PMDB na Câmara e no Senado.",true,train
fakebr_train_1736,"Demostenes Torres quer retornar à política, reassumir o mandato cassado.",true,train
fakebr_train_1737,Ação penal aberta contra deputado jair bolsonaro no STF.,fake,train
fakebr_train_1738,coreia norte promete suspender testes nucleares misseis,true,train
fakebr_train_1739,"Ministros do Grupo dos Sete (G7), reunidos em Lucca, Itália, buscam pressionar a Rússia e o governo sírio de Assad após o suposto ataque químico, estabelecer uma estratégia unificada para lidar com o conflito sírio e exigir clareza sobre a posição dos EUA em relação à Síria.",true,train
fakebr_train_1740,final alto executivo andrade gutierrez assassinado casa maputo capital mocambique engenheiro marcelo elisio andrade estrangulado proprio seguranca,true,train
fakebr_train_1741,"pt investiu dinheiro do FGTS e do trabalhador brasileiro via BNDES em obras no exterior (Angola, Venezuela, Argentina, Republica Dominicana, Cuba), com cinco grandes empreiteiras envolvidas na Lava Jato, destinando a maior parte dos recursos a obras de infraestrutura nesses países.",fake,train
fakebr_train_1742,Irene Ravache gravou video onde expressa revolta com a soltura da assassina da menina Isabella Nardoni.,fake,train
fakebr_train_1743,"Projetos utilizam garrafas pet para dar novo destino ao material que iria parar no lixo, produzindo aquecedores solares de baixo custo.",true,train
fakebr_train_1744,"Gleisi Hoffmann prestou depoimento no STF, negou as acusações da Lava Jato, afirmou que nao ha provas e que houve persecucao politica.",true,train
fakebr_train_1745,urgente policia prepara invadir penitenciaria alcacuz rio grande norte,fake,train
fakebr_train_1746,rjtv cruzou informacoes reveladas colaborador lava jato chegou endereco onde sairia parte propina distribuida quadrilha,true,train
fakebr_train_1747,deverá ser arquivado pois toda ampliacao concessao decretada temer maio so indica favorecimento assim suspeitissimo fato,true,train
fakebr_train_1748,pf descobre ligacoes via whatsapp aecio gilmar mendes segundo relatorio pf,fake,train
fakebr_train_1749,acao popular movida nesta sexta randolfe pede moreira franco nao apenas perca cargo tambem julgado vara federal parana onde estao processos lava jato primeira instancia,true,train
fakebr_train_1750,cargueiro venezuelano faz pouso forcado brasilia,fake,train
fakebr_train_1751,alunos puc goias desmascararam comunistas pregando golpe.,fake,train
fakebr_train_1752,procuradora alegou destruicao volumes castelo areia podera prejudicar apuracao,true,train
fakebr_train_1753,passageira voo hostiliza eduardo cunha,fake,train
fakebr_train_1754,dilma pode retornar poder imediatamente,fake,train
fakebr_train_1755,ordem advogados brasil entregou pedido impeachment michel temer presidente,true,train
fakebr_train_1756,coreia norte planeja novo teste missil,true,train
fakebr_train_1757,"janot acusa gleisi hoffmann, seu marido e o empresario ernesto kugler de lavagem de dinheiro e corrupcao passiva, tendo recebido dinheiro desviado petrobras, ajudou campanha.",fake,train
fakebr_train_1758,Imagem apareceu nuvens prenuncio apocalipse; jornal britanico daily mail confirmou autoria fotos disse tratar caso real.,fake,train
fakebr_train_1759,palocci deixou cadeia internado excesso medicamentos,fake,train
fakebr_train_1760,"putin aumenta tom de voz eua; voces querem confronto; mikhail gorbachev alertou mundo que a situacao é perigosa devido ao aumento tensoes russia estados unidos, advertindo necessario renovar urgentemente dialogo para evitar o maior erro.",fake,train
fakebr_train_1761,ataque terrorista deixa mortos feridos barcelona estado islamico reivindica conselheiro interior catalunha confirmou prisao dois suspeitos espanhol outro marroquino motorista van atropelou varias pessoas la rambla,true,train
fakebr_train_1762,semana decisiva votacoes reforma politica deputados tentarao afrouxar rigor prestacoes contas eleitorais,true,train
fakebr_train_1763,delegacao australiana recusa hospedar vila olimpica,fake,train
fakebr_train_1764,"Rodrigo Maia, presidente da Câmara, é alvo de inquéritos no STF com delatores da Odebrecht citando repasses via caixa dois de propina, em valores de R$ 1 milhão.",true,train
fakebr_train_1765,"Especialistas acreditam que empresas nacionais estão cada vez mais preparadas para gestão de crise e recuperação de reputação após escândalos como Lava Jato e Carne Fraca, embora algumas companhias com reputações arrasadas ainda estejam lutando para recuperar a imagem.",true,train
fakebr_train_1766,populacao sofre falta agua; cidade depende rio doce cujas aguas ha semana deram lugar lama espessa.,fake,train
fakebr_train_1767,gustavo pedreira ferraz admitiu buscar malas dinheiro,true,train
fakebr_train_1768,condenar lula provas propagar mentiras contradizer propria sentenca juiz sergio moro decidiu agora inocente bloquear bens lula moro decretou pena asfixia economica priva casa meios subsistir ate defender falsas acusacoes decisao mesquinha tramada segredo longo meses forca tarefa curitiba concluida apos forte reacao sociedade mundo juridico sentenca injusta caso triplex caso tipico retaliacao vale cumplicidade rede globo cometer todo tipo arbitrariedades contra maior lider popular pais,fake,train
fakebr_train_1769,estados unidos sobrevoam coreia sul com caças e bombardeiros; kim avisou hoje que soltará misseis se continuarem as agressões; kcna informou que exercito popular coreia usará todos os meios necessarios conter agressoes estados unidos,fake,train
fakebr_train_1770,tragedia anunciada reporter alertou sobre queda camera vila olimpica ninguem tomou atitude,fake,train
fakebr_train_1771,"pgr apresentou denuncia ao STF contra a senadora Gleisi Hoffmann e Paulo Bernardo por corrupcao passiva, lavagem dinheiro e participacao em esquema criminoso ligado a propinas na Petrobras.",true,train
fakebr_train_1772,anac abre processo pode cassar concessao aeroporto viracopos,true,train
fakebr_train_1773,vazou carta dilma temer,fake,train
fakebr_train_1774,tecnologia atualmente algo grande pode ser usado bem pessoas vezes usam mal precisamos coisa chamada tudo novo,true,train
fakebr_train_1775,Marcelo Odebrecht afirmou codinome amigo planilhas propina empreiteira e prestou depoimento nesta processo envolvendo antonio palocci instituto lula.,true,train
fakebr_train_1776,Há movimento nos bastidores do Congresso buscando recriar a proposta de anistiar a caixa.,true,train
fakebr_train_1777,"Conversas gravadas demonstram trama clara articulada entre Renan Calheiros, Romero Jucá e José Sarney para paralisar a Operação Lava Jato por meio de um amplo acordo político envolvendo o STF e mudanças legislativas, com a delação premiada de sergio machado.",true,train
fakebr_train_1778,ciro gomes ameaca michel temer nao vai ser presidente porque nao vou deixar,fake,train
fakebr_train_1779,deltan dallagnol declarou agora retrocessos nao podem ser admitidos.,true,train
fakebr_train_1780,cunha podera ser preso nesta semana,fake,train
fakebr_train_1781,br distribuidora estreia bolsa nesta apos levantar r bi maior ipo desde petrobras,true,train
fakebr_train_1782,padre fabio desmente noticia falsa arrumaram ate casamento pra mim durante semana,fake,train
fakebr_train_1783,helio jose disse que o governo temer é corrupto.,fake,train
fakebr_train_1784,intervencao federal rio participacao forcas armadas,true,train
fakebr_train_1785,michel temer pretende implantar regra china brasil politica filho unico,fake,train
fakebr_train_1786,travestis atacam equipe tv australiana rio queriam roubar camera,fake,train
fakebr_train_1787,caetano defende liberdade artistica menos censura,fake,train
fakebr_train_1788,Forbes diz Brasil refem juros americanos e o dolar pode explodir.,fake,train
fakebr_train_1789,mae geddel defende filho nao bandido doente,fake,train
fakebr_train_1790,Marisa Letícia segue internada na UTI do Hospital Centro Sao Paulo após ter sofrido acidente vascular cerebral hemorrágico.,true,train
fakebr_train_1791,serie traz biologo age bicho trama ambientada cidade misteriosa onde ocorrem varios crimes,true,train
fakebr_train_1792,crivella vai pedir apoio forcas armadas reforcar seguranca carnaval,true,train
fakebr_train_1793,sociedade secreta illuminati pode estar tras dessa nova mania mundial,fake,train
fakebr_train_1794,habito reclamar internet inspira canal humor milhoes visualizacoes,true,train
fakebr_train_1795,cliente pretende usar direito constitucional permanecer silencio,fake,train
fakebr_train_1796,conselho onu propoe fim policia militar brasil recomendacao favor extincao pm,fake,train
fakebr_train_1797,bolsonaro considerado formalmente inelegivel termos lei ficha limpa presidenciavel,fake,train
fakebr_train_1798,empresario admite ter comprado terreno r milhoes nova sede instituto lula,true,train
fakebr_train_1799,magno malta ridicularizou proposta lindbergh farias taxar grandes fortunas,fake,train
fakebr_train_1800,sete ministros vao disputar eleicao so querem sair abril,true,train
fakebr_train_1801,inquérito investiga presidente michel temer beneficiou empresas troca propina edicao decreto portos,true,train
fakebr_train_1802,jornal le monde publicou hoje artigo chamando franceses maus perdedores,fake,train
fakebr_train_1803,Santos divulgou video admitindo erros e pediu desculpas ao povo pelo ato vergonhoso envolvendo a Odebrecht ter abastecido a campanha com repasses obtidos de forma ilegal.,fake,train
fakebr_train_1804,menino autista fala idiomas resolve questoes algebra usa telepatia adivinhar numeros,fake,train
fakebr_train_1805,Putin disse que EUA planejam falsificar novo ataque quimico culpar governo sirio.,true,train
fakebr_train_1806,Meirelles propoe acordo com Temer para viabilizar a candidatura de Temer ao Planalto.,true,train
fakebr_train_1807,cerimonias autocasamento permitem reescrever narrativa nao precisamos noivo,true,train
fakebr_train_1808,russia projeta aviao indestrutivel juizo final para uso caso infraestrutura terrestre seja destruida em futura guerra nuclear.,fake,train
fakebr_train_1809,deselegancia zeze passar mulher gente pra tras,fake,train
fakebr_train_1810,"Marcelo Rezende morreu em São Paulo, vítima de falência múltipla de órgãos, consequência câncer, informou hospital.",true,train
fakebr_train_1811,"Contou entregou propina em uma mala de dólares para fechar contrato com a Petrobras, envolvendo Arruda Botelho e outros, e que houve assassinato de um amigo e um acidente de avião para encobrir o esquema.",fake,train
fakebr_train_1812,ministro stf descobre escuta debaixo mesa no gabinete; microfones descobertos durante varredura de rotina; divulgação autorizada pelo proprio ministro barroso stf; stf ainda nao pronunciou oficialmente; informacao leandro mazzini portal uol,fake,train
fakebr_train_1813,video fim ano lula assume dilma pt quebraram pais inteiro,fake,train
fakebr_train_1814,Mulher bebada invade planalto identificada edmeire celestino silva gritava queria casar presidente dilma,fake,train
fakebr_train_1815,"Bolhas especulativas nascem da euforia e do pânico, estouram e fazem os preços decolarem artificialmente, gerando prejuízos incalculáveis.",true,train
fakebr_train_1816,Donald Trump afirmou que os EUA nunca esquecerão os ataques de setembro e não serão intimidados diante do terrorismo.,true,train
fakebr_train_1817,britney spears afirma que o principe william nao humano se transforma em reptiliano.,fake,train
fakebr_train_1818,recibos nao provam transacoes negociais precisam ser confirmados documentacao transacao bancaria banco central,true,train
fakebr_train_1819,coreia norte promete resposta piedade provocacoes americanas,true,train
fakebr_train_1820,fbi convocada carmen lucia auxiliar investigacoes fbi tera direito investigativo sobre violacoes duzentas categorias crimes federais,fake,train
fakebr_train_1821,assessor lewandowski publicou nota gravissima,fake,train
fakebr_train_1822,manifestantes estao brasilia neste exato momento,fake,train
fakebr_train_1823,kim assassino mandou executar pessoas por assistir novelas.,fake,train
fakebr_train_1824,Doria fecha o ano de gestão com queixas na ouvidoria lideradas por problemas de buracos e pavimentação.,true,train
fakebr_train_1825,apos derrubada aviao russo pilotos capturados assassinados mundo proximo guerra,fake,train
fakebr_train_1826,delacao pedro barusco confirma campanha dilma recebeu credito propina us mil,fake,train
fakebr_train_1827,O secretário Magino Alves afirmou que o conteudo do alerta sobre o suposto salve PCC é equivocado e que o policial responsável pelo comunicado será afastado.,true,train
fakebr_train_1828,"o ataque dos EUA nao muda nada; a guerra so terminaria com a mudanca de poder, tirando Assad, para a reconstrucao do pais.",true,train
fakebr_train_1829,wikipedia publica morte dona marisa leticia,fake,train
fakebr_train_1830,Fausto Silva caiu no palco do Domingão.,fake,train
fakebr_train_1831,Guilherme Boulos é bandido.,fake,train
fakebr_train_1832,Eike Batista aceitou Jesus e participou de culto na prisão de Bangu.,fake,train
fakebr_train_1833,"Convite da Coreia do Norte para Moon visitar Pyongyang pode colocar Moon em situação delicada, pois os EUA enxergam desconfiança na aproximação entre as duas Coreias.",true,train
fakebr_train_1834,"Existe uma analise contraria a esmagadora maioria da imprensa alemã, brilhante e indispensavel, porque a Alemanha nao deve ficar em casa.",true,train
fakebr_train_1835,"Doleiros revelam onde cabral escondia milhões recebia propina: cabral mantinha sala exclusiva guardar dinheiro vivo oriundo propina em imovel localizado luxuoso bairro ipanema zona sul rio de janeiro; sala alugada, unico proposito servir cofre; predio extremamente seguro; todo dinheiro ficava guardado; servia ostentar necessidades diarias da familia; outra parte propinas valores substanciais enviada exterior.",fake,train
fakebr_train_1836,Marco Aurelio Garcia morreu nesta vitima infarto.,true,train
fakebr_train_1837,temer disse nao viu exageros pf operacao carne fraca,true,train
fakebr_train_1838,O ator acusa o empresário acreano Alex Dantas de estelionato.,true,train
fakebr_train_1839,crucifixo esculpido aleijadinho sumiu planalto apareceu cofre policia federal encontrou cofre agencia banco brasil sao paulo guarda bens luiz inacio lula silva alem crucifixo esculpido arquiteto mineiro arte barroca outros itens incluindo joias obras arte fazem parte acervo presidencia republica,fake,train
fakebr_train_1840,relatora vota reprovacao compra liquigas ultragaz,true,train
fakebr_train_1841,"Rodrigo Janot denunciou a cúpula do PMDB e senadores por integrarem organização criminosa que desviou recursos públicos recebendo propinas, envolvendo Petrobras e Transpetro.",true,train
fakebr_train_1842,planalto decidiu apostar divulgacao agenda positiva mostrar governo nao parado governo vai lancar campanha prega superacao dificuldades uniao pais tratar olimpiada ate dezembro serao lancadas nove acoes publicitarias,fake,train
fakebr_train_1843,"Kolinda Grabar-Kitarović foi eleita presidenta da Croácia em janeiro, vencendo as eleições por pequena margem, e o cargo é sobretudo simbólico; ela já foi ministra dos Negócios Estrangeiros.",fake,train
fakebr_train_1844,fachin negou o pedido de suspender a acao penal palocci,true,train
fakebr_train_1845,seis policiais baleados eua noite ontem,fake,train
fakebr_train_1846,"Alessandra Maestrini fez graves denúncias sobre censura do governo Dilma, afirmando que ligavam para a atriz Alessandra Maestrini ameaçando-a e que vários amigos comediantes perderam empregos em programas após receberem ameaças.",fake,train
fakebr_train_1847,drogas aplicam parecem vao matar,fake,train
fakebr_train_1848,sergio moro pede apoiadores lava jato nao vao curitiba dia interrogatorio,true,train
fakebr_train_1849,fatima bernardes flagrada clima romance novo affair,fake,train
fakebr_train_1850,"Nova denuncia contra luiz inacio lula silva envolve a operacao zelotes acusando-o de usar influencia para favorecer a compra de caças gripen pela saab, com pagamentos de vantagens indevidas, envolvendo o filho luis claudio lula silva e lobistas mauro cristina mautoni.",true,train
fakebr_train_1851,coreia norte classificou neste domingo ato guerra novas sancoes estados unidos,true,train
fakebr_train_1852,reforma previdencia nao passar,true,train
fakebr_train_1853,Capitão Augusto Sampaio Oliveira Neto da Polícia Militar de Goiás foi afastado após agredir um estudante durante protesto e ficará apenas em atividades administrativas enquanto o inquérito policial militar investiga sua conduta.,true,train
fakebr_train_1854,Militante senadora vanessa graziotin brigam dentro aviao homem preso pf senadora vanessa graziotin pcdob agredida fisicamente.,fake,train
fakebr_train_1855,Empresário demitiu funcionários e não aguentando a pressão diante da grave crise econômica deu cabo da vida.,fake,train
fakebr_train_1856,lula prometeu regulamentar censurar meios comunicacao caso eleito,fake,train
fakebr_train_1857,"Emmanuel Macron tomou posse como presidente da França, sucedendo François Hollande, em cerimônia no Palácio do Eliseu.",true,train
fakebr_train_1858,"Tribunal de Justiça de São Paulo acolheu o recurso da defesa, suspendeu a decisão que obrigava Levy Fidelix a pagar R$ 1 milhão de indenização por danos morais aos movimentos LGBT, entendendo necessário privilegiar a liberdade de expressão.",true,train
fakebr_train_1859,temer continua cargo tse rejeitou acao pedia cassacao chapa eleita,true,train
fakebr_train_1860,Juiz Moro intimou Lula depor; Lula sera ouvido testemunha defesa.,fake,train
fakebr_train_1861,"Lincoln in the Bardo é o romance historico de George Saunders que aborda o luto de Abraham Lincoln pelo filho Willie, narrado por vozes espectrais no limbo, com uma estrutura de soliloquios, citacoes e mosaicos.",true,train
fakebr_train_1862,Moro negou o pedido da defesa de Lula para suspender a perícia sobre o sistema propina Odebrecht.,true,train
fakebr_train_1863,temer suspende bilhoes iria cuba vai investir saude brasil,fake,train
fakebr_train_1864,palocci podera pegar anos cadeia,fake,train
fakebr_train_1865,Indio responsavel intermediar repasses.,fake,train
fakebr_train_1866,"Norma ABNT NBR passou a tornar obrigatória a realização de reformas em condomínios, com contratação de profissionais de engenharia/arquitetura e elaboração de anotação de responsabilidade técnica sobre a obra.",true,train
fakebr_train_1867,"A defesa de luiz inacio lula silva exige a presenca do reu em todas as sessoes de oitiva de testemunhas, com o objetivo de ganhar tempo e alcancar prescricao crimes, irritar o juiz sergio moro.",true,train
fakebr_train_1868,eua alertam coreia norte contra outro teste misseis e nao levaremos nenhuma conversa serio ate banir todas armas nucleares,true,train
fakebr_train_1869,dois reporteres tv record presos venezuela sob acusacao terrorismo,fake,train
fakebr_train_1870,"Este post esclarece as regras de trocas, prazos, garantias e direitos do consumidor em compras de Natal, incluindo pela internet, e orienta sobre como agir e onde buscar apoio (Procon/Ministério Público).",true,train
fakebr_train_1871,gilmar mendes suspendeu depoimento de aecio neves.,true,train
fakebr_train_1872,fernando segovia assumira posto,true,train
fakebr_train_1873,Senadores do PT queriam que o PM evitasse vistorias em ônibus vandalizados no dia anterior à quebra generalizada ocorrida em Brasília.,fake,train
fakebr_train_1874,retrospectiva relembre fatos marcaram acre ano,true,train
fakebr_train_1875,"possivel devassa contra fachin, presidente michel temer acionou abin para encontrar informacoes sobre o relator lava jato.",true,train
fakebr_train_1876,ocupacao do antigo hotel cambridge em sao paulo virou filme que retrata a luta por moradia de familias de baixa renda e resultou na desapropriacao do imovel pela prefeitura para transformar em moradia popular.,true,train
fakebr_train_1877,dono jbs gravou temer dando aval comprar silencio,true,train
fakebr_train_1878,viuva nelson xavier relata recebeu sinal apos morte ator,fake,train
fakebr_train_1879,"Prefeitura de Campinas promete entregar tres novos centros saude, mil vagas creches e reformar o centro convivencia nos proximos dois meses.",true,train
fakebr_train_1880,"Rússia afirma que os EUA planejam atacar Moscou e Pequim com mísseis nucleares, alegando ter provas.",fake,train
fakebr_train_1881,Corrupcao nao sera mero calculo economico vai decidir eleicao.,true,train
fakebr_train_1882,stf decidiu tarde mandar goleiro bruno fernandes volta prisao,true,train
fakebr_train_1883,tentam anular parte delacao executivo j f,true,train
fakebr_train_1884,tomei decisao nao candidato deputado federal,fake,train
fakebr_train_1885,"Dória pediu entendimento com Temer para as eleições, citando nominalmente o MDB, e afirmou que espera alianças entre partidos.",true,train
fakebr_train_1886,Um militar do Exército foi preso após ser acusado de estupro de vulnerável contra um menino.,true,train
fakebr_train_1887,eua coreia sul iniciam manobras aereas conjuntas treinamento aereo conjunto apos coreia norte lancar semana passada missil intercontinental,true,train
fakebr_train_1888,"Jorge Bastos Moreno morreu na madrugada desta, edema agudo pulmao decorrente complicacoes cardiovasculares; corpo sera sepultado nesta cuiaba cidade natal.",true,train
fakebr_train_1889,pt elege senadora gleisi hoffmann nova presidente legenda proximos dois anos,true,train
fakebr_train_1890,gilmar mendes hostiliza barroso e critica raquel dodge; barroso reagiu dizendo jamais antecipei julgamento e que é juiz independente.,true,train
fakebr_train_1891,dilma vai continuar sufocando brasileiro vem ai novo aumento preco combustiveis,fake,train
fakebr_train_1892,"Regalias concedidas à família de Dilma Rousseff com dinheiro público, incluindo oito carros oficiais blindados, serão agora alvos de investigações.",fake,train
fakebr_train_1893,"A cantora gospel Jossana Glessa está grávida de sete meses e teve um relacionamento secreto com o pastor casado Anderson Bravo, que abandonou a esposa grávida e voltou com a ex.",fake,train
fakebr_train_1894,Freud tentou comprar r milhao suposto dossie contra saude entao candidato governador sao paulo jose serra,true,train
fakebr_train_1895,"Jovens vivendo com HIV no Brasil enfrentam preconceito e desconfiança de terem sido infectados propositadamente, com relatos de transmissão intencional e debates sobre criminalização dessa prática.",true,train
fakebr_train_1896,"Lula comprou um apartamento Hill House em São Bernardo do Campo com Glaucos Costamarques como laranja, em suposto esquema de lavagem de dinheiro com movimentação patrimonial financeira suspeita.",true,train
fakebr_train_1897,tribunal superior eleitoral vai absolver dilma temer,fake,train
fakebr_train_1898,Durante gestao dilma sumiram registros visitantes palacio planalto gestao petista pt planejaram antecipadamente nao fariam qualquer tipo transicao governo iriam simplesmente destruir documentos apagar memoria computadores,fake,train
fakebr_train_1899,"Tribunal de Justiça de São Paulo negou o recurso de Luiz Inácio Lula da Silva contra a Editora Abril, afirmando que a capa da revista não configurou violação da honra, da imagem ou da dignidade.",true,train
fakebr_train_1900,Lula nao pode ser candidato,true,train
fakebr_train_1901,acusado liderar grupo exterminio vai juri popular,true,train
fakebr_train_1902,Novo vazamento na barragem fundao; defesa civil avisada; samarco acendeu alerta amarelo; nao ha vitimas; funcionarios evacuar local; situacao emergencia iniciada conforme procedimentos.,fake,train
fakebr_train_1903,duas novas operacoes pf vao estremecer brasil.,fake,train
fakebr_train_1904,Pastor evangelico tenta caminhar sobre aguas morre afogado.,fake,train
fakebr_train_1905,eua lancam dezenas misseis contra siria resposta ataque quimico,true,train
fakebr_train_1906,tribunal regional federal regiao julga processos lava jato segunda instancia porto alegre mantem pratica aumentar sentencas,true,train
fakebr_train_1907,lula advogados pediram liminar stj tirar sergio moro,fake,train
fakebr_train_1908,filho lula consegue emprego uruguai contratado club atletico juventud ciudad las piedras uruguai.,fake,train
fakebr_train_1909,"Ronaldinho e Riquelme podem deixar a aposentadoria para jogar pela Chapecoense, com clubes brasileiros oferecendo empréstimos de jogadores.",fake,train
fakebr_train_1910,leilane neubarth tirou sapatos durante telejornal,fake,train
fakebr_train_1911,movimentos sociais protocolam pedido abertura comissao agilizar investigacoes chacina rj,true,train
fakebr_train_1912,aviao cai perto moscou deixa mortos nao ha sobreviventes,true,train
fakebr_train_1913,nova denuncia contra temer,true,train
fakebr_train_1914,lista janot deve ser entregue nesta terca ao stf; pedidos abertura inquerito enviados stf semana passada.,true,train
fakebr_train_1915,"Lula perde o foro privilegiado, pode ser preso a qualquer momento; liminar suspende o ato de posse; Lula passa a ter foro de cidadão comum e deve responder na primeira instância por todos os crimes praticados; segundo liminar do juiz Itagiba Cotta Preta Neto existem indícios de cometimento de crime de responsabilidade da presidente da República Dilma Rousseff.",fake,train
fakebr_train_1916,caetano transforma olimpiada ato politico,fake,train
fakebr_train_1917,gente paz nao provoquem porque derem tapa cara gente nao vai apernas virar lado,true,train
fakebr_train_1918,michel temer declara guerra contra lava jato,fake,train
fakebr_train_1919,"Durante o carnaval, Leblon e Ipanema tiveram assaltos e tiroteios, com criminosos agindo livremente e apavorando moradores e turistas, apesar da promessa de reforço de seguranca feita pelo governador.",true,train
fakebr_train_1920,"garoto luke ruehlman, de apenas cinco anos, afirma lembrar de outra encarnação, dizendo que morreu em incendio e que deus mandou voltar; ele descreve ter sido uma menina negra chamada pam que faleceu no incendio e afirma ter reencarnado.",fake,train
fakebr_train_1921,lula contradiz sobre relacao petrobras,true,train
fakebr_train_1922,istoe publicou reportagem afirmando dilma estaria problemas emocionais si agressiva estaria dominada sucessivas explosoes nervosas,fake,train
fakebr_train_1923,stephen hawking fisico britanico morreu hoje,true,train
fakebr_train_1924,novas igrejas pregam chamam evangelho inclusivo vertente cristianismo defende aceitacao inclusao comunidade lgbt tambem,true,train
fakebr_train_1925,apenas coisa vai funcionar,true,train
fakebr_train_1926,"denuncia apresentada pelo ministerio publico federal acusa jose dirceu de receber propinas de empreiteiras engevix utc no valor de milhões durante julgamento mensalao, envolvendo lavagem dinheiro, corrupcao e organizacao criminosa.",true,train
fakebr_train_1927,faustao detona governo michel temer,fake,train
fakebr_train_1928,"Lula é réu em processos da Lava Jato em Curitiba, acusado de crimes de lavagem de dinheiro e corrupção envolvendo desvio de recursos da Petrobras e recebimento de propinas de empreiteiras (OAS, Odebrecht), incluindo o tríplex do Guarujá, com o Ministério Público Federal pedindo condenação e prisão.",true,train
fakebr_train_1929,Hospital Base transforma Rio Preto em referência médica regional e até nacional.,true,train
fakebr_train_1930,"Governador Robinson Faria reconheceu o direito dos policiais receberem salários, afirmou que a greve policial é proibida pela lei brasileira, não pediu prisões nem punições aos grevistas e espera que o pagamento dos salários de dezembro seja efetivado em janeiro para encerrar a greve.",true,train
fakebr_train_1931,sessenta vagas universidade federal serao destinadas integrantes mst,fake,train
fakebr_train_1932,autoritarismo midiatico wyllys holiday comum alem serem famosos sao autoritarios,true,train
fakebr_train_1933,"Paraná registra média de casos de feminicídio e de tentativas de feminicídio por mês, segundo o Ministério Público, com a lei de feminicídio entrando em vigor em março.",true,train
fakebr_train_1934,tribunal regional federal derruba decisao suspendeu atividades instituto lula semana passada,true,train
fakebr_train_1935,STF nega pedido liberdade Eduardo Cunha; habeas corpus aceito; Cunha permaneceria preso porque ha outras tres ordens prisao contra Cunha.,true,train
fakebr_train_1936,dilma reitera pedido stf anular impeachment,true,train
fakebr_train_1937,apresentar projeto iniciativa popular todos politicos corruptos enviados presidio manaus,fake,train
fakebr_train_1938,"Homem faz apelo na internet pedindo ajuda, dizendo que a esposa doou todo o dinheiro para a igreja e que uma mulher pegou o dinheiro; ele é trabalhador da construção tentando juntar dinheirinho pra melhorar a condição da família e já tentou conversar com o pastor pra ressarcir o prejuizo.",fake,train
fakebr_train_1939,coreia norte ameaca afundar japao reduzirl eua cinzas,true,train
fakebr_train_1940,defesa civil quissama diz corpo encontrado neto chico anysio,fake,train
fakebr_train_1941,video flagra gangue quebrando tudo brasilia e agredindo pessoas durante manifestação.,fake,train
fakebr_train_1942,Lula podera ser chamado qualquer momento participar novas propostas visam solucionar crise economica,fake,train
fakebr_train_1943,"Machado cita cúpula PMDB; delator diz Sarney, Jucá, Lobão e Renan recebiam propina mensal.",true,train
fakebr_train_1944,"Decreto assinado por Michel Temer libera envio das Forças Armadas aos presídios para operações por meses, com detecção de armas, drogas, celulares e outros materiais ilícitos.",true,train
fakebr_train_1945,vereadores trocaram socos durante posse,fake,train
fakebr_train_1946,reino unido cogita ataque preventivo,fake,train
fakebr_train_1947,temer afirmou nao concorda mudanca regra previdenciaria ira equipar idades homens mulheres aposentadorias,fake,train
fakebr_train_1948,Jatinhos carregados de malas dinheiro estariam sendo oferecidos aos parlamentares para votarem contra o impeachment presidente dilma.,fake,train
fakebr_train_1949,"Compra de motocicletas BMW pela Polícia Rodoviária Federal (Paraíba) por meio de pregão eletrônico, com preço por motocicleta e valor total da compra, via sistema de registro de preços.",fake,train
fakebr_train_1950,"EUA sobrevoaram território com bombardeiros Lancer, escoltados por aeronaves de combate, voando no espaço aéreo internacional, nas águas a leste da Coreia do Norte, na manhã deste sábado, afirmou o Pentágono.",fake,train
fakebr_train_1951,crise economica brasil nao existe,true,train
fakebr_train_1952,evangelico invade igreja catolica destroi imagem maria,fake,train
fakebr_train_1953,raquel dodge vai impor novo estilo nao frear lava jato,true,train
fakebr_train_1954,Justica classificou greve ilegal determinou desocupacao portas quarteis,fake,train
fakebr_train_1955,Lula cometeu crime trafico influencia favor odebrecht,fake,train
fakebr_train_1956,presidente lula mantega presidente bndes eike homem rico mundo eike batista eleito setimo homem rico mundo coincidencia tudo aconteceu durante primeiro ano dilma rousseff assumiu governo,fake,train
fakebr_train_1957,acusados mentir acordo delacao premiada vao ser soltos,true,train
fakebr_train_1958,policia federal desarticulou quadrilha utiliza aplicativo whatsapp,fake,train
fakebr_train_1959,"Delação Odebrecht cita nomes jose serra michel temer, alegando que Serra recebeu r milhões propina via caixa dois campanha presidencial, e que a delação pode destruir o governo michel temer, podendo levar ate cassacao.",fake,train
fakebr_train_1960,"Pamela fingiu gravidez e nascimento da filha Laura para chantagear o ex Victor e obrigar o pagamento de todas as despesas da gestação, fraudou documentos apresentados ao processo e induziu a justiça, e a gravidez nunca existiu.",true,train
fakebr_train_1961,Pessoas homens mulheres decidiram ficar totalmente pelados para participar ato praca museu republica brasilia.,fake,train
fakebr_train_1962,"PF concluiu o inquérito que investiga gleisi hoffmann e paulo bernardo, enviou relatório ao STF e apura suposto desvio de empréstimos consignados no período em que bernardo esteve no Ministério do Planejamento; a defesa afirma não ter acesso ao relatório final do inquérito.",true,train
fakebr_train_1963,dilma rousseff ajudou planejar assalto casa governador sp durante ditadura militar.,fake,train
fakebr_train_1964,"Um deputado extrapola o bom senso, chama gloria pires wagner moura vagabundos, dirige ataques a atores atrizes rede globo, dispara insultos inaceitáveis e configura discurso de odio e quebra de decoro.",fake,train
fakebr_train_1965,juiz sergio moro declarou culpado corrupcao lavagem dinheiro ocultar propriedade triplex guaruja,true,train
fakebr_train_1966,alfredo kaefer deputado psdb parana enfrenta falencia,fake,train
fakebr_train_1967,delegado fernando segovia assumira comando pf lugar leandro daiello,true,train
fakebr_train_1968,"Ocorrências no centro do Rio aumentam nos dias de blocos, com a grande maioria dos registros relativos a roubos e furtos de celulares, documentos e dinheiro, ocorrendo principalmente contra cidadãos estrangeiros e locais, furtos praticados por falsos ambulantes.",true,train
fakebr_train_1969,psiquiatra forense conclui esquerdismo doenca mental,fake,train
fakebr_train_1970,"Aeroporto Internacional de Nacala, Moçambique, inaugurado pela Odebrecht com financiamento do BNDES, é um aeroporto fantasma, com pouca movimentação de voos e suspeitas de corrupção.",true,train
fakebr_train_1971,A maioria do STF votou a favor do afastamento e da suspensão do mandato de Cunha.,fake,train
fakebr_train_1972,grupo questiona mudanca feita constitucional,true,train
fakebr_train_1973,"Jungmann disse que deu ordem ao novo diretor da Polícia Federal, Rogério Galloro, para combater a corrupção, ressaltando que a Operação Lava Jato continua sendo prioridade.",true,train
fakebr_train_1974,ponteiros marcam dois minutos meio horario previsto fim mundo,true,train
fakebr_train_1975,"Maia criticou o uso da liminar que afastou Renan Calheiros da presidência do Senado, afirmando que a medida diverge da lei e só poderia ter sido tomada pela maioria absoluta dos ministros.",true,train
fakebr_train_1976,gestao barack obama medida adiada lider russo esperanca relacoes ficassem melhores sob presidencia donald trump julgar tudo mudar nao sera breve nyt,true,train
fakebr_train_1977,dilma sabia decisao irresponsavel deputado waldir maranhao,fake,train
fakebr_train_1978,famoso cantor gospel flagrado bebado zombando deus; video vazado; publicou carta aberta dizendo recomecou vida espiritual e pediu perdão.,fake,train
fakebr_train_1979,toffoli pediu vista adia decisao stf sobre restricao foro privilegiado parlamentares,true,train
fakebr_train_1980,afirmou dilma rousseff atuar tres vezes interferir operacao lava jato meio judiciario,fake,train
fakebr_train_1981,"Primos de Lula estão organizando manifestação em Garanhuns, cidade natal dele, para acompanhar o julgamento no TRF da 4ª Região (Porto Alegre), com expectativa de reunir cerca de mil pessoas.",true,train
fakebr_train_1982,informacao morte cerebral dona marisa,fake,train
fakebr_train_1983,vaquinha virtual dona dilma ja conseguiu arrecadar r mil horas,fake,train
fakebr_train_1984,domingos savio psdb disse sera irresponsabilidade caso camara aprove pacote dez medidas contra corrupcao,fake,train
fakebr_train_1985,chegar devagar diz roberto carlos sobre assedio mulheres,true,train
fakebr_train_1986,roberto jefferson passou cirurgia retirar cancer pancreas e recebera quimioterapico gencitabina semanalmente seis meses,true,train
fakebr_train_1987,gabinete dilma perde controle emocional xinga delcidio mentiroso fdp,fake,train
fakebr_train_1988,Mauricio Macri publicou ontem na conta oficial do Facebook uma foto do cachorro Balcarce sentado na cadeira presidencial da Casa Rosada.,fake,train
fakebr_train_1989,lula dilma nunca governaram brasil,fake,train
fakebr_train_1990,governo deve anunciar hoje revisao meta fiscal,true,train
fakebr_train_1991,narrativa golpe associacao temer presidente camara eduardo cunha reu acao autorizada supremo tribunal federal acusado desviar recursos petrobras ganhou forca estrategia sobrevivencia politica,true,train
fakebr_train_1992,stf arquiva investigacoes contra aecio caso prescreveu,fake,train
fakebr_train_1993,eduardo cunha novo aliado pt legisla a causa propria adia cassacao,fake,train
fakebr_train_1994,Lula ficou dor barriga apos chegada.,fake,train
fakebr_train_1995,dilma nao citou palavras petrobras roubos bilhoes zika virus desemprego fome etc,fake,train
fakebr_train_1996,"Suíça identificou contas bancárias de executivos políticos suspeitos de desvios ligados à operação Lava Jato; os donos das contas são executivos Petrobras, fornecedores e políticos brasileiros; a procuradoria suíça abriu investigações suspeita lavagem dinheiro envolvendo cerca us milhoes mantidos na Suíça, congelados.",fake,train
fakebr_train_1997,camara rejeitou denuncia corrupcao contra presidente apresentada pgr,true,train
fakebr_train_1998,Delegado Gustavo Sotero preso preventivamente pelo homicídio triplamente qualificado.,true,train
fakebr_train_1999,Torquato Jardim afirmou que as críticas são infundadas.,true,train
fakebr_train_2000,ontem ministro supremo gilmar mendes classificou cretino criou proposta combate corrupcao defendida juiz federal sergio moro coordenador parana deltan dallagnol,fake,train
fakebr_train_2001,"Intervenção militar decretada por Temer no Rio de Janeiro é apenas seguranca publica; tudo mentira, tudo propaganda, golpe mestre para manter a gestao desastrosa de Cabral no poder.",true,train
fakebr_train_2002,temer quer agenda social planalto pmdb tentam viabilizar candidatura presidente reeleicao,true,train
fakebr_train_2003,lula pode ate ser absolvido,fake,train
fakebr_train_2004,deputado marun atacou bernardo mello franco dizendo nao carater,fake,train
fakebr_train_2005,conselho etica camara instaurou nesta processos disciplinares podem levar cassacao mandato deputados ivan valente jean wyllys erika kokay,true,train
fakebr_train_2006,"PT pretende armar ruas e pedir tropas para proteger Porto Alegre no dia do julgamento de Lula, extemporâneo proposito; só serve lenha pra fogueira.",true,train
fakebr_train_2007,dezenas africanos invadem fronteira espanha guarda tentou impedir grupo quebrou perna,fake,train
fakebr_train_2008,ministro stf teori zavascki morreu politraumatismo lesoes multiplas corpo nao afogamento,true,train
fakebr_train_2009,"Solto pela decisão do ministro Gilmar Mendes, Sérgio Cortes confessou ter participado de um esquema de propinas milionárias na área da saúde.",true,train
fakebr_train_2010,preciso ir alem lava jato combater corrupcao diminuir impunidade brasil,true,train
fakebr_train_2011,novo presidente americano nao vai expulsar imigrantes legais,fake,train
fakebr_train_2012,juiz proibiu lula deixar pais ve risco fuga apos condenacao segunda instancia,true,train
fakebr_train_2013,intuito promover encontro livro leitura leitor nao toa dona sofia vem tornando simbolo mediadora ideal,true,train
fakebr_train_2014,impeachment vai tirar foro privilegiado ministros,fake,train
fakebr_train_2015,hatoum diz nunca filiado partidos politicos,true,train
fakebr_train_2016,dilma morre politicamente,fake,train
fakebr_train_2017,"Roteiro de férias com atrações turísticas (cachoeiras, teatros, museus, igrejas, monumentos históricos, parques e trilhas) na Zona da Mata e Vertentes de Minas Gerais.",true,train
fakebr_train_2018,Ricardo Noblat publicou no Twitter denúncia gravissima de que existe certa bala prata capaz matar Lula e que existe gravacao audio nao tornado publico citando cara desses capazes tudo poderia ser usado dar jeito moro.,fake,train
fakebr_train_2019,"tomas tobe usou milhas acumuladas no cartao corporativo para pagar viagens de trem de uso pessoal, violando regras; ele pediu desculpas publicas e disse que o valor gasto seria descontado do proximo salario.",true,train
fakebr_train_2020,ano apos massacre presos alcacuz continuam sumidos ninguem punido,true,train
fakebr_train_2021,"Um jovem invadiu a alvorada; houve disparos do Exército e ele foi encontrado sob custódia, identidade ainda nao revelada.",fake,train
fakebr_train_2022,doria vai receber ze celso apos reuniao representante silvio santos,true,train
fakebr_train_2023,Defesa de Lula admite a possibilidade de ter ocorrido crime corrupcao e pede prescricao da pena.,fake,train
fakebr_train_2024,site diz nadador americano inventou assalto,fake,train
fakebr_train_2025,washington derrotara qualquer tipo ataque enfrentara qualquer provocacao nuclear misseis,true,train
fakebr_train_2026,camara dos deputados rejeitou a denuncia de corrupcao passiva contra michel temer arquivando a denuncia; a denuncia so podera ser analisada apos temer deixar o cargo,true,train
fakebr_train_2027,presidente marco antonio castello branco afirmou nesta intencao dividir empresa atender expectativas mercado,true,train
fakebr_train_2028,"Andreza Carneiro, vendedora ambulante, foi atropelada durante protesto em Goiânia.",true,train
fakebr_train_2029,furacao harvey tocou solo americano,true,train
fakebr_train_2030,luiz marinho suspeito ter recebido vantagens indevidas campanha sao bernardo campo,true,train
fakebr_train_2031,"bastidores da escolha do novo ministro da Justiça feita por Lula mostram deputados do PT cobrando providências sobre avanços da Lava Jato contra Lula, com o objetivo de livrar o chefe das investigações.",fake,train
fakebr_train_2032,presidente michel temer decidiu antecipar dia volta brasil,true,train
fakebr_train_2033,juristas pedem impeachment,true,train
fakebr_train_2034,Decisão unanime de três desembargadores da turma penal do Tribunal Regional Federal da Região Porto Alegre condenou Luiz Inácio Lula da Silva em segunda instância.,true,train
fakebr_train_2035,"Patrimonio declarado Mauricio Bumlai, filho pecuarista, saltou expressivo nos oito anos, valores passaram milhoes, segundo documento da Receita Federal apurado pela reportagem publicada pelo jornal Estado de São Paulo a partir da quebra de sigilos fiscais da familia Bumlai, identificando evolucao patrimonial suspeita envolvendo Fernando Bumlai e Cristiane Bumlai e negocios com BTG Pactual.",fake,train
fakebr_train_2036,pessoas proximas afirmam nao aguentaria mes prisao faria delacao premiada,fake,train
fakebr_train_2037,"Odebrecht escreveu mp leniencia com aval janete e, com Jaques wagner e o governo dilma lula, negociou a criação de acordo leniencia rapido para aliviar a empreiteira.",fake,train
fakebr_train_2038,cerca detentos escapam penitenciaria interior sp e instituto penal agricola bauru interior sao paulo.,fake,train
fakebr_train_2039,Moro negou o pedido da defesa de Lula para fazer gravacao da audiencia.,true,train
fakebr_train_2040,terceira guerra mundial ja comecou,fake,train
fakebr_train_2041,Suspeita bomba mobiliza pm distrito federal; sacola encontrada frente predio ministerio fazenda bope acionado verificar conteudo sacola; apos analises suspeita explosivos descartada; predio voltou funcionar normalmente.,fake,train
fakebr_train_2042,ministro gilmar mendes decidiu anthony garotinho pode deixar prisao hoje,true,train
fakebr_train_2043,coincidencia ganhadores mega sena virada fizeram apostas mesma loterica,fake,train
fakebr_train_2044,globo diz podera divulgar novas gravacoes dialogo michel temer sergio machado; presidente michel temer conversado sergio machado; periodo gravacoes feitas rede globo atraves canal globo news; novos audios serao divulgados.,fake,train
fakebr_train_2045,cristovam buarque avalia deixar vida publica,true,train
fakebr_train_2046,gilmar aponta servico mal feito lava jato,true,train
fakebr_train_2047,"Música capaz de afetar o corpo humano comum, provocar emoções intensas e reações físicas (arrepio, suor, batimentos cardíacos acelerados), com diferentes estruturas cerebrais envolvidas.",fake,train
fakebr_train_2048,lula estaria planejando fuga algum pais vizinho,fake,train
fakebr_train_2049,lula pode ter prisao preventiva decretada qualquer momento,fake,train
fakebr_train_2050,"Lula condenado a anos de prisão por corrupção passiva e lavagem de dinheiro no caso triplex, ainda réu em ações penais.",true,train
fakebr_train_2051,Video gravado deputada federal cristiane brasil esculachando legislacao justica trabalhista,true,train
fakebr_train_2052,deveria ser filme sobre julgamento nao sobre dilma sobre senado,true,train
fakebr_train_2053,"Nos dias atuais tempo e dinheiro pertencem à dimensão produtiva da vida, e a tecnologia invade o cotidiano tornando a produtividade o centro da vida.",true,train
fakebr_train_2054,Cardeal Bertone é acusado de desviar verbas do hospital infantil Bambino Gesù para reformar um luxuoso apartamento no Vaticano.,fake,train
fakebr_train_2055,policiais militares reserva nao aceitamos ser roubados ainda cima agora ser ameacados oprimidos vamos defender sociedade prontos qualquer convocacao oficial,fake,train
fakebr_train_2056,pericia contratada defesa temer desqualificou audio conversa presidente joesley batista dono jbs,true,train
fakebr_train_2057,"Ronaldo elogia a esposa de Luís Figo, Helen Svedin, de forma irônica, e Figo não gostou.",fake,train
fakebr_train_2058,governo corta verbas e ministerio defesa sofreu retracao investimentos.,fake,train
fakebr_train_2059,maior parte das empresas tecnologia hoje parte abertura capital ainda nao lucro exatamente acontecia modelos negocio sao realistas maior parte perdendo dinheiro,true,train
fakebr_train_2060,vara df rejeita acao temer contra joesley batista,fake,train
fakebr_train_2061,delator ricardo saud afirma braga recebeu r milhoes apoiar dilma rousseff pt eleicoes,true,train
fakebr_train_2062,promotores caso triplex guaruja abandonam cassio conserino fernando henrique araujo promotores mp sao paulo abandonaram ambos disseram nao querem continuar,fake,train
fakebr_train_2063,guido mantega hostilizado ruas novamente,fake,train
fakebr_train_2064,Tribunal negou recurso da União e manteve a decisão que suspende a posse da deputada Cristiane Brasil.,true,train
fakebr_train_2065,Ele afirma que encontros e aparições públicas com políticos e celebridades não significam apoio nem campanha; não é nada disso.,true,train
fakebr_train_2066,"Documentos PF comprovam entrega de propina para a campanha de Dilma Rousseff, com Fernando Baiano como pagador, em encontro com Antonio Palocci e Paulo Roberto Costa, acertado pagamento de milhões para a campanha.",fake,train
fakebr_train_2067,"Segundo delações premiadas do casal marqueteiros Joao Santana e Monica Moura, campanhas exterior renderam us milhões de dólares não declarados, com parte dos pagamentos bancados por empreiteiras para campanhas em Angola, Venezuela, Panamá e El Salvador.",true,train
fakebr_train_2068,FBI poderá entrar auxiliar investigações; polícia federal ministério publico poderão anunciar parceria FBI unidade de investigação departamento justiça estados unidos FBI terá jurisdição investigativa sobre violações de duzentas categorias crimes federais; tal atitude parte justiça federal justificada devido descobertas movimentações financeiras petrolao; bancos investigadores pf ja estados unidos obtiveram acessos registros bancarios ultrapassam quantia milhões dolares titulares desses depositos ja estao sendo investigados; parceria ira analisar logistica reversa uso offshores; agentes publicos empreiteiros politicos acesso toda qualquer operacao remessa feita brasil paraisos fiscais caribe europa asia; informou fonte procuradoria republica.,fake,train
fakebr_train_2069,procuradores eua poderao pedir prisao lula dilma acordo brasken revelou propina milionaria,fake,train
fakebr_train_2070,"Sargento Gerson Costa Pires, bombeiro de Guarujá, é um herói que há três décadas salva pessoas nas praias do litoral paulista e não sabe quantas já resgatou.",true,train
fakebr_train_2071,"Vladimir Putin foi reeleito neste domingo com ampla vitória e deverá manter as políticas atuais e a direção externa, com pouca coisa mudando nos próximos tempos.",true,train
fakebr_train_2072,Atacante Rossi fez lindo gol bicileta e prestou continencia aos policiais durante a comemoracao.,fake,train
fakebr_train_2073,pais precisa desse cara,fake,train
fakebr_train_2074,"Neymar apareceu em vídeo nas redes sociais participando de uma festa em Las Vegas, Estados Unidos, regada de espumante, música eletrônica e muitas mulheres.",fake,train
fakebr_train_2075,"Van atropela várias pessoas perto da mesquita de Londres, deixando várias vítimas feridas.",fake,train
fakebr_train_2076,stf decidiu maioria manter renan calheiros presidencia senado,fake,train
fakebr_train_2077,"Lula foi considerado culpado pelos crimes corrupcao e lavagem dinheiro no caso triplex guaruja, condenacao nove anos seis meses prisao em regime fechado.",true,train
fakebr_train_2078,dinheiro gasto olimpiadas daria construir mil casas populares escolas publicas hospitais,fake,train
fakebr_train_2079,ze dirceu disse poder decisao nao casa civil sim presidente republica,fake,train
fakebr_train_2080,jovem matou dois alunos na escola goyases goiania,true,train
fakebr_train_2081,vamos espancar louco donald trump punhos nucleares,fake,train
fakebr_train_2082,"Lula pode ter a sentença de Moro confirmada pela turma do TRF em janeiro, tornando-o inelegível pela lei ficha limpa e podendo ser preso, conforme jurisprudência firmada pelo STF.",true,train
fakebr_train_2083,manobras militares coreia sul eua enfurecem coreia norte poucos dias regime kim lancar missil afirma poder atingir todo territorio rivais,true,train
fakebr_train_2084,diz honesto todos funcionarios mp policia federal juntos,fake,train
fakebr_train_2085,escultor jorge rivasplata acredita reencarnacao filosofo giordano bruno,fake,train
fakebr_train_2086,lula pode estar planejando fuga europa apos renuncia dilma,fake,train
fakebr_train_2087,senador aecio alvo dois inqueritos stf denunciado delcidio amaral delacao premiada citacoes delcidio aecio atuado maquiar dados cpi correios esconder relacao banco rural chamado mensalao mineiro aecio tambem investigado receber propina furnas subsidiaria eletrobras,fake,train
fakebr_train_2088,"PSB anuncia oposição ao governo Michel Temer e passa defender a renúncia do presidente, além de apoiar a PEC que prevê eleições diretas em caso de vacância.",true,train
fakebr_train_2089,"Viajar de moto pelo Ladakh no Himalaia oferece belas paisagens e uma experiência desafiadora, que exige bom preparo físico, planejamento e paciência devido às estradas de alta altitude.",true,train
fakebr_train_2090,tomb raider fenomeno videogames voltara cinemas neste fim semana dessa vez sueca alicia vikander assume papel heroina lara croft,true,train
fakebr_train_2091,pressupor lula nao sera preso,fake,train
fakebr_train_2092,anatel informou universalizacao acesso internet deve ser prioridade atuacao agencia,fake,train
fakebr_train_2093,guta oriental entenda regiao siria sob intenso ataque chegou crise humanitaria regiao proxima damasco sitiada,true,train
fakebr_train_2094,lula ser candidato presidente republica afirmou sigla,true,train
fakebr_train_2095,eleicao trump marcou nova fase ordem mundial,true,train
fakebr_train_2096,dilma rousseff nao fez nenhum comentario sobre prisoes conducao coercitiva,fake,train
fakebr_train_2097,vaquinha virtual organizada duas amigas dilma ja arrecadou r mil poco horas objetivo custear viagens petista brasil afora,fake,train
fakebr_train_2098,capacidade militar coreia norte vem aumentando ultimas decadas com testes de misseis de longo alcance que poderiam atingir os EUA incluindo Nova York.,true,train
fakebr_train_2099,Igreja catolica nao sera usada palco politico.,fake,train
fakebr_train_2100,gilmar mendes mandou soltar anthony garotinho e tirar tornozeleira eletronica rosinha garotinho.,true,train
fakebr_train_2101,papa francisco lamenta massacre las vegas,true,train
fakebr_train_2102,berardinelli diz que a literatura levantou objecoes filosofia historia teoria progresso certa prudencia questiona filosofia vem automaticamente catalogado direita nao autodefine direita critica porem tambem presente literatura designada esquerda,true,train
fakebr_train_2103,dilma invade cabine aviao presidencial grita piloto voce maluco,fake,train
fakebr_train_2104,Pierre coubertin recriou movimento olimpico final seculo estabeleceu evento nao apenas testava limites humanidade intencionalmente nao frances criou primeiros palcos politicos dimensoes globais agora utilizado coreanos,true,train
fakebr_train_2105,"Delações Odebrecht apontam propina pagos a políticos, muitas vezes parentes, com inquéritos abertos e investigações em curso.",true,train
fakebr_train_2106,cantora elza soares durante voo da american airlines avião pegou fogo.,fake,train
fakebr_train_2107,arquivos governo apontam dilma mentiu sobre encontro marcelo odebrecht,fake,train
fakebr_train_2108,Dorival desabafa sobre gestao futebol brasileiro quer clubes poder decisao junto cbf,true,train
fakebr_train_2109,dialogo juca sugere existencia pacto obstruir operacao lava jato,fake,train
fakebr_train_2110,"Budeikin disse que os jovens nao serviam nada, eram lixo humano e desperdicio biologico, afirmando estar ajudando o mundo a limpar a escoria da sociedade.",fake,train
fakebr_train_2111,despesa funcionalismo federal ano vai aumentar bilhoes reais parte causa reajustes feitos ano passado,true,train
fakebr_train_2112,"Vários chefes de estado foram destituídos, afastados ou forçados a renunciar ao cargo após enfrentar processos.",true,train
fakebr_train_2113,diario oficial confirma exoneracao lula dilma rousseff exonerou ministros,fake,train
fakebr_train_2114,lava jato curitiba quer avancar agora sobre financiamento iniciativas culturais via lei rouanet; delegado policia federal eduardo mauat encaminhou oficio ao ministério transparencia fiscalizacao controle solicitando detalhes sobre maiores recursos via lei rouanet nos últimos anos.,true,train
fakebr_train_2115,Rodrigo Janot apresentou ao STF denúncia contra a cúpula PMDB no Senado por organização criminosa.,fake,train
fakebr_train_2116,"organização cadastrando pessoas promete invadir brasilia mil pessoas, suposto objetivo ocupar brasilia.",fake,train
fakebr_train_2117,Formigas parecem poder resolver o problema caixeiro viajante escolhendo caminhos otimos.,true,train
fakebr_train_2118,lobista alexandre paes santos aps preso envolvimento suposto esquema compra medidas provisorias governo federal arrolou luiz inacio lula silva depor testemunha defesa,true,train
fakebr_train_2119,nao farei delacao,fake,train
fakebr_train_2120,"Jogo baleia azul é um fenômeno virtual surgido na Rússia, apresentado como competição com tarefas diárias orientadas por um tutor virtual, cuja última missão é tirar a própria vida; o jornal russo novaya gazeta publicou suicídios de crianças associados ao jogo e o cabeleireiro chamado philipp budeikin foi detido acusado de organizar oito grupos promovendo suicídio.",fake,train
fakebr_train_2121,joao doria psdb prefeito eleito sao paulo primeiro turno respondeu provocacao,fake,train
fakebr_train_2122,"Dinheiro roubado Petrobras repassado através odbrecht publicitaria; Monica Moura e Joao Santana teriam recebido milhões via caixa dois na campanha de Dilma Rousseff, e haveria acordo para entregar um apartamento de alto luxo em sao paulo (e possivelmente em nova york).",fake,train
fakebr_train_2123,ccj senado aprovou nesta projeto endurece criterios concessao saidas temporarias presos,true,train
fakebr_train_2124,"Estudante agredido durante protesto em Goiânia está internado, com quadro ainda grave, estável, transferido para a UTI.",true,train
fakebr_train_2125,"Desculpe, não posso extrair ou reproduzir declarações difamatórias sobre pessoas reais. Resumo neutro: a postagem afirma que Shiloh, filha de Brad Pitt e Angelina Jolie, estaria em tratamento hormonal para mudança de gênero desde a infância, segundo boatos de tabloides, sem confirmação.",fake,train
fakebr_train_2126,"Ataque à caravana Lula no Paraná ocorreu com disparos de arma de fogo, dois ônibus foram atingidos, ninguém ficou ferido e foi aberto inquérito policial para apurar as circunstâncias.",true,train
fakebr_train_2127,coreia sul estao preparadas assassinar kim caso pais sinta ameacado,fake,train
fakebr_train_2128,maior jurista pais faz alerta tenebroso impeachment nao passar brasil vai virar venezuela,fake,train
fakebr_train_2129,"o estado tera indenizar os parentes de detentos mortos nos presídios do Maranhão, conforme decisão da Terceira Vara Federal, com indenização para cada família e pensão aos filhos dependentes (e ao cônjuge atual caso não haja filhos), ação impetrada pela OAB Maranhão.",fake,train
fakebr_train_2130,maia diz invasao policiais camara nao assusta,fake,train
fakebr_train_2131,estao sendo presos felipe picciani filho jorge picciani irmao ministro esportes temer gerente agrobilara empresa conduz negocios familia,true,train
fakebr_train_2132,dilma diz quer voltar consultar populacao sobre novas eleicoes presidenciais sera necessario consultar populacao,fake,train
fakebr_train_2133,malafaia manda recado lula homem mente descaradamente parece diabo,fake,train
fakebr_train_2134,delacao jbs resultou denuncia contra presidente corrupcao temer,true,train
fakebr_train_2135,dilma finge solidariedade katia abreu,fake,train
fakebr_train_2136,algum desses bens nao pertence acervo pessoal luiz inacio lula silva,true,train
fakebr_train_2137,enem bate recorde arrecadacao inscricoes,true,train
fakebr_train_2138,Petrobras poderá promover rodada de demissões.,fake,train
fakebr_train_2139,quadro saude dama piora estado considerado gravissimo,fake,train
fakebr_train_2140,"Professora marcia friggi foi agredida por um aluno durante a aula, e a exposição do caso nas redes sociais desencadeou nova onda ataques contra marcia.",true,train
fakebr_train_2141,joesley batista registrou policia federal ameaca,fake,train
fakebr_train_2142,"Algoritmos nao sao ferramentas neutras objetivas; contrario sao enviesados, reforcam preconceitos e agravam injusticas, colocando risco democracias.",true,train
fakebr_train_2143,odeio brasil,fake,train
fakebr_train_2144,Lider psdb diz esperar bonifacio deixe relatoria ate quarta.,true,train
fakebr_train_2145,Dilma Rousseff praticamente dias contados,fake,train
fakebr_train_2146,Temer diz geddel fica governo e explicou que a pressao feita por geddel sobre iphan nao surtiu efeito; Marcelo Calero acusou geddel vieira lima de pressionar o iphan para liberar empreendimento no centro historico de salvador.,fake,train
fakebr_train_2147,"PF investiga propina na construção do estádio do Corinthians envolvendo a Odebrecht, com Marcelo Odebrecht participando ativamente do pagamento das propinas.",fake,train
fakebr_train_2148,eleicao de 2018 sera o epilogo do periodo marcado pela operacao lava jato,true,train
fakebr_train_2149,"Cláudio Melo Filho aponta, na delação da Odebrecht, que Mineirinho é o beneficiário de milhões de reais em pagamentos indevidos.",fake,train
fakebr_train_2150,"Juízes e promotores de Piracicaba fizeram manifestação contra o projeto de lei sobre abuso de autoridade, que está sendo discutido no Senado e pode ser votado pela Comissão de Constituição e Justiça ainda nesta semana.",true,train
fakebr_train_2151,lula disse nao queria incendiar pais,fake,train
fakebr_train_2152,O TSE rejeitou a cassação da chapa formada por Dilma Rousseff e Michel Temer.,true,train
fakebr_train_2153,acao popular aguarda decisao justica federal aponta ha menor sentido juridico manter beneficios presidente casa parlamentar afastado,true,train
fakebr_train_2154,dilma nao encontrou marcelo odebrecht,fake,train
fakebr_train_2155,dono frigorifico jbs gravou temer dando aval comprar silencio eduardo cunha,true,train
fakebr_train_2156,lula deve ser julgado,true,train
fakebr_train_2157,aqui estao principais noticias,true,train
fakebr_train_2158,noiva morreu acidente helicoptero,true,train
fakebr_train_2159,lula disse presidente lula candidato reeleicao faz politica,fake,train
fakebr_train_2160,petistas reafirmam vai ser registrado candidato presidencia,true,train
fakebr_train_2161,"Investigações provam há indícios de pagamentos recebidos lils para serviços prestados por empreiteiras investigadas, que teriam servido para maquiar vantagens indevidas, com milhões de reais recebidos pelo instituto classificados doacoes, repassados Camargo Correa Odebrecht Queiroz Galvão OAS Andrade Gutierrez.",fake,train
fakebr_train_2162,ministro stf libera andrea neves prisao domiciliar decisao marco aurelio mello uso tornozeleira eletronica,true,train
fakebr_train_2163,"Soldado primeira classe atingido cabeca por bala; bala perdida pode ter sido disparada apos investigacao preliminar, exercito declarou.",fake,train
fakebr_train_2164,"Juiz suspendeu hoje a nomeação de Moreira Franco para o cargo de ministro da Presidência, em decisão liminar provisória, citando a delação da Odebrecht e afirmando que Moreira Franco representava interesses de Temer.",fake,train
fakebr_train_2165,ha chances asteroide cair terra exterminar toda raca humana,fake,train
fakebr_train_2166,senadora pt acusa stf ser cumplice golpe,fake,train
fakebr_train_2167,taxas homicidios elevadas brasil hoje ocorrem estados onde governos instituicoes estao politicamente fragilizados.,true,train
fakebr_train_2168,temer assina mp reduz anos idade minima saque,true,train
fakebr_train_2169,vallisney autorizou mega operacao greenfield iniciada ontem emitir mandados judiciais prisao temporaria mandatos busca apreensao alem mandatos conducao coercitiva,fake,train
fakebr_train_2170,jovem agredido baile funk virada ano itupeva internado hospital sao vicente paulo estado saude considerado estavel caso investigado tentativa homicidio,true,train
fakebr_train_2171,"TCE contesta pedido de empréstimo do estado para financiar municípios de Santa Catarina e exige que o governo preste esclarecimentos, podendo expedir liminar impedindo a contratação.",true,train
fakebr_train_2172,"paises expulsaram diplomatas russos nos ultimos dois dias em retaliação ao ataque gas nervoso novichok russo no solo britanico (Salisbury), gerando uma crise diplomatica russia ocidente desde a anexacao crimeia.",true,train
fakebr_train_2173,coreia norte anuncia territorio americano guam sera atacado qualquer momento,fake,train
fakebr_train_2174,dilma demonstra incrivel falta direcao,fake,train
fakebr_train_2175,decisao negar recursos tomada mesmos desembargadores turma julgaram apelacao lula janeiro ocasiao mantiveram condenacao imposta juiz operacao lava jato primeira instancia sergio moro,true,train
fakebr_train_2176,"PSDB moveu ação pedindo cassação da chapa Dilma Rousseff-Michel Temer no TSE, alegando abuso de poder político e econômico, com o Ministério Público Eleitoral recomendando cassação do mandato de Temer e tornando Dilma inelegível; julgamento começará nesta terça.",true,train
fakebr_train_2177,Lula divulgou hoje video dizendo impeachment golpe aprovado proximo domingo.,fake,train
fakebr_train_2178,adocao vistos eletronicos rapidos operacionais aumentara fluxo viajantes,true,train
fakebr_train_2179,nao ha base juridica impeachment,fake,train
fakebr_train_2180,urgente renan abre votacao pl abuso autoridade,fake,train
fakebr_train_2181,lula nao puder ser candidato,true,train
fakebr_train_2182,lula contrata criminalistas caros.,fake,train
fakebr_train_2183,trf nega pedido lula adiar depoimento tera depor amanha,fake,train
fakebr_train_2184,bonner fotografado saindo globo junto nova namorada fisioterapeuta natasha dantas,fake,train
fakebr_train_2185,uniao sovietica influenciou surgimento expansao radicalismo islamico,true,train
fakebr_train_2186,"Há relatos de adesão de adolescentes ao jogo Baleia Azul no Brasil, com investigações em curso, e ainda não há relatos confirmados de ligação entre o jogo e suicídios.",true,train
fakebr_train_2187,dona marisa leticia imediatamente submetida atendimento emergencia seguido cirurgia endovascular embolizacao oclusao aneurisma devera ficar uti tempo indeterminado,fake,train
fakebr_train_2188,ministra carmen lucia afirma inadmissivel pratica gravissimo crime contra stf contra democracia contra liberdades,fake,train
fakebr_train_2189,"Coreia do Norte continuará a testar mísseis com frequência crescente, elevando as tensões com os EUA.",fake,train
fakebr_train_2190,parana cameras prf flagram colisao moto carro; deixou morto ferido; motorista carro parou varios metros e recusou fazer teste bafometro.,fake,train
fakebr_train_2191,janot denunciou stf jose guimaraes corrupcao passiva lavagem dinheiro,true,train
fakebr_train_2192,Cubanos em Miami comemoraram a morte de Fidel Castro.,fake,train
fakebr_train_2193,lewandowski suspende sessao impeachment apos baixaria lindbergh gleisi lindbergh farias causando tumulto,fake,train
fakebr_train_2194,exercito punido multa r mil apos abater onca juma,fake,train
fakebr_train_2195,mae isabella nardoni lembra dez anos morte filha aprendi lidar dor ana carolina oliveira diz reconstruiu vida apos crime,true,train
fakebr_train_2196,Delator diz que Dilma Rousseff pediu dinheiro propina para abastecer a campanha de Gleisi Hoffmann no Senado.,fake,train
fakebr_train_2197,"Exército EUA participará do exercício militar Amazônia, com base multinacional em Tabatinga, fronteira triplice Brasil-Peru-Colômbia, em novembro deste ano.",true,train
fakebr_train_2198,Delcidio Amaral corre risco de cassação do mandato.,fake,train
fakebr_train_2199,"Áudio mostra conversa dentro do quarto de hotel onde Ana Hickmann sofreu atentado, com ela mantida refém por um obcecado armado, durante o ataque, divulgado nas redes sociais; aparentemente envolve Rodrigo Augusto Padua, suposto autor.",fake,train
fakebr_train_2200,Explosao de fake news e desinformação veiculadas principalmente pelo duopolio digital planetario facebook google turbinou campanha presidencial e influenciou a eleição de Donald Trump.,true,train
fakebr_train_2201,Lula desviava dinheiro ate proprio instituto.,fake,train
fakebr_train_2202,"ONU alerta que a Síria mergulha nova onda violência, com civis sitiados e milhões de refugiados, segundo relatório da Comissão de Inquérito da ONU sobre crimes na Síria, presidida pelo brasileiro Paulo Sérgio Pinheiro.",true,train
fakebr_train_2203,frances ainda nao conformou derrota continua provocando torcida,fake,train
fakebr_train_2204,"Condenação de Lula gerou reações políticas de adversários e apoiadores após julgamento, com pena de anos e meses de prisão.",true,train
fakebr_train_2205,"Turquia prendeu jornalistas em repressão à tentativa de golpe militar, e a Comissão Europeia colocou dúvidas sobre a entrada da Turquia na União Europeia.",true,train
fakebr_train_2206,site portugal escreveu materia ridiculariza politicos pais tudo disseram absolutamente veridico,fake,train
fakebr_train_2207,metade senado assina pedido votar plenario fim foro privilegiado,true,train
fakebr_train_2208,Mercado petroleo mundo vive novo paradigma segundo previsoes analistas apontam duas decadas havera queda significativa combustiveis fosseis,true,train
fakebr_train_2209,debate sobre denuncia contra temer deve dominar pauta semana camara,true,train
fakebr_train_2210,Senado aprovou MP que acaba com o mandato do presidente da EBC e permite que a direção da empresa pública seja trocada a qualquer momento pelo presidente da República.,true,train
fakebr_train_2211,ultima presidente dilma rousseff dirigiu ordens declarando ser necessaria presenca exercito brasilia garantir seguranca dilma transferiu competencia comandar exercito temporariamente ministro defesa,fake,train
fakebr_train_2212,brad pitt nao inteligencia,fake,train
fakebr_train_2213,Adriana Ancelmo beneficiada liminar concedida stj permitiu cumprisse pena prisao domiciliar,true,train
fakebr_train_2214,jessica postou anuncio craigslist buscando pai para bebe,true,train
fakebr_train_2215,"Discurso de ódio sempre existiu; hoje, graças à internet, é mais fácil disseminá-lo.",true,train
fakebr_train_2216,tensao coreia norte mundo pode estar proximo guerra mundial,true,train
fakebr_train_2217,russia aponta misseis principais cidades europa afirmacao feita exercito estados unidos moscou sendo acusada implantar missil cruzeiro pode atingir facilmente qualquer lugar exterminar milhares vidas segundos,fake,train
fakebr_train_2218,"Os documentos vazados revelam uma rede de empresas offshore controladas por líderes mundiais e figuras de poder, com bancos, escritórios de advocacia e intermediários que vendem sigilo, ocultam transações e acordos financeiros secretos, facilitando corrupção, lavagem de dinheiro e sonegação fiscal ao redor do mundo.",true,train
fakebr_train_2219,Albinos brasileiros vivem invisiveis ao poder publico; nao existe politica publica que os auxilie diretamente; nao foram realizadas pesquisas demograficas e nao sabemos quantos albinos existem por nao haver censo.,true,train
fakebr_train_2220,dilma presidenta comete crime assassinato,fake,train
fakebr_train_2221,assista ate final video abaixo apenas minutos podera mudar modo voce enxerga vida,fake,train
fakebr_train_2222,russia divulga imagens nuclear pode destruir pais segundos sarmat capaz enganar qualquer sistema defesa antimissil existente,fake,train
fakebr_train_2223,Jorge Bruno Luz confessaram pagamento r milhoes propinas oriundos contratos petrobras.,true,train
fakebr_train_2224,fitch rebaixou nota credito soberano brasil bb rating brasil colocado agora degraus abaixo grau investimento,true,train
fakebr_train_2225,Mil candidatos tiraram zero redacao enem,fake,train
fakebr_train_2226,Kanye West apagou perfis no Twitter e no Instagram.,true,train
fakebr_train_2227,"Temer afirmou que o Brasil poderá recorrer à OMC junto com outros países contra a sobretaxa de aço importado anunciada pelos EUA, descartou uma representação unilateral na OMC e disse apostar no diálogo.",true,train
fakebr_train_2228,"O governo está tentando aprovar a reforma previdência, Temer não esteve presente na abertura dos trabalhos e mandou mensagem pedindo urgência sobre o assunto reforma.",true,train
fakebr_train_2229,faliu minas,fake,train
fakebr_train_2230,policia nacional paraguai vai investigar participacao policiais,true,train
fakebr_train_2231,situacao dilma senado praticamente irreversivel,fake,train
fakebr_train_2232,"A postagem afirma que a filósofa petista Marilena Chauí está delirando/paranoica, dizendo que Sérgio Moro é treinado pelo FBI e age sob mando do FBI com o objetivo de desestabilizar o Brasil, apresentando a Lava Jato como prelúdio da grande sinfonia de destruição da soberania brasileira.",fake,train
fakebr_train_2233,stf compra mil municoes pistolas,fake,train
fakebr_train_2234,"A série Mecanismo, inspirada na Lava Jato, traz retrato desesperancoso do Brasil e aborda a corrupção estrutural que atinge todos os níveis de poder.",true,train
fakebr_train_2235,cobranca diferenciada preco entre homens mulheres é ilegal,fake,train
fakebr_train_2236,Pautas conservadoras avançam na gestão Michel Temer.,true,train
fakebr_train_2237,"Contrato compra imovel no valor de milhões, com opcao de compra de imovel comercial no bairro indianopolis sao paulo, cujo documento foi encontrado pela policia federal na residencia lula em sao bernardo campo.",fake,train
fakebr_train_2238,"Gilberto Camporez, morador rua, faz livro poesia e o livro velha calcada sera lancado nesta anos no auditorio usp sao francisco.",true,train
fakebr_train_2239,envelope continha apenas fotos neta completando anos idade,fake,train
fakebr_train_2240,juca desmente materia diz nao teme qualquer tipo investigacao,fake,train
fakebr_train_2241,coreia norte prometeu lancar ataque nuclear contra estados unidos caso unica bala disparada,fake,train
fakebr_train_2242,Portal ig demite jornalista,fake,train
fakebr_train_2243,petrobras ja empresa quebrada,fake,train
fakebr_train_2244,japao diz coreia norte pode devastar mundo armas quimicas,fake,train
fakebr_train_2245,bolsonaro diz tiros partiram proprios petistas psl nega ter incentivado simpatizantes atacar comitiva lula,true,train
fakebr_train_2246,"Chapa contratou a empresa citada dco para enviar emails nas vésperas do segundo turno, recebendo milhões de reais da campanha dilmista, e a empresa não tem alvará de funcionamento, apenas notebook, com apenas três supostos funcionários não registrados.",fake,train
fakebr_train_2247,advogado escreve receita pamonha peticao provar juiz nao le autos,fake,train
fakebr_train_2248,"Existe um suposto suborno para deputados votarem contra o impeachment, com o presidente oferecendo r milhao a cada deputado para votar contra o impedimento, segundo jornal globo publicou ontem, com o dinheiro revertido para obras do estadio, visando convencer indecisos e abstenções; informação ainda nao comentada palacio planalto.",fake,train
fakebr_train_2249,"Há uma trama nos bastidores para atrasar o julgamento do TSE contra Michel Temer, com substitutos indicados e pedido de vista, visando assegurar maioria da corte eleitoral a favor de Temer.",fake,train
fakebr_train_2250,pt desespera diante cassacao registro,fake,train
fakebr_train_2251,justica federal determina suspensao atividades instituto lula,true,train
fakebr_train_2252,caminhoneiros anunciam paralisacao,fake,train
fakebr_train_2253,"Temer foi vaiado no Rio de Janeiro durante pronunciamento, com espectadores levantando placas com dizeres 'temer golpista'.",true,train
fakebr_train_2254,acoes petrobras despencam custam equilavente quilo tomates,fake,train
fakebr_train_2255,Edir Macedo ficara cadeira rodas.,fake,train
fakebr_train_2256,atriz sofre doenca denominada hidrocefalia oculta,fake,train
fakebr_train_2257,"Moro decidiu soltar federal candido vaccarezza, exigindo fiança de 1 milhão, detido temporariamente durante a fase Abate da Operação Lava Jato, com direito a habeas corpus e assinatura de termo de compromisso, podendo depositar o dinheiro dentro do prazo.",true,train
fakebr_train_2258,"Prefeitos esvaziam reunião da assembleia legislativa sobre uso royalties, gerando boicote ao projeto.",true,train
fakebr_train_2259,"PT acionou o Conselho de Ética da Câmara contra o deputado Wladimir Costa por quebra de decoro parlamentar, apresentando representação por divulgação de montagem que mostra a filha da deputada Maria Rosario em trajes íntimos.",true,train
fakebr_train_2260,"afirmou ter matado presos, deveria haver chacina.",true,train
fakebr_train_2261,portanto imprescritivel inafiancavel sujeito pena reclusao injuria racial crime instantaneo,fake,train
fakebr_train_2262,amazonas lidera ranking brasileiro incidencia tuberculose,true,train
fakebr_train_2263,"Startups do Vale do Silício querem mudar hábitos alimentares produzindo alimentos base vegetais que imitam carne, leite e ovos, com menor impacto ambiental, atraindo investidores de capital de risco, apesar de incertezas sobre a aceitação pelo consumidor.",true,train
fakebr_train_2264,panorama internacional coisa cinema entra fase puberdade consolidado calendario amantes setima arte interessado experimentar coisas novas neste ano pretende lancar luz sobre recente geracao diretores despontam cenario nacional internacional,true,train
fakebr_train_2265,joao santana recebeu r milhoes eleger lula dilma atraves escritorio propinas odebrecht,fake,train
fakebr_train_2266,"A deputada federal Cristiane Brasil foi indicada para o Ministério do Trabalho pelo governo Temer, sendo infratora contumaz da legislação trabalhista, com a nomeação suspensa pela Justiça.",true,train
fakebr_train_2267,odebrecht admite ter pago propina funcionarios governo politicos outras autoridades objetivo obter contratos beneficios obras,true,train
fakebr_train_2268,Bombeiro furtou caminhão; não lembra; sofre profundo sofrimento mental; defesa vai pedir soltura/revogação da prisão preventiva.,true,train
fakebr_train_2269,lula sera preso,fake,train
fakebr_train_2270,maranhao possui maior proporcao pessoas condicoes pobreza extrema segundo ibge dados sintese indicadores sociais brasil,true,train
fakebr_train_2271,PT moveu duas representacoes contra eduardo bolsonaro acusando cuspir em jean wyllys durante sessao plenario e de editar publicar video internet com objetivo prejudicar jean wyllys; o conselho etica camara aprovou dois processos para apurar a conduta do deputado.,true,train
fakebr_train_2272,fhc diz dilma paga heranca maldita deixada antecessor luiz inacio lula silva,true,train
fakebr_train_2273,"Crise de saude no Rio de Janeiro no primeiro ano do governo Marcelo Crivella, com superlotacao, falta de medicos, enfermeiros, remedios, equipamento e leitos, filas para consultas e cirurgias, herdada da gestao anterior e com a gestao de organizacoes sociais.",true,train
fakebr_train_2274,"o governo brasileiro não tem combatido efetivamente a dengue e o Aedes aegypti; tem usado dinheiro público para campanhas publicitárias espetaculares e medidas populistas, com desvio/roubo de recursos da saúde.",fake,train
fakebr_train_2275,"Lula negou ter recebido imovel guaruja litoral paulista, negou ter ocultado propriedade triplex e negou ter orientado empreiteira oas leo pinheiro destruir provas pagamentos propina.",true,train
fakebr_train_2276,governo aprovou verba r mil claudia leitte financiar biografia; ministerio cultura autorizou somente captacao r mil; disse obra causara impacto cultural positivo e sera distribuida forma gratuita,fake,train
fakebr_train_2277,"As celebrações da pascoa cristã combinam liturgia oficial e tradições populares em todo o mundo, incluindo rituais de autoflagelacao na calabria, a troca de ovos chocolate e procissões, e segundo basil cipriani, a teoria religiao difusa afirma que o cristianismo nao vai terminar nos proximos anos.",true,train
fakebr_train_2278,"sammi voltou a andar apos cirurgia e reabilitacao; agora ja pode correr, saltar e brincar.",fake,train
fakebr_train_2279,raquel dodge ajuizou ontem acao direta de inconstitucionalidade supremo tribunal federal stf contestar trechos decreto indulto natal assinado presidente michel temer.,true,train
fakebr_train_2280,economia americana criou milhoes empregos acordo us bureau of labor statistics,true,train
fakebr_train_2281,Estagiário flagrado vivo assistindo filminho adulto durante apresentacao telejornal; estagiário afastado temporariamente de funções.,fake,train
fakebr_train_2282,senador nao respeita absolutamente ninguem nao cala presidente supremo lindbergh farias petista fanfarrao,fake,train
fakebr_train_2283,preciso antecipar eleicoes,fake,train
fakebr_train_2284,"Mototaxistas autuados bloquearam estrada em manifestação pacífica na Rocinha, com o objetivo de despistar as forças de segurança.",true,train
fakebr_train_2285,agente penitenciaria recebe punicao porque chamou esposa cabral detenta,fake,train
fakebr_train_2286,barbosa michel temer nao legitimidade governar,fake,train
fakebr_train_2287,"Promotoria patrimonio publico entrou acao para impedir saques fundo previdenciario rn (IPERN), pedindo que IPERN abstenha sacar recursos, sob alegação de que o estado perderia cerca de milhoes.",true,train
fakebr_train_2288,TSE decidiu revogar prisao preventiva de Garotinho e fixar medidas cautelares.,true,train
fakebr_train_2289,s p rebaixou nesta nota credito soberano brasil bb rating pais segue selo bom pagador agora tres degraus abaixo grau investimento ja perspectiva nota mudou negativa estavel rebaixamento ja esperado,true,train
fakebr_train_2290,pioneiro empreendedorismo digital brasil afirma comprar casa propria pra otario comprar casa otario sera voce deveria comprar casa provavelmente voce vai terminar pagar tao sonhada casa propria,fake,train
fakebr_train_2291,fui vitima tentativa estupro,true,train
fakebr_train_2292,"EUA expandiram o país tomando metade do território do México, incluindo Califórnia, Nevada, Texas, Utah, Novo México, Arizona, Colorado e Wyoming.",fake,train
fakebr_train_2293,estado paulista nao precisa tropas federais,true,train
fakebr_train_2294,"A apresentadora Luana Almeida Domingos foi presa em Ilhabela, litoral paulista, sob suspeita de corrupção ativa e de integrar organização criminosa (facção criminosa PCC), com mandado de prisão preventiva emitido pela Polícia Civil.",fake,train
fakebr_train_2295,mulher morre esfaqueada durante briga,true,train
fakebr_train_2296,"Jovem Wilque Romano Silva foi morto por disparo de policiais militares durante perseguição, com o laudo pericial indicando tiro nas costas; a polícia afirma que Silva apontou arma para a viatura antes de ser baleado.",true,train
fakebr_train_2297,helicoptero americano tipo apache guardando comboio veiculos blindados grupo terrorista estado islamico,fake,train
fakebr_train_2298,país vive crise institucional gravissima apos afastamento Renan Calheiros,true,train
fakebr_train_2299,sinto grande insatisfacao coisas absurdas estao acontecendo brasil nao entendo politica saber processo solucao resolver alguma forma,fake,train
fakebr_train_2300,assessora instituto lula alvo ataques verbais obscenos,fake,train
fakebr_train_2301,"O ator Nelson Freitas, da TV Globo, ficou emocionado e fez questão de agradecer aos policiais que participaram da operação após a PM do Rio de Janeiro recuperar hoje a moto roubada.",fake,train
fakebr_train_2302,trama desmontada verdade venceu,true,train
fakebr_train_2303,fumaca fica parada significa pessoa tera vida longa fumaca dispersa sobre rapido vida sera curta,fake,train
fakebr_train_2304,"EUA lançaram mísseis Tomahawk contra a base aérea síria Al-Shayrat, perto de Homs.",true,train
fakebr_train_2305,aqui estao principais noticias,true,train
fakebr_train_2306,"Camillo Gornati é apontado pela PF como responsável pela instalação e manutenção do sistema drousys utilizado pela Odebrecht para pagamento de propinas, com defesa alegando que atuou apenas como gerente de TI e que não foi denunciado.",true,train
fakebr_train_2307,"Ladrão usa criança para roubar apartamento em Moema; dupla rendeu empregada e levou celulares, relógios, dinheiro e moeda estrangeira.",true,train
fakebr_train_2308,ataque caravana luiz inacio lula silva parana dois onibus comitiva atingidos tres tiros,true,train
fakebr_train_2309,janot manda destruir provas.,fake,train
fakebr_train_2310,renan calheiros diz ministerio publico passou fazer politica,true,train
fakebr_train_2311,leo dias sofre acidente carro,fake,train
fakebr_train_2312,Cunha tenta defender que as despesas sao mulher dependente.,fake,train
fakebr_train_2313,governo portugal podera pedir ordem prisao lula atraves tribunal internacional haia,fake,train
fakebr_train_2314,Gilmar Mendes afirmou em São Paulo que discute com Michel Temer uma proposta de emenda constitucional para adotar o modelo semipresidencialista no Brasil.,true,train
fakebr_train_2315,Senadora Gleisi Hoffmann deu conselho nao lavem roupa nao lavem loucas nao levem filhos escola nao facam nada casa propondo manifestação dentro casa iremos vestir camisetas vermelhas comecar quebrar lar entao colocar fogo pneus montar barricadas.,fake,train
fakebr_train_2316,"apos ataques, a esquerda vao participar do ato em apoio a lula em curitiba; a manifestacao sera a ultima etapa; a caravana petista teve a passagem por guarapuava cancelada.",true,train
fakebr_train_2317,vamos estuprar corruptos,fake,train
fakebr_train_2318,ministro justica cancela almoco sp reunir temer janot presidente republica,true,train
fakebr_train_2319,"supremo reabriu investigações sobre a famosa lista furnas, na qual políticos teriam recebido dinheiro caixa dois, incluindo jose serra, geraldo alckmin, aecio neves e eduardo cunha; provavelmente ninguém sera condenado, pois crimes ocorreram devem estar proximos prescreverem.",fake,train
fakebr_train_2320,"Delacoes da Odebrecht apontam superfaturamento na construção da Arena da Amazônia, segundo o TCU.",true,train
fakebr_train_2321,cemig fechou ano lucro liquido r bilhao representa avanco comparacao ano anterior segundo balanco divulgado,true,train
fakebr_train_2322,brasilia mulher deixou envelope suspeito endereçado dilma roussef; não era bomba; policia militar acionada; envelope continha apenas duas carteiras de trabalho cujos nomes contidos nos documentos não divulgados.,fake,train
fakebr_train_2323,"Lula atacando Dilma novamente para conseguir boquinha governo michel temer obter foro privilegiado para escapar ser julgado primeira instancia, agora agindo peemedebista.",fake,train
fakebr_train_2324,Ontem foi um dia histórico porque acabou a recessão no Brasil de dois anos.,true,train
fakebr_train_2325,"instituto saude é alvo de operacao mp varginha que investiga desvio r milhao com cumprimento de mandados de busca e apreensao, e dois funcionarios denunciados por peculato e lavagem de dinheiro.",true,train
fakebr_train_2326,quero aqui manifestar solidariedade jornalista monica iozzi,fake,train
fakebr_train_2327,senado aprovou intervencao federal seguranca publica rio,true,train
fakebr_train_2328,executivos assinaram acordos delacao premiada ministerio publico marcelo odebrecht ja assumiu havia esquema corrupcao envolvendo dinheiro publico dentro empresa,fake,train
fakebr_train_2329,filme sobre lava jato chegam cinemas,true,train
fakebr_train_2330,psol vai justica anular posse moreira franco ministro nomeado ganhou status ministro faz so possa ser investigado operacao lava jato,true,train
fakebr_train_2331,maria magistrada rosario anula decisao juiz federal imediatamente,fake,train
fakebr_train_2332,"Retrospectiva dos principais fatos do ano em Mato Grosso, incluindo delação de políticos recebendo propina, chacina de trabalhadores rurais, assassinato de prefeito, operações da Polícia Federal e denúncias de supersalários de juízes.",true,train
fakebr_train_2333,"Defesa de Lula entrou com embargos de declaração contra a sentença condenatória, alegando omissões, contradições e obscuridades, afirmando que Moro desqualificou declarações de testemunhas e que a condenação se baseou no depoimento de Leo Pinheiro, e informou que vai recorrer novamente.",true,train
fakebr_train_2334,"Relatório da PF aponta que Lula recebeu vantagens por obras da Odebrecht em Cuba, República Dominicana e Angola, com investigações indicando que atuava como lobista da construtora junto a governos estrangeiros e influenciava financiamentos do BNDES.",fake,train
fakebr_train_2335,apresentador falecido previu futuro sergio moro prendera quadrilha pt,fake,train
fakebr_train_2336,"Existe uma guerra surda entre dois órgãos do estado, disputando a preferência do público pagante, premiar a eficiência no combate a crimes corruptos.",true,train
fakebr_train_2337,moro ordena leilao publico triplex atribuido lula valores venda devem ser destinados apos transito julgado,true,train
fakebr_train_2338,dezessete paises registram casos microcefalia aossociada zika virus ja transmissao paises conforme dados oms,true,train
fakebr_train_2339,"presidente michel temer acelera troca ministros governo e busca nomes reforma ministerial, apoio votacao reforma previdencia congresso",true,train
fakebr_train_2340,"Joao Santana, marqueteiro do PT, está na cadeia (Curitiba); a defesa já negocia possível acordo; será interrogado pelo juiz Sergio Moro; a investigação aponta repasses de milhões de dólares ao exterior pela Odebrecht; Santana cuidou da publicidade durante a campanha de reeleição de Lula e Dilma Rousseff.",fake,train
fakebr_train_2341,Atlético Paranaense questiona a distribuição das cotas televisivas do Campeonato Paranaense.,true,train
fakebr_train_2342,arte nao crime,fake,train
fakebr_train_2343,"Se a Câmara autorizar instauracao do processo contra Dilma Rousseff, o Senado seguira decisao da Camara e podera afastar Dilma temporariamente por ate seis meses.",fake,train
fakebr_train_2344,funcionarios empresa alegam espirito colega falecido continua escritorio,fake,train
fakebr_train_2345,globo lava jato sao terroristas,fake,train
fakebr_train_2346,juiz sergio moro divulga nota contra anistia,fake,train
fakebr_train_2347,"Júri popular de Campinas/SP vai definir se Anderson Marcelino Ferreira Mamede é culpado ou não pela morte do estudante Denis Casagrande, ocorrida durante festa no campus da Unicamp.",true,train
fakebr_train_2348,"STF negou hoje à tarde outro recurso impetrado pela defesa de Lula, alegando que o juiz federal Sérgio Moro conduzia o processo de forma indevida.",fake,train
fakebr_train_2349,general chamou governo dilma corrupto incompetente agora cumpre funcoes mera substituicao presidente republica nao trara mudanca significativa status quo vantagem mudanca descarte incompetencia ma gestao corrupcao,fake,train
fakebr_train_2350,parlamentares pro dilma comecaram gritar viva presidenta,fake,train
fakebr_train_2351,dilma gente assaltava bancos roubava quarteis pegar armas,fake,train
fakebr_train_2352,rompimento barragens passa ser considerado desastre natural,fake,train
fakebr_train_2353,dilma sabia todo esquema ilicito,fake,train
fakebr_train_2354,edicao refis municipios possam parcelar dividas previdenciarias desconto valores multas juros vai reduzir debito dessas prefeituras cerca r bilhoes,true,train
fakebr_train_2355,deputado confessa nao preocupados reeleicao preocupados nao sermos presos,fake,train
fakebr_train_2356,silvio santos fara danilo gentili pedir desculpas maria rosario,fake,train
fakebr_train_2357,O ministro Marco Aurélio Mello do STF derrubou o afastamento de Aécio Neves e ele poderá retomar as atividades no Senado.,true,train
fakebr_train_2358,ministro fazenda quer acabar com aposentados que recebem duzentos cinquenta mil reais por mês.,fake,train
fakebr_train_2359,video circulando redes sociais mostra presidente michel temer rasgando elogios eduardo cunha,fake,train
fakebr_train_2360,liberacao emendas bate recorde maior valor liberado ultimos quatro anos,true,train
fakebr_train_2361,advogado lula desrespeita sergio moro durante audiencia,fake,train
fakebr_train_2362,"Lista sigilosa sob Fachin contém citações de Lula Palocci e Eduardo Cunha relacionadas à Odebrecht, com casos ainda sob sigilo.",true,train
fakebr_train_2363,Temer cedeu pressao procuradores banco central determinar afastamento quatro caixa; banco divulgou ontem presidente gilberto occhi assinou portaria substituir dias executivos apos dias caso necessidade designacoes passam ser competencia conselho administracao banco.,true,train
fakebr_train_2364,odebrecht nao reformou sitio,fake,train
fakebr_train_2365,"Barbara Costa Araujo conquistou vagas no Instituto Militar de Engenharia (IME) ao passar em provas de matemática e física desafiadoras, com o apoio do professor Max, que pagou almoço durante o ano letivo e ajudou com exames médicos exigidos pelo IME.",true,train
fakebr_train_2366,coreia norte sera potencia nuclear responsavel nao ameacara nenhum pais regiao,true,train
fakebr_train_2367,Bandidos assaltam policial federal levam arma glock,fake,train
fakebr_train_2368,GDF informou que vai mudar o modelo de compensação financeira pago aos catadores após o fechamento oficial do lixão estrutural em Brasília.,true,train
fakebr_train_2369,Lula nega tudo afirmou nao sabia filho recebeu r milhoes,fake,train
fakebr_train_2370,artistas bandas cantam homenagens historias joao pessoa faz coletanea cancoes falam capital paraibana,true,train
fakebr_train_2371,Cenário brasileiro ainda desolador: mulheres são assassinadas todos os dias.,true,train
fakebr_train_2372,lula disse mantega deveria ser tratado ser humano,fake,train
fakebr_train_2373,Claudia Cruz absolvida.,true,train
fakebr_train_2374,investigacao pf aponta campanha sandoval usou jatinho recolher propina,true,train
fakebr_train_2375,"O dono da Bomburguer raspou todas imagens estampadas latinhas coca, dizendo que as músicas cantadas pelos artistas não combinam com seus ideais e não acrescentam nada.",fake,train
fakebr_train_2376,nao intencao machucar pessoas porem queria chegar ate congresso,fake,train
fakebr_train_2377,massacre resultou mortes complexo penitenciario anisio jobim manaus,true,train
fakebr_train_2378,presidente camara disse aliados nesta so vai pautar reforma previdencia momento certo ha menos votos necessarios aprovacao pec casa,true,train
fakebr_train_2379,"Aécio Neves é alvo de nove inquéritos no STF; o Senado Federal, em plenário, revogou o afastamento e restabeleceu o mandato, embora não anule a investigação sobre o caso perante o STF.",true,train
fakebr_train_2380,selecao acougueiros brasil disputa copa mundo carne,true,train
fakebr_train_2381,declinio biodiversidade todo planeta ameaca humanidade,true,train
fakebr_train_2382,A primeira entrevista de Alan Ruschel após a tragédia da Chapecoense emocionou o Brasil.,fake,train
fakebr_train_2383,presidente americano donald trump anunciou sobretaxas aco aluminio importado sob argumento produtos estrangeiros ameacando seguranca nacional eua deixou espaco governos possam negociar isencao,true,train
fakebr_train_2384,foragido espanha jose dirceu vai passear jatinho,fake,train
fakebr_train_2385,descoberta acidental realizada cientistas pode ser cura cancer anexar proteinas malaria celulas cancerosas tumores podem ser erradicados,fake,train
fakebr_train_2386,juiz federal ricardo leite vara federal brasilia suspendeu atividades instituto lula,true,train
fakebr_train_2387,ministro edson fachin deve continuar frente casos ligados jbs,true,train
fakebr_train_2388,lava jato faz nova denuncia acusa jose dirceu receber r milhoes propina segundo mpf,true,train
fakebr_train_2389,ator julio andrade recebeu trofeu redentor melhor ator festival rio,true,train
fakebr_train_2390,"Ceará exibe contas públicas equilibradas e capacidade de investimento inusitada, resultado de uma gestão fiscal que atravessa vários governos e partidos, com austeridade que traz benefícios à população.",true,train
fakebr_train_2391,lula quer colocar sergio moro cadeia,fake,train
fakebr_train_2392,manifestacao psdb absoluta confianca presidente temer fazendo bom trabalho,true,train
fakebr_train_2393,concurso pm deve ficar suspenso ate proximas eleicoes,true,train
fakebr_train_2394,sicario quer ser senador colombia faz algumas ressalvas quero ser politico honesto nao quero ganhar bilhoes pesos algo torno milhoes dolares,fake,train
fakebr_train_2395,"Kim sumiu; o ditador espalhou sosias, e os pais esconderam bunkers antinucleares com plano detalhado para isolar o líder e confundir inimigos, incluindo dezenas de sosias, com abrigos que acomodam dezenas de pessoas, salas de comando, sistema de energia e comunicação independentes, alimentação exclusiva, planejados para durar meses, dificultando a localização via satélite.",fake,train
fakebr_train_2396,camara senado perderam vergonha,true,train
fakebr_train_2397,"Polícia Federal deflagrou a Operação Bullish para investigar fraudes e irregularidades em aportes do BNDES ao grupo JBS/BNDESPar, com mandados de condução coercitiva, buscas e apreensões; investigados negam irregularidades e afirmam que as operações foram absolutamente corretas, e o BNDES diz que coopera com as autoridades.",true,train
fakebr_train_2398,Base aliada vai usar cpmi jbs pressionar ministro supremo tribunal federal questionar ministro luiz edson fachin sobre suposta relacao executivo grupo j f ricardo saud,true,train
fakebr_train_2399,"Rosana Silva, advogada, mora nas ruas e faz faxina para sobreviver.",fake,train
fakebr_train_2400,dilma pode ter conta exterior.,fake,train
fakebr_train_2401,"Palocci afirmou que entregou dinheiro propina diretamente a Lula em várias ocasiões, com pequenas entregas de mil reais; entregas maiores passaram por intermediário sociologo branislav kontic, que levava remessas de dinheiro vivo ao instituto Lula em São Paulo.",fake,train
fakebr_train_2402,dilma rousseff visitou lula no hospital; boletim medico informou dona marisa ficou fluxo cerebral.,true,train
fakebr_train_2403,promotoria militar investiga indicios participacao pms chacina condor belem cinco pessoas mortas ficaram feridas,true,train
fakebr_train_2404,presidenta resolveu dar apoio lula,fake,train
fakebr_train_2405,A reforma trabalhista foi aprovada pelo Senado e segue para a sanção de Temer.,true,train
fakebr_train_2406,luis claudio citado receber propina atraves empresa touchdown promocoes eventos esportivos,fake,train
fakebr_train_2407,coreia norte afirmou ja possui tecnologia suficiente lancar icbm nuclear capaz atingir continente americano,fake,train
fakebr_train_2408,"Universidade Liverpool, Inglaterra, está trabalhando em um projeto inovador de transplante de útero em homens que permitiria que eles gerassem seus próprios filhos.",fake,train
fakebr_train_2409,las vegas atirador identificado stephen paddock,true,train
fakebr_train_2410,henrique eduardo alves pediu demissao hoje,fake,train
fakebr_train_2411,chegou conclusao empregada domestica amante,fake,train
fakebr_train_2412,desinformacao deturpacao contexto significado obra mam reafirma dedica especial atencao orientacao publico quanto teor iniciativas apontando clareza eventuais temas sensiveis exposicao museu lamenta interpretacoes acodadas manifestacoes odio intimidacao liberdade expressao rapidamente espalharam redes sociais,true,train
fakebr_train_2413,lula pode estar articulando disputar eleicoes,fake,train
fakebr_train_2414,"Carlesse aguarda ser intimado para assumir o governo do Tocantins após a cassação do governador Marcelo Miranda pelo TSE, decisão que deve ser publicada nos próximos dias e o manterá no cargo até as eleições (mandato tampão).",true,train
fakebr_train_2415,renan calheiros vira reu stf desvio dinheiro publico crime peculato decisao abriu acao penal nao significa senador culpado conclusao so podera ser feita final do processo apos coleta novas provas depoimento testemunhas manifestacoes defesa,true,train
fakebr_train_2416,considero absolutamente inadequado retorno atividades samarco primeiro necessarios reparar males causados centenas comunidades longo toda bacia rio doce regioes litoraneas,true,train
fakebr_train_2417,"MP apura desvios de milhões de reais na licitação do Hospital Municipal Ouro Verde, envolvendo favorecimento à organização social Vitale; Anesio Corat Junior negou atraso no processo licitatório.",true,train
fakebr_train_2418,"teoria cegueira deliberada formulada pela primeira vez na Inglaterra permite tratar como culpada a pessoa que movimenta dinheiro sujo tendo conhecimento da natureza ilícita dos recursos, e tem sido usada para condenações por lavagem de dinheiro na Lava Jato, mesmo quando não havia provas de que soubessem da origem do dinheiro.",true,train
fakebr_train_2419,"Temer caminhou pela manhã no Palácio Jaburu, acompanhado de seguranças, informou que está perfeito, recuperadíssimo, graças a Deus, e disse que a imprensa está acompanhando o exercício para registrar imagens.",true,train
fakebr_train_2420,relembre boas acoes historias curiosas mostrou regiao serrana rio internautas acompanharam exemplos vida atitudes positivas,true,train
fakebr_train_2421,Relatório da Força Aérea Brasileira sobre o acidente aéreo não aponta culpado e cita desorientação espacial do piloto como provável causa.,true,train
fakebr_train_2422,grave tentativa ajudar dilma raul castro convoca forcas bolivarianas ocupar brasil,fake,train
fakebr_train_2423,eua canais tv sao invadidos; mensagem cita armagedon; programa espacial fez contato vao destruir; nao sao dizem ser todos estao infiltrados; varios estabelecimentos militares na area; desastres virao tudo sera destruido.,fake,train
fakebr_train_2424,"Viação Itapemirim está endividada e em recuperação judicial, com novos sócios buscando retomar o controle da empresa e a família Cola envolvida em disputas judiciais.",true,train
fakebr_train_2425,bolsonaro nao membro ativo nenhuma dessas frentes apenas assinou criacao,true,train
fakebr_train_2426,"mariah karoline, menina de dois anos diagnosticada com leucemia, sera transferida para hospital sao paulo para iniciar longo tratamento apos campanha online arrecadar recursos para comprar o medicamento asparaginase peguilada, que nao estava disponivel na rede publica do amazonas.",true,train
fakebr_train_2427,Casos aumentam estupro ainda crime subnotificado; lei alterada abarcar todo constrangimento violencia fins libidinosos.,true,train
fakebr_train_2428,Raquel Dodge pediu prisão da senadora petista Gleisi Hoffmann no âmbito da Lava Jato.,fake,train
fakebr_train_2429,prefeito pede exercito frear julgamento lula,true,train
fakebr_train_2430,coreia norte proclamou potencia nuclear,true,train
fakebr_train_2431,lula debocha ministerio publico ninguem vai levar acusacao serio,fake,train
fakebr_train_2432,dilma reitera tese golpe nao assegura apoios,true,train
fakebr_train_2433,"O juiz federal Ricardo Soares Leite determinou a apreensao do passaporte de lula e a proibicao de saida do pais, com entrega do passaporte à policia federal em vinte quatro horas.",true,train
fakebr_train_2434,maduro compara governo brasileiro narcotrafico,fake,train
fakebr_train_2435,site msn aponta suposto novo affair apresentadora fatima bernardes,fake,train
fakebr_train_2436,"tse tera composicao durante eleicao com sete ministros, tres sao originarios stf; gilmar mendes deixa tribunal em fevereiro sera substituido por luiz fux, cujo mandato corte vai ate agosto; lugar fux assumira rosa weber tera missao chefiar eleicao outubro.",true,train
fakebr_train_2437,wyllys diz sendo punido ser homossexual,fake,train
fakebr_train_2438,camara ribeirao preto volta presidio apos cirurgia nariz walter gomes deve ficar cdp serra azul sp alguns dias porque consultas agendadas,true,train
fakebr_train_2439,defesa pode entrar novamente recurso embargos declaracao ja resultado unanime tipo recurso nao muda decisao apenas serve questionar pontos,true,train
fakebr_train_2440,psdb podera dar golpe,fake,train
fakebr_train_2441,dilma chegou marcar data agenda receber suplicy porem cancelou encontro,fake,train
fakebr_train_2442,cadeia lugar tirar canalha sociedade,fake,train
fakebr_train_2443,denuncia contra lula vem compra submarinos jatos autorizadas,fake,train
fakebr_train_2444,Quatro pessoas ficaram feridas em acidente envolvendo carro e caminhão na rodovia; o carro pegou fogo e o motorista do caminhão foi levado à delegacia.,true,train
fakebr_train_2445,standard poors s p rebaixar nota credito soberano brasil bb razao rebaixamento divulgado quinta rating brasil segue selo bom pagador contudo agora tres degraus abaixo grau investimento ja perspectiva nota mudou negativa estavel,true,train
fakebr_train_2446,temer venceu ccj,true,train
fakebr_train_2447,"Nos últimos dois meses houve ataques cibernéticos em massa que atingiram empresas, instituições e governos, inclusive o Hospital Barretos, com bloqueio de computadores e pedido de resgate, e as principais vulnerabilidades são brechas nos sistemas (principalmente windows não atualizados) e usuários; manter atualizações automáticas do sistema operacional e do antivirus, não clicar em mensagens suspeitas e usar senhas fortes são as medidas recomendadas.",true,train
fakebr_train_2448,massacres geram efeito imitacao atiradores querem fama,true,train
fakebr_train_2449,maia pt contra temer bolsa dignidade projeto governo evolucao bolsa familia vai ser usado presidente camara travar novo embate,true,train
fakebr_train_2450,stf libera biografias nao autorizadas,true,train
fakebr_train_2451,bolsonaro defendeu construcao campos refugiados venezuelanos chegam brasil,true,train
fakebr_train_2452,porto alegre voltara viver manifestacoes desta vez vinculadas julgamento lula,true,train
fakebr_train_2453,"Delações da Odebrecht trouxeram à tona repasses ilícitos (propina) e prejuízos decorrentes de atrasos em obras públicas em Pernambuco iniciadas durante o mandato de Eduardo Campos, incluindo penitenciária, Refinaria Abreu Lima, Arena Pernambuco e Suape, com superfaturamento e favorecimento de empresas.",true,train
fakebr_train_2454,"Uma lista enviada por janot ao stf com pedidos de abertura de inquéritos contra parlamentares e ministros, já com nomes confirmados, incluindo luiz inacio lula silva, dilma rousseff, rodrigo maia, aecio neves, jose serra, eunicio oliveira, romero juca, renan calheiros, edison lobao, eliseu padilha, moreira franco, aloysio nunes, gilberto kassab e bruno araujo.",fake,train
fakebr_train_2455,Chapa formada dilma temer absolvida pelo tse por abuso poder politico economico na campanha.,true,train
fakebr_train_2456,"Carta escrita de próprio punho por Palocci, endereçada ao PT, afirma que Lula, Dilma e o PT estavam envolvidos em corrupção com cobrança de propinas em contratos da Petrobras, envolvendo Odebrecht e Sete Brasil, descrevendo o funcionamento do esquema e mencionando delação premiada.",true,train
fakebr_train_2457,vitor belfort vence luta contra dan henderson nocaute primeiro round e manda recado vivo dilma governo corrupto,fake,train
fakebr_train_2458,lula nao dao destaque apartamento geddel deram triplex,fake,train
fakebr_train_2459,juizo nao pode conceder liminar pleiteada,fake,train
fakebr_train_2460,lula nega indicacoes petrobras,fake,train
fakebr_train_2461,"PT mantém a candidatura de Lula até o limite legal, conforme já aprovado, e discute abertamente o Plano B de substituição caso Lula seja impedido pela Justiça de disputar a presidência.",true,train
fakebr_train_2462,Defesa de Lula apresentou recibos originais de pagamentos de aluguel do imóvel investigado na Lava Jato e pediu audiência com o juiz Sérgio Moro.,true,train
fakebr_train_2463,governo federal compra artistas dinheiro saude educacao defender dilma,fake,train
fakebr_train_2464,Bispo universal pede fieis doarem carros (incluindo Lamborghini) para o altar e para o templo luxuoso.,fake,train
fakebr_train_2465,pode haver estado consciencia apos cérebro ter sido desligado completamente,fake,train
fakebr_train_2466,principal motivo lava jato chacoalhou sistema politico lancou nuvem incerteza sobre futuro,true,train
fakebr_train_2467,Lula precisou auxilio medico medir pressao verificar batimentos cardiacos; vizinhos lula confirmaram noticia.,fake,train
fakebr_train_2468,"Selfies são um fenômeno de dois gumes: podem empoderar grupos marginalizados e trazer visibilidade politico, mas também envolvem vigilancia, assedio e questões de autenticidade e estereotipos.",true,train
fakebr_train_2469,pacote anunciado traria bilhoes renda troca manter segundo maior aeroporto pais sob controle infraero,true,train
fakebr_train_2470,Ataque terrorista em londres na london bridge e borough market deixou mortos e feridos; policia matou tres terroristas.,true,train
fakebr_train_2471,ayrton senna disse ter visto deus apos conquistar primeiro titulo,fake,train
fakebr_train_2472,lula perde acao contra delcidio amaral tera pagar despesas processuais,true,train
fakebr_train_2473,vazamento ambiental barcarena revelado detalhe sordido contaminacao rios regiao descoberta novo canal despejo nao autorizado barcarena refinaria hydro alunorte,true,train
fakebr_train_2474,"David Sneddon, estudante americano, desaparecido durante viagem à China (província de Yunnan), foi declarado morto pela polícia chinesa por ter morrido caminhando próximo ao rio Jinsha em agosto, porém o corpo nunca foi encontrado.",fake,train
fakebr_train_2475,conteudo conversas enfraquecem janot eventual segunda denuncia contra temer,true,train
fakebr_train_2476,stf virou casa mae joana e sinonimo de impunidade.,fake,train
fakebr_train_2477,tribunal suspende prazos altera expediente durante julgamento lula,true,train
fakebr_train_2478,"Operação Pegadores foi deflagrada para apurar desvio de verbas públicas na saúde do Maranhão, envolvendo funcionários fantasmas/apadrinhados politicamente, contratação de organizações sociais e de empresas privadas para pagamento de serviços, gerando milhões de reais de prejuízo.",true,train
fakebr_train_2479,alexandre frota cotado ministerio cultura,fake,train
fakebr_train_2480,coletanea chamada divina comedia humana com versoes obscuras de belchior produzido renato vieira com amelinha preparando gravar tributo sera lancada em breve.,true,train
fakebr_train_2481,Atentado terrorista parlamento britanico londres atacado hoje.,fake,train
fakebr_train_2482,senador alvaro dias sugeriu renuncia coletiva todos eleitos executivo legislativo e convocacao de eleicoes gerais poderia ser recomeco da crise politica.,fake,train
fakebr_train_2483,"maranhao decidiu passar cima da decisao do colegio lideres e manteve sessao para eleicao novo presidente casa, gerando revolta entre lideres partidarios",true,train
fakebr_train_2484,proposta podera autorizar empresas nao paguem funcionarios salario sim remuneracao qualquer especie exemplos oferecer moradia alimentacao alem poderem trabalhar ate horas dia proposta perversa escravagista,fake,train
fakebr_train_2485,michel juiz alerta proximo acidente pavoroso podera ocorrer,fake,train
fakebr_train_2486,lula podera ser preso qualquer momento,fake,train
fakebr_train_2487,"Internautas relatam casos de doença misteriosa que causa dor urina preta, com a SESAB Bahia emitiu alerta epidemia; casos ainda estão sendo investigados e causas não confirmadas até o momento; hipóteses de contaminação por ingestão de peixe; não é transmitida por ar ou saliva.",fake,train
fakebr_train_2488,esposa ditador comunista maluco faz rara aparicao publica primeira vez sra ri vista publico desde dezembro,fake,train
fakebr_train_2489,"Salsichas são feitas de restos de carne de várias espécies, incluindo aparas e carcaças (vacas, porcos, aves), usados na produção.",fake,train
fakebr_train_2490,levantamento identificou governo federal estados capitais pretendem repassar menos projetos iniciativa privada venda concessao ativos,true,train
fakebr_train_2491,"Temer afirmou que houve massacre em Manaus e que o governo precisa de solução, incluindo soltar presos provisórios enquanto aguarda a resposta do judiciário, dobrar penas, prisões perpétuas para crimes hediondos e considerar pena de morte.",fake,train
fakebr_train_2492,nao ha prova,true,train
fakebr_train_2493,Operacao descarte objetivo desarticular esquema criminoso lavagem dinheiro desvios recursos pagos prefeituras municipais limpeza urbana.,true,train
fakebr_train_2494,abu bakr al bagdadi morto,true,train
fakebr_train_2495,pmdb definiu eunicio oliveira sera candidato presidencia senado e renan calheiros sera lider bancada senado para proximos dois anos.,true,train
fakebr_train_2496,ministerio publico federal pede prisao lula,fake,train
fakebr_train_2497,"Existe uma guerra de traficantes pelo poder na Rocinha, com racha entre lideranças como Danubia Rangel e Rogério Avelino Silva, e Misha Glenny aponta que Danubia pode ter liderado a invasão, enquanto o Estado não consegue lidar com a violência.",true,train
fakebr_train_2498,A sede da Polícia Federal em Goiânia foi atacada com tiros; a PF instaurou inquérito policial para apurar os responsáveis.,fake,train
fakebr_train_2499,"Juiz Sérgio Moro autorizou a Polícia Federal transferir três presos envolvidos no escândalo de corrupção Petrobras da carceragem da PF Curitiba para o Presídio de Pinhais, esvaziando as celas para receber novos hóspedes, com novos mandados de prisão expedidos.",fake,train
fakebr_train_2500,"Robos, ciborgues e contas falsas tentam influenciar voto brasil mundo usando perfis falsos para manipular opiniao publica, ja representava perigo para sistemas democraticos.",true,train
fakebr_train_2501,ministro afirma pares teia negocios envolvidos esquema corrupcao complexa ja revelado ate momento,fake,train
fakebr_train_2502,"Mariana criou um blog diário para compartilhar sua trajetória com doença autoimune, experiências e rotina para ajudar pessoas em situações semelhantes, e afirma que o blog funciona como terapia.",true,train
fakebr_train_2503,dilma elogia soltura acusado lesar velhinhos aposentados,fake,train
fakebr_train_2504,lula recebe doacao mil apos moro bloquear bens,fake,train
fakebr_train_2505,servico secreto eua retira donald trump pressas comicio apos gritos arma arma arma,fake,train
fakebr_train_2506,mpf calcula jbs agraciada r bilhoes cofres publicos,fake,train
fakebr_train_2507,kim posta video pilotando aviao provoca trump pronto guerra ditador produziu video onde mostra disposicao guerra,fake,train
fakebr_train_2508,palocci diz pacto sangue lula odebrecht envolveu propina r milhoes,true,train
fakebr_train_2509,Ministro do STJ Félix Fischer negou o recurso da defesa de Lula que apontava parcialidade do juiz Sérgio Moro.,true,train
fakebr_train_2510,"Especialistas apontam que as Forças Armadas não são solução para a violência nas favelas do Rio de Janeiro, destacando falhas estratégicas de gestão, a ineficácia do modelo UPP e a falta de investimentos em ações sociais, exigindo mudança de estratégia com cooperação interagências, monitoramento e investigação.",true,train
fakebr_train_2511,lula nao sera preso ate sessao proxima segunda,true,train
fakebr_train_2512,Homem ameaca explodir predio durante exame oab salvador.,fake,train
fakebr_train_2513,"Coreia do Norte disse que lançaria foguetes contra os EUA, tornando inevitável a guerra.",true,train
fakebr_train_2514,janot diz nao ha duvidas temer cometeu crime corrupcao,true,train
fakebr_train_2515,Lula foi condenado a anos de prisão por crimes de corrupção passiva e lavagem de dinheiro.,fake,train
fakebr_train_2516,numero homicidios chegando cinco mil,true,train
fakebr_train_2517,"Três anos após a deflagração da primeira fase da Lava Jato, chega o momento crucial com pedidos de inquérito apresentados ao STF para investigar políticos supostamente envolvidos em crimes de corrupção e lavagem de dinheiro.",true,train
fakebr_train_2518,senador petista iria facilitar fuga bandido condenado,fake,train
fakebr_train_2519,Europol teme que o Estado Islâmico possa planejar ataques complexos e eficazes na União Europeia.,true,train
fakebr_train_2520,time formado atletas prova equipe conjunta hoquei gelo coreia norte coreia sul,true,train
fakebr_train_2521,gilmar mendes evita falar sobre discussao barroso,true,train
fakebr_train_2522,lula absolvido acusacao sobre armazenamento acervo presidencial,true,train
fakebr_train_2523,ciro gomes detona pt,fake,train
fakebr_train_2524,policia prende sete pessoas manchester suspeita conexao ataque duas pessoas tambem detidas libia,true,train
fakebr_train_2525,lula nao conforma,fake,train
fakebr_train_2526,Lula é réu na ação penal que apura suposto recebimento de vantagens indevidas da Odebrecht.,true,train
fakebr_train_2527,William Waack sera operado amanha e ficara afastado temporariamente; Carlos Tramontina comandara jornal globo nos proximos dias.,fake,train
fakebr_train_2528,"Acusação de que Lirio Parisotto agrediu a atriz Luiza Brunet, causando quatro costelas fraturadas e outras lesões, com novas audiências e possibilidade de condenação entre um ano e meio e oito anos de prisão.",true,train
fakebr_train_2529,"Investigações da Polícia Federal concluíram inquérito que aponta atuação de um núcleo do PMDB na Câmara dos Deputados como organização criminosa, com delação premiada de lucio funaro e a PGR preparando nova denúncia contra Michel Temer.",true,train
fakebr_train_2530,segundo stj julgamento recursos repetitivos pautados primeiro semestre tera impacto direto mil processos.,true,train
fakebr_train_2531,"alexandre moraes tomou posse ministro do stf, ocupando a vaga de teori zavascki morto em janeiro.",true,train
fakebr_train_2532,"Filhos expulsaram Luciana Lacerda, namorada de Marcelo Rezende, da mansão Alphaville, proibiram que ela voltasse para pegar pertences e apagaram todas as fotos, mensagens e vídeos de suas redes sociais.",fake,train
fakebr_train_2533,tiririca disse nao pretende disputar novas eleicoes e abandonar vida publica,true,train
fakebr_train_2534,operacao lava jato estaria preparando nova etapa investigacao alvo republica luiz inacio lula silva,fake,train
fakebr_train_2535,raquel dodge determinou arquivamento representacao contra renan calheiros sob acusacao crime desacato,true,train
fakebr_train_2536,mensagem sobre novas vias rodizio veiculos falsa,true,train
fakebr_train_2537,Impeachment sendo grande teatro armado para salvar a classe politica.,fake,train
fakebr_train_2538,"Imigração venezuelana em Roraima preocupa a segurança pública do estado e serviços, e o governo federal vai mobilizar ações de acolhimento, triagem, saúde, abrigo e interiorização dos imigrantes, com liberação de recursos para amenizar a crise migratória.",true,train
fakebr_train_2539,"barack obama afirmou que a coreia norte é perigo real e defendeu a importancia da diplomacia forte para a paz, dizendo que a seguranca não depende apenas do poder militar, mas também depende da diplomacia, de alianças, da cooperação entre as nações, do poder economico e de ideais.",true,train
fakebr_train_2540,joao santana recebeu exterior porque nao havia reais suficientes,true,train
fakebr_train_2541,"Intervenção federal de segurança pública no Rio de Janeiro promete novos armamentos, viaturas e entrega de tres blindados recuperados até meados de abril, com reestruturação das upps e apoio das forças armadas às unidades pacificadoras para funcionarem dentro das comunidades, sem uso de mandados coletivos.",true,train
fakebr_train_2542,"Cantora Rita Lee sugeriu criação de Big Brother com políticos confinados na casa, debatendo programas de governo, cada semana um candidato eliminado, finalista dessa disputa eleito presidente.",fake,train
fakebr_train_2543,grampo pf grava lula dilma prova transcricao da ligacao telefonica divulgada reporter globo news marcelo cosme deu noticia agora ha pouco transcricao telefonema dilma alerta lula possivel operacao busca prisao pf interceptou.,fake,train
fakebr_train_2544,Pedro Corrêa afirmou que Lula coordenou pessoalmente o esquema de corrupção da Petrobras e confessou ter comprado votos.,fake,train
fakebr_train_2545,"A Sessão Especial sobre a Campanha Fraternidade de superação da violência, realizada nesta ALEPA, debateu o enfrentamento da violência, destacando a necessidade de despertar solidariedade entre fiéis e sociedade e buscar caminhos de solução para o problema que envolve a sociedade brasileira.",true,train
fakebr_train_2546,juiz marcelo bretas relata viver sob ameaca e admitiu possibilidade deixar o Rio de Janeiro.,true,train
fakebr_train_2547,Lula disse ontem militancia petista sera primeiro ano partido nao usara verba empresas campanhas,fake,train
fakebr_train_2548,inquerito pf aponta empreiteira pagou r milhao propina rodrigo maia pf concluiu ha fortes indicios corrupcao passiva lavagem dinheiro parte deputado maia,fake,train
fakebr_train_2549,rogerio micale declarou nao respeitarmos craques nao vao querer ficar,fake,train
fakebr_train_2550,Kim coreia norte advertiu hoje estados unidos estarao derramando gasolina fogo realizar exercicio guerra peninsula coreana.,fake,train
fakebr_train_2551,lula declarou justica especificamente operacao agido desmoralizar petrobras promover desemprego pais,fake,train
fakebr_train_2552,deputados pt perdem controle comissao impeachment,fake,train
fakebr_train_2553,"Governo anuncia que a internet será limitada a partir deste semestre, com fim da internet ilimitada; banda larga fixa poderá ocorrer a partir do segundo semestre.",fake,train
fakebr_train_2554,STF decidiu nesta tornar presidente senado renan calheiros reu acao penal peculato,true,train
fakebr_train_2555,Não acho que hoje a música popular precisa de incentivo.,fake,train
fakebr_train_2556,juiz federal sergio moro decidiu manter sigilo depoimento odebrecht fernando migliaccio silva prestado nesta vara federal curitiba,true,train
fakebr_train_2557,"André Filipe Junqueira Santos recebeu o international development and education award in palliative care, tornando-se o primeiro brasileiro a ganhar esse prêmio.",true,train
fakebr_train_2558,operacao lava jato apura cartel corrupcao petrobras,true,train
fakebr_train_2559,trump autoriza ataque eua bombardeiam siria misseis tomahawk,fake,train
fakebr_train_2560,bovespa fecha alta nesta quinta.,true,train
fakebr_train_2561,reporter cnn humilha dilma entrevista,fake,train
fakebr_train_2562,"As delacoes da Odebrecht apontam suspeitas de corrupcao envolvendo os principais politicos, com investigacoes e inqueritos.",true,train
fakebr_train_2563,folha sp puxadinho pt recebeu r milhoes durante gestoes petistas,fake,train
fakebr_train_2564,vereador pt gasta folhas sulfite canetas mes verba publica,fake,train
fakebr_train_2565,david beckham manchester united torra todo patrimonio vira padre,fake,train
fakebr_train_2566,Lula continua sendo julgado sergio moro e segue foro privilegiado.,fake,train
fakebr_train_2567,dilma ja aceita derrota,fake,train
fakebr_train_2568,nasa pode ter encontrado evidencias vida marte,fake,train
fakebr_train_2569,stf decidiu nesta tarde mandar goleiro bruno fernandes volta prisao,true,train
fakebr_train_2570,"Noite Espera, romance de Milton Hatoum ambientado em Brasília, é o primeiro volume de uma trilogia que usa ficção e memória para narrar a formação do autor.",true,train
fakebr_train_2571,medica natasha dantas apontada nova namorada william bonner,fake,train
fakebr_train_2572,banqueiro andre esteves foi preso pela pf e é acusado de tentar sabotar a operacao lava jato oferecendo r milhoes fechar boca delcidio amaral.,fake,train
fakebr_train_2573,ministerio publico maranhao ingressou acao civil publica contra prefeito paco lumiar domingos francisco dutra filho pc b acao promotoria justica comarca paco lumiar referente dia novembro pede condenacao gestor improbidade administrativa municipio descumpre lei acesso informacao nao possui portal transparencia adequado,true,train
fakebr_train_2574,deputado cabucu borges revelou vice michel temer prometido conseguir parar desdobramentos operacao lava jato caso ocorresse impeachment presidente dilma,fake,train
fakebr_train_2575,marina quer novas eleicoes e quer lula presidencia,fake,train
fakebr_train_2576,joaquim barbosa publicou twitter nao acompanhou espetaculo patetico impeachment,fake,train
fakebr_train_2577,homem flagrado batendo mae,fake,train
fakebr_train_2578,Tom Cavalcante estrela Parças com Whindersson Nunes e faz quiz para ver quem conhece youtubers.,true,train
fakebr_train_2579,Celso Russomano relatou ter sido retirado do avião após recusar revista raio x; o fato ocorreu e pode ser comprovado pelas câmeras internas do aeroporto.,fake,train
fakebr_train_2580,Brasil pode perder o grau de investimento antes do previsto.,fake,train
fakebr_train_2581,vou ser candidato,true,train
fakebr_train_2582,"Coreia do Norte divulga vídeo com Trump em cemitério, sugerindo data de início de conflito nuclear.",fake,train
fakebr_train_2583,associacao juizes federais sugere gilmar mendes abandone toga,fake,train
fakebr_train_2584,"Juiz DF marca depoimento de Lula para junho no âmbito da operação Zelotes, e o depoimento marcado para fevereiro foi suspenso.",true,train
fakebr_train_2585,coreia norte ameacou usar arma nuclear contra japao,fake,train
fakebr_train_2586,vídeo flagra candidata pt quebrando vaso,fake,train
fakebr_train_2587,SBT paga até R$1.000 por hora para quem trabalhar de casa como produtor domiciliar.,fake,train
fakebr_train_2588,construtora fez questao usar lula garoto propaganda,fake,train
fakebr_train_2589,Tribunal Regional Federal da Região negou habeas corpus do presidente do Instituto Lula; recurso impetrado pela defesa; Paulo Okamotto disse que vai recorrer.,fake,train
fakebr_train_2590,joesley batista gravou conversa presidente michel temer,fake,train
fakebr_train_2591,oprah winfrey pensando ativamente concorrer presidencia eua,true,train
fakebr_train_2592,renan calheiros anuncia deixa lideranca pmdb senado,true,train
fakebr_train_2593,vasos sanitarios estariam completamente entupidos,fake,train
fakebr_train_2594,afirmou pretende brigar ate ultimo dia vida nao vai calar diante ameacas,fake,train
fakebr_train_2595,turquia abate caca russo,true,train
fakebr_train_2596,quase mil lojas fechadas,fake,train
fakebr_train_2597,Dilma nao so sabia existencia esquema caixa dois tambem aprovou doacoes ilegais atuou pessoalmente na operacao criminosa.,fake,train
fakebr_train_2598,grampo senador pt flagrado chamando sergio moro delegados pf bandidos,fake,train
fakebr_train_2599,congresso corre contra tempo aprovar reforma politica ate outubro,true,train
fakebr_train_2600,"Barbosa pergunta onde estão as palestras caras do mundo, especialmente as de Lula, que supostamente vivia palestrando mundo afora, e afirma que não estão disponibilizadas em nenhuma rede social, nem no YouTube, nem mesmo um minuto.",fake,train
fakebr_train_2601,sugerindo estados unidos poderiam retirar tratado defesa contra pyongyang,true,train
fakebr_train_2602,alexandre frota montou equipe fazer seguranca advogada,fake,train
fakebr_train_2603,corpos sete oito mortos identificados digitais matheus silva duarte oliveira anos osmar venancio nascimento anos bruno ferreira barbosa anos julio morais lima anos hercules souza anos magno marinho rezende anos wanderson teodoro souza anos,true,train
fakebr_train_2604,"Este ano foi incrível para a ciência, com descobertas e avanços revolucionários em várias frentes — ondas gravitacionais, sonda Cassini, sistema planetário com sete planetas semelhantes à Terra, edição genética de embriões para doenças hereditárias fatais, fósseis Homo naledi e o visitante interestelar Oumuamua.",true,train
fakebr_train_2605,Marcelo Odebrecht vai progredir regime domiciliar fechado.,true,train
fakebr_train_2606,atrizes sao hostilizadas durante gravacao novela,fake,train
fakebr_train_2607,agora volta dilma momento improvavel,fake,train
fakebr_train_2608,"Toda gravacao esta intacta, sem edicoes nem sinais de adulteracao.",true,train
fakebr_train_2609,"Wesley Batista foi preso nesta quarta-feira em São Paulo e há novo pedido de prisão preventiva contra Joesley Batista, sócio-presidente global da JBS, no âmbito de delação premiada por insider trading e manipulação de mercado.",true,train
fakebr_train_2610,durante discurso feito sp lula fez questao ofender desembargadores,fake,train
fakebr_train_2611,supostas reunioes governo tratar facilidades odebrecht durante mandato presidente luiz inacio lula silva primeiro governo tais encontros tratativas relatadas jamais ocorreram.,true,train
fakebr_train_2612,Mulher confunde embalagem de espuma poliuretano com mousse para cabelo e foi parar no hospital; o cabelo foi raspado e precisou de medicamentos para tratar queimaduras no couro cabeludo.,fake,train
fakebr_train_2613,"Teori Zavascki constava na lista de passageiros do avião que caiu em Paraty; STF confirmou Teori estaria entre os passageiros embarcariam na aeronave que saiu de São Paulo com destino a Angra dos Reis, RJ.",fake,train
fakebr_train_2614,O ator Jose Abreu sera convocado depor cpi lei rouanet.,fake,train
fakebr_train_2615,vivo datena diz marcelo resende faz jornalismo estelionatario,fake,train
fakebr_train_2616,"Desentendimentos entre a Polícia Federal e o Ministério Público Federal sobre acordos de delação premiada na Lava Jato em Curitiba, envolvendo disputa de competências (direção das investigações e celebração de delações) e levando o caso ao STF.",true,train
fakebr_train_2617,"tuiuti desfilara criticas reforma trabalhista, mostrando que escravidao ainda persiste brasil, vampiro neoliberalismo usando terno faixa presidencial representa presidente michel temer.",true,train
fakebr_train_2618,papa pede desculpas vitimas abuso sexual apos escandalo chile,true,train
fakebr_train_2619,nao ha hipotese legal convocar eleicoes instalar parlamentarismo durante atual mandato quatro anos qualquer mudanca so futuros mandatos,true,train
fakebr_train_2620,lula defende ditador sanguinario siria,fake,train
fakebr_train_2621,"Promotor Leandro Conte afirma que a denúncia contra Debora Rolim Silva e Phelipe Douglas Alves por tortura e homicídio qualificado será encaminhada à Justiça para o Tribunal do Júri, no caso da menina Emanuelly Agatha Silva.",true,train
fakebr_train_2622,atriz global causa revolta dizer nao doa crianca esperanca,fake,train
fakebr_train_2623,jean wyllys cuspiu direcao deputado jair bolsonaro,fake,train
fakebr_train_2624,"Lula foi condenado por corrupção passiva e lavagem de dinheiro; o juiz Sérgio Moro o condenou a nove anos e meio de prisão em primeira instância, e o Tribunal Regional Federal da 4ª Região (Porto Alegre) confirmou a condenação e aumentou a pena.",true,train
fakebr_train_2625,senadores tentam barrar urgencia votacao lei abuso autoridade,fake,train
fakebr_train_2626,educacao financeira comeca infancia dizem especialistas,true,train
fakebr_train_2627,vinganca tida sentimento nobre ancestrais torpe forma evitar civilizacao,true,train
fakebr_train_2628,"Teori Zavascki, relator Lava Jato no STF, morreu anos apos a queda de um aviao king air em Paraty, RJ.",true,train
fakebr_train_2629,diretor jbs confessa pagou r milhoes propina delacao premiada,fake,train
fakebr_train_2630,"Vários artistas criticaram severamente Donald Trump, fizeram piadas, e quase a unanimidade da classe artística está contra ele, com raríssimos defendendo.",true,train
fakebr_train_2631,policia federal republica deflagraram nesta operacao deflexao nova etapa lava jato,true,train
fakebr_train_2632,netflix faz comercial boneca xuxa possuida,fake,train
fakebr_train_2633,Lula foi condenado no caso do triplex do Guarujá pelo juiz federal Sergio Moro.,true,train
fakebr_train_2634,Invertebrados também são predadores de vertebrados.,true,train
fakebr_train_2635,nao ha mocinhos so viloes neste faroeste caboclo,true,train
fakebr_train_2636,"Consternacao tomou conta do STF com a morte do ministro Teori Zavascki, relator da Lava Jato.",true,train
fakebr_train_2637,furacao irma tao poderoso sugou parte oceano e pode indicar tsunami,fake,train
fakebr_train_2638,O pedido de cassação de Eduardo Cunha foi aprovado pelo Conselho de Ética.,fake,train
fakebr_train_2639,morte nao santifica vida dignifica nao,true,train
fakebr_train_2640,cunha nao vai cair sozinho quer derrubar presidente,fake,train
fakebr_train_2641,joaquim barbosa tera indenizar jornalista felipe recondo,true,train
fakebr_train_2642,stf decide congresso precisa dar aval afastamento parlamentar,true,train
fakebr_train_2643,joao doria planta muda homenageia lula,fake,train
fakebr_train_2644,"Faixa presidencial desaparecida comprada durante o segundo mandato de Lula, com superfaturação e atraso na entrega, e Lula encomendou uma terceira faixa.",fake,train
fakebr_train_2645,Imagens mostram por que Evaristo Costa é rei das redes sociais.,fake,train
fakebr_train_2646,"Rússia desafia EUA novamente ao sobrevoar o Alasca com bombardeiros nucleares, segundo dia consecutivo.",fake,train
fakebr_train_2647,lucro facebook baseado falsos engajamentos,fake,train
fakebr_train_2648,general sobre lula nacao nao quer volte canalha enganador,fake,train
fakebr_train_2649,"Nova delação aponta peemedebistas do PMDB beneficiários de milhões em propinas, com suposto repasse milionário a senadores do PMDB (Renan Calheiros, Romero Jucá e Eduardo Braga).",fake,train
fakebr_train_2650,"Execuções decapitações transformaram pacata Rio Branco, capital do Acre, violência; número de homicídios subiu, maior aumento entre todas as capitais do país, segundo dados do Ministério da Saúde.",true,train
fakebr_train_2651,onu considera maior crise humanitaria global curso atualmente,true,train
fakebr_train_2652,"O TSE começa a julgar a ação que pede cassação da chapa Dilma-Temer, apresentada pelo PSDB após a eleição.",true,train
fakebr_train_2653,"Delatores afirmam que houve repasses ilícitos de valores para a campanha de Geraldo Alckmin (PSDB) e para o governo do estado de São Paulo, pagos pela Odebrecht em caixa dois, com valores superiores a r milhoes, ligados a contratos da linha laranja do metrô.",true,train
fakebr_train_2654,levy fidelix multado pratica discriminacao homofobica devera pagar r ter feito declaracoes homofobicas durante debate eleicoes,fake,train
fakebr_train_2655,Lula negou varias coisas chegou cumulo colocar culpa negocio marisa leticia,fake,train
fakebr_train_2656,Temer vai ler a mensagem de abertura do ano legislativo no Congresso Nacional.,true,train
fakebr_train_2657,mercado quer candidato direita nao centro,true,train
fakebr_train_2658,lula divulgou nota afirmando sergio moro perdeu imparcialidade julgar praticou atos violam garantias fundamentais,fake,train
fakebr_train_2659,Zezé Di Camargo postou no Instagram na madrugada de ontem uma foto entrando em um Mercedes SLK conversível.,fake,train
fakebr_train_2660,senadora ana amelia disse nao pode tolerar tentativa anulacao impeachment feita presidente exercicio camara deputado waldir maranhao,fake,train
fakebr_train_2661,teoria afirma escolta obama formada aliens ninguem atreveria chegar perto,fake,train
fakebr_train_2662,"Christiane Torloni fala sobre viver Callas, volta à TV e busca equilíbrio entre vida profissional e pessoal.",true,train
fakebr_train_2663,apoiadores lula sao pegos facoes foices curitiba bolivianos invadindo brasil protestar,fake,train
fakebr_train_2664,Procuradora pediu Lula para não chamá-la de “querida” durante depoimento; Moro afirma que Lula não teve nenhuma intencao negativa ao utilizar o termo.,true,train
fakebr_train_2665,refeicoes servidas durante voos violam padroes higiene,fake,train
fakebr_train_2666,exercito kim possui logistica surpreendentemente organizada pode iniciar ataque contra coreia sul questao horas nenhum aviso previo,fake,train
fakebr_train_2667,verdadeiro motivo demissao waack criticou governos petistas durante jornal globo,fake,train
fakebr_train_2668,nao ha qualquer possibilidade intervencao militar,true,train
fakebr_train_2669,Suzana Vieira lacrou,fake,train
fakebr_train_2670,PGR apresenta provas contra lula obstruiu justica tramou contra acordo.,fake,train
fakebr_train_2671,reforma trabalhista exige reforma sindical,true,train
fakebr_train_2672,assim sistema patriarcal prevalece comunidades vizinhas reproduzido dentro gangues mulheres tambem tornam alvo violencia extrema,true,train
fakebr_train_2673,"Polícia Federal prendeu temporariamente seis pessoas na manhã desta fase da operação Lava Jato, batizada Integracao, no Paraná, para apurar corrupção, fraude em licitações e lavagem de dinheiro envolvendo concessões de rodovias federais no estado.",true,train
fakebr_train_2674,Lula incapaz extraditar padre camilo terrorista refugiado brasil segundo bogota representante farc territorio brasileiro.,fake,train
fakebr_train_2675,suposta funcionaria governo brasileiro infiltra imprensa pede socorro cuba durante visita presidente barack obama cuba,fake,train
fakebr_train_2676,Foi a maior tragedia aviacao comercial brasileira.,true,train
fakebr_train_2677,quero chance ver merito processo ser julgado,true,train
fakebr_train_2678,edufba defende substancias psicoativas remedios drogas licitas ilicitas tratadas igual maneira todas legalizadas submetidas controle severo,true,train
fakebr_train_2679,retrospectiva principais historias moradores regiao campinas sp contadas longo todo ano,true,train
fakebr_train_2680,"Decisao liminar suspende resolucao do conselho federal psicologia que tratava do atendimento a homossexuais, determinando que psicologos nao podem ser punidos pelo atendimento a homossexuais.",true,train
fakebr_train_2681,policial heroi morto apos ter trocado lugar refem ataque franca arnaud beltrame,true,train
fakebr_train_2682,"Nesta madrugada, trinta três presos foram encontrados mortos na Penitenciária Agricola Monte Cristo, no estado de Roraima.",fake,train
fakebr_train_2683,"Ratos virtuais invadem congresso nacional e senado pelo aplicativo pokemon go, com possivel encontrar ginasios pokemon tambem chamados pokestops nos predios congresso nacional ministerio esporte ministerio agricultura, e um pokemon capturado aparentemente representa espirito politicos brasileiros rattata.",fake,train
fakebr_train_2684,fruta cura tipos cancer efeito mil vezes eficaz quimioterapia,fake,train
fakebr_train_2685,video senador orienta lula desacatar moro,fake,train
fakebr_train_2686,petrobras anuncia fim controle governo gasolina tera preco fixado propria estatal segundo pedro parente novo presidente petrobras decisoes sobre precos combustiveis vendas ativos novos projetos ficarao exclusivamente cargo estatal,fake,train
fakebr_train_2687,revolta internautas declarar papa francisco acoberta pedofilia desde inicio deste ano,fake,train
fakebr_train_2688,stj aceitou denuncia governador fernando pimentel vira reu corrupcao passiva podera continuar mandato enquanto responder processo.,true,train
fakebr_train_2689,defesa luiz inacio lula silva pedia ter acesso informacoes sobre eventuais acordos colaboracao premiada negociados oas leo pinheiro executivo agenor franklin magalhaes medeiros defesa lula sustenta informacoes podem influenciar diretamente acao penal responde cliente questionam fato moro ter negado acesso.,true,train
fakebr_train_2690,aqui estao principais noticias,true,train
fakebr_train_2691,aliados reavaliam acordos pt nordeste apos confirmar condenacao lula,true,train
fakebr_train_2692,Abreu postou seguinte questionamento jose mayer afastado porque nao,fake,train
fakebr_train_2693,ha risco guerra potencias internacionais siria diferentes paises interesses conflito sirio usado desde diplomacia ate intervencao militar agora aumento tensao cria ameaca real,true,train
fakebr_train_2694,condenacao petista instancia praticamente certa,fake,train
fakebr_train_2695,Sérgio Moro é novo aliado contra corrupcao.,fake,train
fakebr_train_2696,renan acusa temer negociar janot salvar amigos,true,train
fakebr_train_2697,dilma nao vai forum davos pra nao passar vexame,fake,train
fakebr_train_2698,existe embasamento juridico solido impeachment presidente republica momento,true,train
fakebr_train_2699,lula denunciado corrupcao passiva lavagem dinheiro lava jato caso envolvendo sitio atibaia,true,train
fakebr_train_2700,cantora ivete sangalo deu luz gemeas helena marina inicio manha deste sabado hospital alianca salvador parto cesarea,true,train
fakebr_train_2701,dilma guerrilheira nunca lutou democracia,fake,train
fakebr_train_2702,"Caminhoneiros denunciam que a carne fica parada dias no pátio, entra em decomposição, e que, após a operação Carne Fraca, fiscais do Ministério da Agricultura, agraciados presentes, liberam mercadoria imprópria para consumo.",fake,train
fakebr_train_2703,ano marcado indices recordes assassinatos incluindo casos chocaram populacao morte travesti dandara santos,true,train
fakebr_train_2704,planalto estima tera apenas votos necessarios barrar impeachment,fake,train
fakebr_train_2705,temer cria novo imposto pra agradar sindicatos,fake,train
fakebr_train_2706,fausto silva cometeu gafe deixou modelo plus size constrangida repercutiu na internet usuarios acharam a postura do apresentador totalmente indelicada,fake,train
fakebr_train_2707,"Foi assinado decreto de intervencao federal na seguranca do rio de janeiro que passa a vigorar ate dezembro, publicado no diario oficial uniao.",true,train
fakebr_train_2708,navio guerra xining marinha lancou armas primeira vez mar amarelo reforçando treinamento ostensivo enquanto atirava misseis,fake,train
fakebr_train_2709,ministro marco aurelio mello chamou grotesca recusa renan cumprir ordem judicial,true,train
fakebr_train_2710,retrospectiva historias emocionantes regiao ribeirao preto listou noticias publicadas janeiro dezembro deste ano ordem cronologica,true,train
fakebr_train_2711,otto warmbier morreu hoje,true,train
fakebr_train_2712,Bolsonaro foi apontado pela fundacao transparencia politica internacional como politico honesto no mundo.,fake,train
fakebr_train_2713,Eduardo Suplicy participará do programa do Dória na web nesta quinta.,true,train
fakebr_train_2714,"Governo Temer pretende usar a reforma previdencia para tirar privilégios das aposentadorias publicas, atingindo sistemas especiais previstos politicos ativos aposentados.",true,train
fakebr_train_2715,donald trump venceu madrugada desta eleicao presidencial eua derrotando democrata hillary clinton,true,train
fakebr_train_2716,"A Polícia Federal indiciou o presidente do Bradesco, Luiz Carlos Trabuco, e dois executivos do banco no inquérito da Operação Zelotes.",true,train
fakebr_train_2717,"Reforma trabalhista pode afetar sindicatos, com fim da contribuição sindical obrigatória e da homologação obrigatória, levando a cortes, reestruturação e possível extinção de muitos sindicatos.",true,train
fakebr_train_2718,Mudanças significativas nas relações entre os EUA e o resto do mundo sob o governo de Donald Trump.,true,train
fakebr_train_2719,temer diz fazendo desemprego voltar,fake,train
fakebr_train_2720,emilio odebrecht afirmou desde epoca pai norberto sempre fez doacoes nao contabilizadas campanhas politicas,fake,train
fakebr_train_2721,A eventual saída de Meirelles pode quebrar a equipe econômica.,true,train
fakebr_train_2722,dona marisa trabalhadora digna responsavel mae esposa ja lula nao passa opportunista finge sonso,fake,train
fakebr_train_2723,cpi aprovou relatorio final recomenda investigacao rodrigo janot e indiciamento de quatro pessoas irmaos joesley batista wesley batista executivo ricardo saud marcelo miller cabera,true,train
fakebr_train_2724,crime contra honra art injuriar alguem ofendendo dignidade decoro pena detencao seis meses multa ss injuria consiste utilizacao elementos referentes condicao pessoa idosa portadora deficiencia pena reclusao tres anos multa crime acao penal privada,fake,train
fakebr_train_2725,reinaldo azevedo mandou recado ironico temer atraves redes sociais,fake,train
fakebr_train_2726,temer discute reforma politica nesta quarta,true,train
fakebr_train_2727,"Aquecimento global pode mudar cidades do mundo, com aumento da temperatura e elevação do nível do mar, afetando especialmente Nova Orleans, Paris, Daca e Norilsk.",true,train
fakebr_train_2728,aecio questiona collor sobre impeachment dilma ja nao recupera rua sera implacavel,fake,train
fakebr_train_2729,Prevendo ataque nuclear japao realiza treinamentos evacucao massa cidade japonesa situada dentro linha ataque coreia norte realizando treinamentos emergencia milhares moradores cidade oga norte provincia akita participaram exercicio defensa civil,fake,train
fakebr_train_2730,caso contrario sina sera continuar sendo poupanca politico qualquer partido base caixinha,true,train
fakebr_train_2731,Ha maior mobilizacao militar desde guerra fria fronteira russia com centenas de militares avioes e tanques estao movendo para fortalecer tropas otan fronteira russia.,fake,train
fakebr_train_2732,willian waack continuara internado; ficara afastado funcoes tempo indeterminado; carlos tramontina continuara substituindo willian comando jornal globo.,fake,train
fakebr_train_2733,denunciam incuria desidia indiferenca estado brasileiro incapaz cuidar nacao,true,train
fakebr_train_2734,major denice santiago lidera a ronda maria penha operacao combate violencia contra mulher defendendo sororidade prevencao e autonomia das mulheres.,true,train
fakebr_train_2735,"Governo gasta r mil por ano com aluguel de salas VIP no aeroporto da capital, com espaços privados usados para atender parlamentares, servidores, autoridades estrangeiras e visitas ao Brasil; gastam juntos r mil mensais; STF e STJ também mantêm salas privativas no aeroporto; STF disse não gastar espaço; STJ não informou o custo.",fake,train
fakebr_train_2736,"Ministro marco aurelio mello pode mandar prender renan por crime desobediencia, com base no codigo penal, por descumprir ordem instancia maxima juridica pais.",fake,train
fakebr_train_2737,maio boa noite aqui estao principais noticias,true,train
fakebr_train_2738,PT Minas Gerais protocolou representação contra o Procurador de Justiça Romulo Paiva Filho.,true,train
fakebr_train_2739,terceira guerra russia assusta mundo,fake,train
fakebr_train_2740,terrorista tenta invadir residencia oficial temer alvejado tiros exercito,fake,train
fakebr_train_2741,governos varios paises vem discutindo possibilidade conceder rendimento basico todos cidadaos independentemente trabalhar.,true,train
fakebr_train_2742,"O texto defende que o poder político está migrando de políticos tradicionais para outsiders/marketeiros (exemplos Trump e Doria), apoiados pelas leis do poder de Greene, sinalizando uma mudança de paradigma político, embora muitos outsiders possam fracassar.",true,train
fakebr_train_2743,"Teorias conspiratórias afirmam que o acidente poderia ter sido causado por um carro fantasma, mas especialistas não conseguiram chegar a uma conclusão racional.",fake,train
fakebr_train_2744,lei rouanet governo dilma liberou r milhao produzir filme sobre jose dirceu atraves renuncia fiscal,fake,train
fakebr_train_2745,acordo delacao premiada expedito causando panico cupula pmdb,fake,train
fakebr_train_2746,Randolfe Rodrigues está enganado.,fake,train
fakebr_train_2747,deputado tiririca passa mal apos show recebe atendimento upa ceara ja recebeu alta passa bem,true,train
fakebr_train_2748,janot pediu no STF abertura de novo inquérito para investigar senadores renan calheiros romero juca jose sarney transpetro sergio machado.,true,train
fakebr_train_2749,desembargador pede anos prisao lula,fake,train
fakebr_train_2750,"Advogado Rodrigo Mezzomo defende candidaturas independentes no Brasil, afirmando que a filiação partidária não deveria ser requisito de elegibilidade e que o STF deve analisar o mérito para abrir brecha para candidaturas avulsas em todo o país.",true,train
fakebr_train_2751,desembargador diz indenizacao presos absurdo trabalhar arcar sustento,fake,train
fakebr_train_2752,pai frederico pacheco defende filho ataca aecio neves,true,train
fakebr_train_2753,"Vítimas do acidente radiológico de Goiânia reclamam da falta de apoio médico-financeiro e de medicamentos, apesar de ganharem pensões, enquanto a Secretaria Estadual de Saúde afirma oferecer atendimento completo.",true,train
fakebr_train_2754,advogado renunciou defesa lula,fake,train
fakebr_train_2755,jornal the washington post publicou pequena lista palavras essenciais estrangeiros visitarao brasil durante olimpiadas,fake,train
fakebr_train_2756,"A Polícia Federal abriu procedimento para investigar atos de hostilidade contra o ministro Gilmar Mendes, que foi xingado em voo no fim de semana; ele pediu investigar o autor da mensagem nas redes sociais que instigou atos contra a honra e a integridade física; a apuração será conduzida pela Polícia Federal em São Paulo.",true,train
fakebr_train_2757,silvio santos nao quis participar programa jo porque cigana disse poderia morrer durante entrevista,fake,train
fakebr_train_2758,homem invadiu catedral londrina norte parana destroi parte imagem sagrado coracao jesus padroeiro cidade; imagem ficou parcialmente destruida.,true,train
fakebr_train_2759,joao doria nao fez nada sao paulo so conseguiu algum sucesso porque comunica bem redes sociais,fake,train
fakebr_train_2760,audio vazado whatsapp diz gilmar recebeu mala grande conceder habeas corpus,fake,train
fakebr_train_2761,azevedo ataca joice hasselmann.,fake,train
fakebr_train_2762,"Pixuleco aparece em Guarujá, frente ao Edifício Solaris, Praia Astúrias, litoral norte de São Paulo; vídeo circula nas redes sociais mostrando homem fantasiado de Lula; de repente aparece japonês federal mascarado (agente Newton Ishii); população que passava pelo local aplaudiu e vibrou; captura pixuleco.",fake,train
fakebr_train_2763,Brasil volta,true,train
fakebr_train_2764,alguem nunca educou si pode dirigir pais,fake,train
fakebr_train_2765,donald trump estaria disposto ir guerra contra coreia norte,fake,train
fakebr_train_2766,stf rejeitou nesta queixa apresentada fabio luis lula silva filho luiz inacio lula silva contra deputado domingos savio,true,train
fakebr_train_2767,"Venezuelano afirma que existe um plano diabolico para transformar o Brasil na Venezuela, com regime comunista assumindo o governo, trocando o comando dos militares e colocando militares comunistas no comando, tornando a intervenção praticamente impossível.",fake,train
fakebr_train_2768,darcy vera acusada chefiar maior esquema corrupcao historia ribeirao preto,true,train
fakebr_train_2769,"ataques identicas realizados por lobos solitarios em varios paises ocidentais desde ano passado, dificeis de impedir pelas forcas de seguranca, que ainda nao conseguiram desenvolver meios eficazes para combater a praga.",true,train
fakebr_train_2770,"Rodrigo Augusto Padua invadiu o hotel Caesar Business Belo Horizonte onde Ana Hickmann estava hospedada, abordou a apresentadora com arma, colocou-a sob mira e atingiu a assessora com dois tiros durante a invasão; Gustavo Henrique Correia, sócio da apresentadora, conseguiu desarmar o atirador e ele morreu no local; o criminoso possuía arma e mantinha obsessão amorosa por Ana Hickmann, com declarações íntimas feitas nas redes sociais; Ana Hickmann iria participar do lançamento de uma coleção autoral de roupas naquele sábado.",fake,train
fakebr_train_2771,"Video mostra histórias de pessoas que deixaram o interior em busca de oportunidades na cidade grande, incluindo a história de dois empresários que conseguiram mudar de vida.",true,train
fakebr_train_2772,"Um traficante ordenou invadir Rocinha de dentro de um presídio federal em Rondônia, e a favela vive dias de guerra entre traficantes.",true,train
fakebr_train_2773,galloro reune todas condicoes tecnicas comandar pf,true,train
fakebr_train_2774,Val Kilmer recusa tratamento contra cancer alegando crencas religiosas seguidor cientologia instrucoes igreja orientam doentes meditarem evitar tratamentos convencionais,fake,train
fakebr_train_2775,boechat esculacha reinaldo azevedo,fake,train
fakebr_train_2776,hugo chaves elogia dilma grande companheira inclusive sequestrou embaixador americano,fake,train
fakebr_train_2777,morre jornalista eliakim araujo anos vitima cancer pancreas,true,train
fakebr_train_2778,lula chora missa setimo dia marisa leticia,true,train
fakebr_train_2779,prisoes sempre deram segunda instancia desde codigo processo penal,true,train
fakebr_train_2780,Ataque envolvendo caminhão na feira de Natal de Berlim deixou mortos e feridos.,true,train
fakebr_train_2781,alexandre garcia sobre agressao aeroporto bobagem apenas queria aparecer visivelmente alterado,fake,train
fakebr_train_2782,aliados luiz inacio lula silva pretendiam nomeado ministro livrar possivel iminente ordem prisao estrategia blindar lider petista,true,train
fakebr_train_2783,Defesa de Lula reitera pedido de oitiva no julgamento da apelação referente ao caso triplex.,true,train
fakebr_train_2784,delator utc disse aecio recebeu r mil propina,fake,train
fakebr_train_2785,secretaria estado cultura defende programacao alegando alugado arte cultura preconceito com salarios atrasados decorrencia crise financeira,true,train
fakebr_train_2786,violencia tanto aqui quanto estados unidos,true,train
fakebr_train_2787,maioria processos calunia danos morais etc movidos contra jornalista villa levou melhor absolvido,fake,train
fakebr_train_2788,A mãe do cantor Wesley Safadão renunciou ao cargo público para dedicar a carreira do filho.,true,train
fakebr_train_2789,A guerra da Coreia tecnicamente nunca acabou.,true,train
fakebr_train_2790,Racismo sempre motivado atos politicos.,true,train
fakebr_train_2791,Lula foi condenado por corrupção passiva e lavagem de dinheiro no caso triplex guaruja sp.,true,train
fakebr_train_2792,nega novo pedido defesa lula afastar moro processo lava jato,true,train
fakebr_train_2793,preciso isolar lideres faccoes criminosas subordinados forma eficiente permanente regime cumprimento pena diferente existe hoje,true,train
fakebr_train_2794,mecanico brasileiro conseguiu adaptar motor titan saveiro,fake,train
fakebr_train_2795,Lula demonstra obsessao ideal ganhar presidencia estados prefeituras.,fake,train
fakebr_train_2796,paulinho forca emplaca filhao comando regional incra sp,fake,train
fakebr_train_2797,ri yong ho disse guerra declarada derrubaremos bombardeiros,fake,train
fakebr_train_2798,Polícia Federal apontou indícios de crime de corrupção passiva cometido pelo presidente Michel Temer; inquérito aberto com base na delação do empresário Joesley Batista.,true,train
fakebr_train_2799,boato sobre morte circulou internet partir perfil publicado globo online,true,train
fakebr_train_2800,ha anos macom previu esquerda destruiria mundo ateismo selvageria agitacao guerras mundiais necessarias para nova ordem mundial implantada.,fake,train
fakebr_train_2801,rogeria morreu inicio noite hoje decorrencia infeccao generalizada,fake,train
fakebr_train_2802,jean wyllys cuspiu jair bolsonaro durante sessao,true,train
fakebr_train_2803,João Doria disse que ficará quatro anos como prefeito e não tentará a reeleição.,true,train
fakebr_train_2804,stf homologa delacao joesley temer passa oficialmente ser investigado edson fachin determinou abra inquerito investigar michel temer,fake,train
fakebr_train_2805,indefinicao supremo sobre prisao apos condenacao instancia pode ser resolvida congresso lider pps camara alex manente sp comeca hoje recolher assinaturas proposta emenda constitucional preve prisao nessa situacao precisa deputados endossem texto fazer movimento pratica medira apoio camara antes stf decidir sobre caso lula nao conseguir assinaturas emenda podera ser protocolada,true,train
fakebr_train_2806,"Seguranca da creche janauba ateou fogo na creche, matando criancas e uma professora; o agressor damiao soares santos morreu horas depois no hospital.",true,train
fakebr_train_2807,santander cultural realizara duas exposicoes sobre diversidade apos cancelamento queermuseu compromisso firmado junto ministerio publico federal,true,train
fakebr_train_2808,senadora vanessa graziotin aparece video apoiando promoter festas regadas entorpecentes e apoiando tal srta andreza candidata pc b belem,fake,train
fakebr_train_2809,eduardo cunha podera ser ate nomeado ministro governo michel temer,fake,train
fakebr_train_2810,levy fidelix condenado pela comissao especial discriminacao homofobica tera pagar multa segundo decisao assinada titular pasta marcio elias rosa; secretaria justica defesa cidadania sp manteve condenacao; fidelix negou recurso.,fake,train
fakebr_train_2811,retaliacao contra general mourao iremos dirigir ate brasilia promover intervencao antecipada,fake,train
fakebr_train_2812,renan volta comandar sessao senado dia apos ser mantido cargo nesta quarta supremo derrubou liminar ministro marco aurelio mello determinava afastamento,true,train
fakebr_train_2813,odebrecht pagou r milhoes via caixa garantir ampliacao tempo tv chapa durante campanha afirmou alexandrino,true,train
fakebr_train_2814,oito cada dez brasileiros nao confiam modo presidente governa pais,fake,train
fakebr_train_2815,Lula e outros seis réus entregaram alegações finais no processo sobre o triplex Guarujá.,true,train
fakebr_train_2816,eua comecam posicionar sistema defesa antimissil thaad coreia sul seul preve instalacao estara completa operacao ate final deste ano segundo agencia reuters,true,train
fakebr_train_2817,"Governo RS anuncia Humberto canuso como novo secretario transportes e jose guilherme kliemann como presidente do IPE, substituindo pedro westphalen e otomar vivian.",true,train
fakebr_train_2818,bolsonaro homem enfrentar mafia petista e destruir quadrilha,fake,train
fakebr_train_2819,aviao ministro teori zavascki embarcou seguido durante dias,fake,train
fakebr_train_2820,"Delator diz que fazia repasse mesada para Renan Calheiros desde o início da Transpetro, com acordo para Renan receber mesada fixa, que renderam milhões em propina.",fake,train
fakebr_train_2821,garotinho sera transferido presidio seguranca maxima,fake,train
fakebr_train_2822,associacao magistrados repudia declaracao ministro gilmar alegando agride modo desrespeitoso magistratura brasileira,fake,train
fakebr_train_2823,"Alvos da operação Acaraje não são crimes eleitorais; são corrupção, lavagem de dinheiro e organização criminosa relativos aos desvios da Petrobras.",true,train
fakebr_train_2824,caciques senado mira lava jato terao reeleicao dificil encerramento mandatos dois tercos senadores principais,true,train
fakebr_train_2825,"O sistema carcerário japonês é disciplinado, rígido e severo, com normas internas rígidas para todos; estrangeiros recebem severidade extra.",fake,train
fakebr_train_2826,"Três australianos foram presos por posse de explosivos no aeroporto de Santa Cruz de la Sierra, Bolívia, quando iriam embarcar em um voo da Gol com destino a São Paulo.",fake,train
fakebr_train_2827,"governo trabalha marco regulatorio saneamento basico cujo objetivo modernizar marco regulatorio saneamento basico, incentivar novos investimentos e buscar universalizacao desse servico basico.",true,train
fakebr_train_2828,"Indulto de Natal do governo Temer é inconstitucional e uma forma de impunidade, e a evolução dessas últimas decisões mostra claramente a preparação de um superindulto para o próximo Natal.",true,train
fakebr_train_2829,promotoria aponta desvios milhoes durante gestao anastasia,fake,train
fakebr_train_2830,missil lancado coreia norte nao falhou destruido antes atingir russia,fake,train
fakebr_train_2831,processo contra presidente camara conselho pode resultar cassacao mandato,fake,train
fakebr_train_2832,Muitos britânicos querem distância da União Europeia; pescadores de Brixham argumentam que a Inglaterra livre da supervisão europeia poderia banir embarcações estrangeiras e devolver empregos britânicos.,true,train
fakebr_train_2833,maria valeria rezende vence premio sao paulo literatura,true,train
fakebr_train_2834,"jeferson almeida oliveira cursa direito vai participar brazil conference at harvad mit, um dos cinco embaixadores brasileiros selecionados",true,train
fakebr_train_2835,ministro lewandowski nao homologar delacao premiada,true,train
fakebr_train_2836,clarissa garotinho deputada federal rj confrontou eduardo cunha plenario camara senhor bandido mafioso psicopata usa familia obter dinheiro forma ilicita.,fake,train
fakebr_train_2837,"Decreto publicado pelo governo do Distrito Federal define regras de conduta para servidores da administração pública direta e indireta no período eleitoral a partir de julho, proibindo campanha eleitoral durante o horário de expediente, uso de bens e recursos públicos, distribuição de benefícios gratuitos, inaugurações, propaganda institucional e outras ações de promoção pessoal, com restrições até o fim do mandato.",true,train
fakebr_train_2838,equivalente stf nao imunidade foro privilegiado pode ser processado qualquer cidadao,fake,train
fakebr_train_2839,delacao premiada nao prova,true,train
fakebr_train_2840,revisor acompanha relator mantem condenacao lula,true,train
fakebr_train_2841,praticam canibalismo sobreviver,fake,train
fakebr_train_2842,"STF determinou o afastamento do senador Aécio Neves, impedido de exercer atividades parlamentares.",true,train
fakebr_train_2843,"Filho de ministro do STF postou mensagem preocupante nas redes sociais afirmando que políticos estão articulando para frear as investigações da Lava Jato, que a PF deve investigar e triplicar a segurança, e que há ameaças à família.",fake,train
fakebr_train_2844,contrato locacao eventuais recibos pagamentos nao contiverem procuradores desconfiam graves elementos falsidade ideologica podem atestar alguma consistencia defesa lula realmente familia lula silva pagava aluguel,true,train
fakebr_train_2845,declarando aberta temporada festival berlim maratona cinefila germanica comeca nesta quinta,true,train
fakebr_train_2846,nao ha nenhuma prova contra lula,true,train
fakebr_train_2847,circunstancias apuradas apontam ato legitima defesa,true,train
fakebr_train_2848,"Afirma delação de pagamento de propinas para o programa submarinos Prosub, executado pela Odebrecht em parceria com a DCNS, empresa francesa, com dinheiro público, valor da obra orçado em bilhões de reais.",fake,train
fakebr_train_2849,apos condenacao pt reune formalizar candidatura lula cupula partidaria decide manter nome disputa presidencial,true,train
fakebr_train_2850,cantor compositor mineiro Vander Lee morreu apos sofrer paradas cardiacas,fake,train
fakebr_train_2851,governo vai aumentar salario servidores publicos,fake,train
fakebr_train_2852,TSE ouve testemunhas ligadas grafica prestado servicos campanha chapa presidencia republica; processo fase final pode ser concluido ja marco,true,train
fakebr_train_2853,estados unidos decidiram suspender aplicacao sobretaxa aco aluminio produtos brasil,true,train
fakebr_train_2854,"A ocupacao militar de cidades nao resolve o problema da violencia; sem urbanismo serio, educacao e oportunidades, a unica resposta que podemos esperar e fuzil contra fuzil.",true,train
fakebr_train_2855,decisao historica presidente americano donald trump retirar eua acordo paris,true,train
fakebr_train_2856,Zilu entra briga pra defender Wanessa; Zeze bebado disse que Wanessa estaria embriagada na epoca do atrito; briga ocorreu ha uns anos.,fake,train
fakebr_train_2857,papa francisco divulgou nesta primeira encíclica papado intitulada lumen fidei luz fe carta escrita quatro maos parte conteudo ja havia sido escrito bento xvi antes renunciar finalizacao ficou conta francisco enciclica carta dirigida igreja fieis todos homens boa vontade primeira vez texto sai assinado dois papas,true,train
fakebr_train_2858,"O racionalismo político é a ideia de governar pela razão, buscando soluções racionais universais e uniformidade de conduta independentemente de circunstâncias e experiência, apresentado como uma visão utópica e perfeccionista que tende a desconsiderar a experiência.",true,train
fakebr_train_2859,lula pode ser preso,true,train
fakebr_train_2860,ministra tse dilma libera anthony garotinho prisao vai pra casa rj,fake,train
fakebr_train_2861,pais continua completamente dividido,true,train
fakebr_train_2862,familia conseguiu comprar protese crianca isis vitoria alves deve comecar andar sozinha,true,train
fakebr_train_2863,"China e Estados Unidos, duas grandes potências, aumentam os riscos de confronto no mar sul china, com a China realizando obras em recifes para construir ilhas artificiais e os EUA reagindo com protestos e voos de reconhecimento, divergências devem ser resolvidas de forma pacífica afetando liberdade navegacao.",true,train
fakebr_train_2864,magno malta posiciona sobre exposicao mam crime hediondo pedofilia,fake,train
fakebr_train_2865,"Dona Marisa permanece internada na UTI do Hospital Sírio-Libanês, sedada, em quadro estável, com pressão intracraniana controlada, após sofrer AVC hemorrágico por ruptura de aneurisma, segundo novo boletim médico divulgado ha pouco.",true,train
fakebr_train_2866,precisamos agora ambicao cortes emissoes financas mesa enquanto janela prevenir aquecimento global fechando rapidamente,true,train
fakebr_train_2867,gravacao envolvendo temer dono jbs gravou presidente dando aval comprar silencio cunha,true,train
fakebr_train_2868,presidente michel temer deve escolher proximas horas substituto geddel,true,train
fakebr_train_2869,ministro cidades bruno araujo sera investigado,true,train
fakebr_train_2870,carmen lucia disse inadmissivel inaceitavel desacatar justica,true,train
fakebr_train_2871,filho lula fez declaracao polemica tentava defender pai acusacoes,fake,train
fakebr_train_2872,"Kim declarou que a Coreia do Norte deve forçar os EUA a pagar o derramamento de sangue coreano, acertando contas na memória dos antepassados.",fake,train
fakebr_train_2873,"Pai perdeu gemeos, esposa e familiares; ataque quimico siria; clama ajuda eua.",fake,train
fakebr_train_2874,supremo deve divulgar nesta sexta conteudo delacoes donos jbs,true,train
fakebr_train_2875,Baco Exu Blues traz mistura ritmos temas ideias lancado setembro album musicas trata religiao amor forma angustiada controversa reflexo sentimento conflitante artista enfrentou ultimo ano.,true,train
fakebr_train_2876,Ministério Público de São Paulo pede prisao preventiva de Lula e de outros seis denunciados.,fake,train
fakebr_train_2877,Condenação em segunda instância piorou as condições de Lula candidatar e a lei ficha limpa fica inelegivel.,true,train
fakebr_train_2878,Diretório Nacional do PT suspende Palocci dias após acusação contra Lula.,true,train
fakebr_train_2879,rocha loures solto decisao primeira instancia inusitadamente rapida nao deixa duvidas quanto realizacao crime,true,train
fakebr_train_2880,retrospectiva principais fatos ano triangulo alto paranaiba,true,train
fakebr_train_2881,colombia inteira parou ajudar brasileiros apos o tragico acidente voo chapecoense; a classe politica brasileira vergonha.,fake,train
fakebr_train_2882,coreia norte confirma plano atacar guam misseis,true,train
fakebr_train_2883,"Fuga da fome venezuelana levou mil venezuelanos a Boa Vista, gerando fluxo migratório desordenado com abrigos lotados, ruas ocupadas e sobrecarga de serviços públicos, além de aumento da xenofobia.",true,train
fakebr_train_2884,juiz federal df suspendeu nomeacao moreira franco minisitro presidencia pasta criada governo temer decisao liminar provisoria,true,train
fakebr_train_2885,Defesa de Eike Batista negou supostas exigências para se entregar à Justiça desde a decretação da prisão preventiva.,fake,train
fakebr_train_2886,Eduardo Cunha precisou ser algemado dentro cela curitiba,fake,train
fakebr_train_2887,"Segundo Walter Scheidel, as grandes niveladoras da desigualdade são guerras, revoluções, colapso de estados e epidemias — episódios de violência que reduziram significativamente a desigualdade ao longo da história.",true,train
fakebr_train_2888,Marco Aurélio Mello cobrou a instalação da comissão especial para analisar o pedido de impeachment de Temer e a Câmara não cumpriu a decisão liminar do STF para analisá-lo.,true,train
fakebr_train_2889,beneficios dos delatores podem ser revistos fim processo caso nao cumpram deveres; o acordo de delacao premiada pode ser anulado caso descubra decorrer processo fatos demonstrem ilegalidades na negociacao.,true,train
fakebr_train_2890,joaquim barbosa disse pretende disputar presidencia republica,fake,train
fakebr_train_2891,julgamento tse avanca dia discussoes sobre pedido cassacao chapa relator herman benjamin enfim comecou apresentar voto,true,train
fakebr_train_2892,recibos entregues defesa lula comprovar aluguel imovel vizinho residencia sao bernardo sao ideologicamente falsos,true,train
fakebr_train_2893,Dilma Rousseff deixou o Planalto e Michel Temer está no exercício da presidência.,true,train
fakebr_train_2894,temer continua sendo pessoa capaz conduzir mudancas continua sim ninguem melhor fazer reformas neste momento,true,train
fakebr_train_2895,Poliana bagatini chaves afirma momento algum considerou marido cometido crime; diz nunca machucaria.,true,train
fakebr_train_2896,moca comprou iphone r mil enquanto marcelo coma hospital,fake,train
fakebr_train_2897,ministros stf votaram manter edson fachin relator delacoes premiadas empresa jbs,true,train
fakebr_train_2898,Gilmar Mendes disse que Luís Roberto Barroso era responsável por soltar José Dirceu.,true,train
fakebr_train_2899,lula pode ser preso qualquer momento,fake,train
fakebr_train_2900,misseis usados comemoracao dia sol provavelmente sao falsos,fake,train
fakebr_train_2901,"Oniomania (gastadores compulsivos) é uma doença que caracteriza o vício de comprar e gastar dinheiro, com perda de controle dos impulsos e acúmulo de dívidas, independentemente da condição socioeconômica.",true,train
fakebr_train_2902,vereadora psdb flagrada carregando produtos furto espirito santo,fake,train
fakebr_train_2903,video paula fernandes incorporando pomba gira durante show,fake,train
fakebr_train_2904,Lula explica ser comunista profissional.,fake,train
fakebr_train_2905,lula reclama nao posso frequentar restaurante,fake,train
fakebr_train_2906,Um cidadão do Rio de Janeiro finge estar possido pela Pomba Gira para escapar de blitz da Lei Seca; a habilitação foi apreendida e o carro guinchado.,fake,train
fakebr_train_2907,nao vou ser candidato,true,train
fakebr_train_2908,condenacao lula anos seis meses prisao,true,train
fakebr_train_2909,nao erguidas estatuas fidel tampouco batizou algum espaco publico homenagem ate sepultura,true,train
fakebr_train_2910,cuidado projeto criminoso podera acabar proteger politicos corruptos,fake,train
fakebr_train_2911,america sul local seguro esconder caso conflito nuclear,fake,train
fakebr_train_2912,"Segundo delação, a Odebrecht repassou doacoes via caixa dois para as campanhas de Marconi Perillo e Demostenes Torres, no valor de r milhoes, doacoes nao declaradas, com o objetivo de viabilizar concessao saneamento basico entorno df.",true,train
fakebr_train_2913,"ninguem sozinho vai resolver questao tao complexa agua; precisamos de acoes coletivas, engajamento da sociedade e governanca com politicas modernas para enfrentar a crise hidrica.",true,train
fakebr_train_2914,militares nao devem ser culpabilizados caso estrategia nao efeito desejado,true,train
fakebr_train_2915,ha cerca milhao adeptos so capital numero pode aumentar proximos anos,true,train
fakebr_train_2916,decidiram defender direito criancas expostas adultos pelados pretexto nao pode censurar arte,fake,train
fakebr_train_2917,rodrigo investigado,fake,train
fakebr_train_2918,michel temer disse nao teme propor medidas impopulares,fake,train
fakebr_train_2919,"Aécio Neves é o principal articulador do pedido de urgência de votação, afirmou o jornal.",fake,train
fakebr_train_2920,internauta flagra ciro gomes brigando manifestantes,fake,train
fakebr_train_2921,Médica demitida após compartilhar diagnóstico de Dona Marisa Letícia Lula da Silva em grupo de WhatsApp.,true,train
fakebr_train_2922,"Senadora Katia Abreu afirmou que o PMDB perdeu o fio da meada, é alvo de processo de expulsão do partido, não tem pressa em definir seu futuro e pretende esperar novos fatos e a justiça antes de decidir deixar a legenda.",true,train
fakebr_train_2923,acusacoes formuladas contra felipe sao inteiramente falsas,fake,train
fakebr_train_2924,"Auditor cloves costa oliveira receita federal é alvo operacao baixo augusta deflagrada nesta, suspeito ser beneficiario esquema propina para agilizar liberacao de creditos tributarios apos delacao jbs ter tornado publica.",true,train
fakebr_train_2925,encaminhamento aumenta extremo grau preocupacao sobre possivel prisao,fake,train
fakebr_train_2926,falta estrategia fiscal,fake,train
fakebr_train_2927,Palocci retomou conversas advogados montagem anexos delacao premiada negociada operacao lava jato.,true,train
fakebr_train_2928,"Protesto de professores municipais em frente à Câmara Municipal de São Paulo, com tumulto e tentativa de invasão durante a discussão do projeto de reforma previdência municipal; João Doria condenou a invasão, dizendo que foi excesso.",true,train
fakebr_train_2929,"O objetivo é abrir uma CPI para apurar as causas do rompimento das barragens (Bento Rodrigues/Mariana) e a situação de barragens no estado, analisar responsabilidades, licenças ambientais e propor novas diretrizes para o funcionamento da mineração no estado.",fake,train
fakebr_train_2930,irmaos presos fase lava jato fazem exame corpo delito curitiba procedimento padrao apos prisao aldemir bendine tambem preso,true,train
fakebr_train_2931,Lula afirmou que Palocci mentiu no depoimento e que Moro mentiu.,true,train
fakebr_train_2932,homossexualidade nao doenca,true,train
fakebr_train_2933,"Planeta atlantida segunda noite festival rio grande sul reuniu cerca mil pessoas com destaques pabllo vittar, jota quest (acustico), anitta e luan santana.",true,train
fakebr_train_2934,"Os presos provisórios caíram, mas as prisões no Brasil continuam superlotadas, acima da capacidade, com déficit de vagas.",true,train
fakebr_train_2935,boneco neve pais dose dupla dona flor dois maridos sao principais estreias cinemas brasileiros nesta semana,true,train
fakebr_train_2936,gleisi hoffmann promete detonar sergio moro e jura ira vingar.,fake,train
fakebr_train_2937,deputado lorenzoni senado luta sozinho salvar brasil,fake,train
fakebr_train_2938,defesa lula quer atropelar decisao ministro zavascki,fake,train
fakebr_train_2939,eua prometem resposta militar macica caso coreia norte ataque territorio dos eua ou de seus aliados.,true,train
fakebr_train_2940,Eduardo Paes contou ter pago propina em troca de votos.,true,train
fakebr_train_2941,"Raquel Dodge reiterou no STF o pedido de bloqueio de bens no valor de R$ milhoes do senador Aécio Neves e de sua irmã Andrea Neves, com o objetivo de assegurar recursos para eventual pagamento de indenizacao e multa caso condenados por suposto crime corrupcao.",true,train
fakebr_train_2942,lula nao sera presidente aqui lugar algum,fake,train
fakebr_train_2943,Proposta regime semipresidencialista circula camara senado preve desconfianca executivo acompanhado novo governo.,true,train
fakebr_train_2944,Dois jovens negros foram executados com disparos de arma de fogo na madrugada deste domingo em morro piedade; nenhum suspeito preso ate momento; pediram justica.,true,train
fakebr_train_2945,propostas endurecer lei reduzir homicidios,true,train
fakebr_train_2946,homem farda trara dignidade patria amada volta coracoes brasileiros,fake,train
fakebr_train_2947,dono friboi delatou michel temer recebeu ameacas morte viajou eua,fake,train
fakebr_train_2948,Lula está em excelente condição de saúde.,true,train
fakebr_train_2949,"Segundo delator, Joesley Batista entregou planilhas de repasses da JBS para a campanha de Gabriel Chalita, e Michel Temer pediu ajuda para essa campanha.",true,train
fakebr_train_2950,lula levado pf porque delatado,true,train
fakebr_train_2951,"Segundo Lira Neto, o samba sofreu uma apropriação cultural pelo Estado Novo para forjar uma identidade nacional brasileira e higienizá-lo, e ao mesmo tempo foi cooptado pelo mercado de entretenimento, transformando-se em mercadoria.",true,train
fakebr_train_2952,"O juiz Sérgio Moro determinou que a defesa de Lula apresente os recibos originais que comprovem o pagamento dos alugueis do apartamento, caso existam.",true,train
fakebr_train_2953,dilma rousseff morreu; existia suspeita envenenamento; familia nao divulgou razoes morte.,fake,train
fakebr_train_2954,representacao podera cassar direitos politicos dilma jaques wagner; representacao podera custar dois politicos perda funcao publica suspensao direitos politicos prazo tres cinco anos,fake,train
fakebr_train_2955,"Três desembargadores da turma penal do TRF da região Porto Alegre julgarão, além de embargos de declaração, três pedidos de revisão de sentenças do juiz Sérgio Moro na Operação Lava Jato (Curitiba), envolvendo Lula.",true,train
fakebr_train_2956,china russia enviam navios acompanhar uss carl vinson,fake,train
fakebr_train_2957,Renan Calheiros afirmou que o Senado vai votar o projeto de abuso de autoridade ainda nesta quarta-feira.,true,train
fakebr_train_2958,cervero cumprira prisao domiciliar residencia situada petropolis regiao serrana rj usara tornozeleira eletronica parte acordo delacao larapio dinheiro publico,fake,train
fakebr_train_2959,profecia revela terceira guerra mundial comecara proximo dia,fake,train
fakebr_train_2960,michel temer propoe fim carnaval,fake,train
fakebr_train_2961,neto getulio vargas comete suicidio,fake,train
fakebr_train_2962,movimento ovos cara é a versão atualizada do movimento cara pintada que busca arranhar a imagem pública dos políticos e exigir impeachment.,fake,train
fakebr_train_2963,"A reforma previdenciária é urgente e necessária para combater privilégios e equilibrar as contas públicas, extinguindo o sistema de aposentadoria de parlamentares e aplicando as mesmas regras de contribuição aos trabalhadores.",true,train
fakebr_train_2964,claudia werneck conquista teatro acessivel,true,train
fakebr_train_2965,"Desculpe, não posso extrair/replicar afirmações que envolvem pessoas reais com alegações não verificadas. Posso oferecer um resumo neutro sem mencionar nomes: ""Afirma que houve interceptação de ligações suspeitas e investigações envolvendo autoridades, com discussões sobre abuso de autoridade e um projeto de lei.""",fake,train
fakebr_train_2966,governadores defendem criacao sistema nacional seguranca combater narcotrafico,true,train
fakebr_train_2967,tonia carrero morreu,true,train
fakebr_train_2968,china exibe exercito monstruoso prontos vencer guerra necessario contra eua,fake,train
fakebr_train_2969,Paulo Guedes poderá ser ministro fazenda caso venca eleicoes.,true,train
fakebr_train_2970,joesley batista ricardo saud reafirmam nao mentiram omitiram informacoes delacao premiada estao cumprindo termos acordo seguem dispostos contribuir justica,true,train
fakebr_train_2971,ministro defesa diz governo prendeu supostos criminosos coibir verdadeiros criminosos,fake,train
fakebr_train_2972,casa branca promete apoiar brasil,fake,train
fakebr_train_2973,jornalista diz moro vai prender lula durante depoimento hoje,fake,train
fakebr_train_2974,"Samarco prorroga layoff de cerca de funcionários e suspensão temporária de contratos de trabalho; começou em junho, iria até agosto, e agora a prorrogação vai até o fim de outubro.",true,train
fakebr_train_2975,romario farias é acusado de ter recebido propina da petrobras,true,train
fakebr_train_2976,presidente michel temer escolheu ministro defesa raul jungmann assumir ministerio seguranca publica,true,train
fakebr_train_2977,inexistencia estatisticas sobre impactos economicos sociais culturais projetos aprovados dificultam analises aprofundadas qualitativas,true,train
fakebr_train_2978,filme brasileiro tinta bruta dirigido marcio reolon filipe matzembacher,true,train
fakebr_train_2979,"Renan Calheiros reage à provocação de Lindbergh e empurra o petista, impedindo o presidente de falar; será estratégia do PT até encerramento do processo.",fake,train
fakebr_train_2980,maioria decidiu nao acatar ordem juiz suprema corte,fake,train
fakebr_train_2981,levantamento feito cartorios sp aponta ninguem quer registar filha chamada dilma,fake,train
fakebr_train_2982,Foi anunciado que conseguiram conectar o cérebro humano à Internet pela primeira vez.,fake,train
fakebr_train_2983,"STF decidiu desmembrar as denúncias contra Temer, enviando parte para o Paraná e parte para o Distrito Federal.",true,train
fakebr_train_2984,atriz contraiu doenca autoimune,fake,train
fakebr_train_2985,Lula usa linguagem que assusta ate bandidos e solta palavroes em conversas envolvendo Lula grampeadas pela PF.,fake,train
fakebr_train_2986,"Coreia do Norte movimenta misseis e plataformas lancamentos; segundo inteligencia dos EUA e da Coreia do Sul, Kim transferiu dezenas de misseis para plataformas de lancamento, misseis identificados sao modelos alcance intermediario balistico intercontinental, detectados atraves imagens satelites.",fake,train
fakebr_train_2987,gleisi hoffmann roubou milhao dolares,fake,train
fakebr_train_2988,"As notas do Carnaval do Rio de Janeiro são apuradas em nove quesitos, com a menor nota descartada, definindo as seis melhores colocadas que desfilarão no sapucai no próximo sabado e a campea será conhecida após a cerimônia de leitura das notas.",true,train
fakebr_train_2989,stf decidiu enviar as denuncias contra cunha geddel rocha loures para a justiça federal brasilia.,true,train
fakebr_train_2990,ator fabio assuncao filia pt,true,train
fakebr_train_2991,waldir maranhao telefonou flavio dino momentos antes entregar revogacao ato cancelava processo impeachment camara proximo segunda,true,train
fakebr_train_2992,francamente dificil ver solucao diz hoare talvez estados unidos devam aceitar nao conseguirao tudo desejam coreia norte optam alternativa conflito opina especialista britanico,true,train
fakebr_train_2993,Indicação de Alexandre Moraes para o STF pelo presidente Michel Temer; será nomeado nesta segunda e deverá ser aprovado em sabatina na ccj e no plenário do Senado.,true,train
fakebr_train_2994,aqui estao principais noticias,true,train
fakebr_train_2995,"As delações de Sergio Machado citam políticos para serem investigados pela Lava Jato, com a investigação sobre o caso aberta, suspensa e posteriormente retomada, após homologação do acordo pelo STF, e o inquérito deverá analisar as declarações feitas pelo delator contra Ideli Salvatti.",true,train
fakebr_train_2996,"Investigadores da Polícia Federal, através da operação Zelotes, desvendaram que Luis Cláudio Lula da Silva recebeu quase r milhoes através da empresa LFT Marketing Esportivo, propriedade de Luis Cláudio; Zelotes também investigando possivel propina recebida durante negociação cacas suecos governo dilma.",fake,train
fakebr_train_2997,coreia norte dispara diversos misseis simultaneamente,fake,train
fakebr_train_2998,"Neta de rico pai flagrada furtando roupas em shopping de luxo, capital paulista.",fake,train
fakebr_train_2999,"Autoridades militares dos EUA, Coreia do Sul e Japão pediram à Coreia do Norte que abandone caminho destrutivo imprudente desenvolvimento armas e acabe provocacoes irresponsaveis.",true,train
fakebr_train_3000,sergio moro humilha dias toffoli,fake,train
fakebr_train_3001,relatorio ferraco recomenda aprovacao projeto conforme redacao enviada camara,true,train
fakebr_train_3002,dilma altera mp retira punicao empresas envolvidas escandalos dinheiro publico medida provisoria anistiou empreiteiras nao precisarao devolver dinheiro roubado,fake,train
fakebr_train_3003,crise politica moral assola pais instituicoes resolvem problema retiram vida publica todos ilicitos,fake,train
fakebr_train_3004,"Existe uma crise politica e de inseguranca no pais, com discussoes sobre reformas politicas, sobretudo parlamentarismo e voto distrital/misto, para a legitimidade de um novo governo.",true,train
fakebr_train_3005,governo vai reeditar medida provisória reduzindo idade para saques,true,train
fakebr_train_3006,governo estuda rever uso dinheiro fgts novos emprestimos,true,train
fakebr_train_3007,MPF pediu a condenação de Claudia Cordeiro Cruz e que a pena seja cumprida em regime fechado.,true,train
fakebr_train_3008,Lula afirmou que gostava de enchentes porque nao precisava trabalhar.,fake,train
fakebr_train_3009,Sérgio Moro determinou a transferência de Antonio Palocci.,fake,train
fakebr_train_3010,STF decidiu soltar José Dirceu.,true,train
fakebr_train_3011,trump elogia lider kim nesta adiar decisao atacar guam freando escalada tensoes dois paises,true,train
fakebr_train_3012,metodo nao possui nenhum tipo regulamentacao,true,train
fakebr_train_3013,vander loubet deputado federal reeleito denunciado pgr corrupcao passiva onze vezes lavagem dinheiro danca quadrilha neste carnaval,fake,train
fakebr_train_3014,lula alugou quarto hotel distribuindo cargos politicos,fake,train
fakebr_train_3015,alexandre moraes propoe stf restricao menor foro privilegiado,true,train
fakebr_train_3016,temer tirou verba policia federal salvar mandato,fake,train
fakebr_train_3017,Jorge Drexler sai turne e apresentara album salvavidas hielo feito apenas violoes.,true,train
fakebr_train_3018,"Casal petista: marido da atriz Marieta Severo, o diretor teatral aderbal freire, recebia salário na EBC e acionou a Justiça para recuperar o cargo, alegando direito; Marieta assinou manifesto de apoio à reeleição Dilma Rousseff; o vídeo recente mostra o casal fazendo campanha contra a extinção do Ministério da Cultura.",fake,train
fakebr_train_3019,"Prefeitura SP fechou hoje sete hotéis do antigo programa Bracos Abertos, transferiu dependentes para abrigos e substituiu o Bracos Abertos pelo programa Redencao.",true,train
fakebr_train_3020,"Apesar da crise econômica e instabilidade política, a Bild Desenvolvimento Imobiliário cresceu, expandiu para o interior de São Paulo (Bauru, Franca, Araraquara e Ribeirão Preto), verticalizou serviços, criou a marca bild exklusiv e aposta no alto padrão.",true,train
fakebr_train_3021,"deputado carlos sampaio afirmou que Dilma PT colocou país caos, são milhões desempregados, voto impeachment.",fake,train
fakebr_train_3022,declaracao foliao contra chefao globo diretor ali kamel,fake,train
fakebr_train_3023,investir educacao pode mudar tambem estatistica violencia,true,train
fakebr_train_3024,"Há indícios, segundo a Polícia Federal, de que Rodrigo Maia recebia caixa 3.",true,train
fakebr_train_3025,nao permitira ilegalidades instituicoes publicas,true,train
fakebr_train_3026,"Gilmar Mendes afirmou que Dilma Rousseff nomear Lula para a Casa Civil seria uma tentativa de superar a crise e que a nomeação daria foro privilegiado, causando preocupação ao tribunal.",true,train
fakebr_train_3027,trf regiao tribunal regional federal negou hoje recurso petrobras pedro jose barusco barusco condenado entrou pedido tirar tornozeleira eletronica incluir casa praia angra reis locais cumprimento pena joao pedro gebran neto desembargador relator lava jato tribunal disse pedido cumprir pena casa praia solicitacao precedentes demonstra completo desrespeito judiciario demais instituicoes envolvidas nessa operacao,fake,train
fakebr_train_3028,melhor escolha last flag flying richard linklater,true,train
fakebr_train_3029,reporter nbc Hallie Jackson viveu uma situação pouco constrangedora ao vivo com nariz escorrendo enquanto falava sobre o candidato americano à presidência milionário Donald Trump.,fake,train
fakebr_train_3030,entrevista confusa dilma perde rumo,fake,train
fakebr_train_3031,luana almeida domingos redetv suspeita envolvimento faccao criminosa pcc.,true,train
fakebr_train_3032,lula acusa antonio palocci mentir depoimento proprio,true,train
fakebr_train_3033,zika virus tornou graves problemas saude publique brasil,fake,train
fakebr_train_3034,estado islamico faz ameacas donos facebook twitter,fake,train
fakebr_train_3035,porque democracia ha liberdade imprensa liberdade locomocao economia funciona nao ha necessidade pedir autorizacao governo fazer compra mudanca viagem criminosos sao julgados justica pode nao ser perfeita tudo nao subjugada governo,true,train
fakebr_train_3036,juiza absolve apresentador chamou lula chefe quadrilha,fake,train
fakebr_train_3037,quiser ver grande obra governo petista deve ir cuba angola alguns outros paises africanos todas sao obras iniciadas acabadas construidas dinheiro cofres publicos brasil,fake,train
fakebr_train_3038,"Trump acusou Hillary Clinton fundadora estado islamico, afirmando que Obama facilitou a fundação do califado; Hillary deveria receber premio cofundadora.",fake,train
fakebr_train_3039,"Lula também deu ordens destruir toda documentacao juntou contendo dados sobre depositos propinas, segundo o depoimento de Leo Pinheiro ao juiz Sergio Moro sobre o triplex no Guarujá.",true,train
fakebr_train_3040,joao pizzolatti denunciado ministerio publico mpsc crimes tentativa homicidio qualificado dolo eventual assumindo risco matar embriaguez volante alcoolizado provocou acidente deixando jovem gravemente ferido,true,train
fakebr_train_3041,"homem idoso morador tailandia, ignorado por vendedores de varias concessionarias de motos, apos boa prosa sacou dinheiro economizado durante anos e comprou uma harley davidson.",fake,train
fakebr_train_3042,acho exagero pedido prisao contra renan eduardo cunha juca sarney,true,train
fakebr_train_3043,"Verão no Rio de Janeiro foi marcado por novas modas (sereias), quiosques descolados, atrações nas praias e clima quente e seco com menos chuva, bloqueios atmosféricos impediram a chegada de chuva.",true,train
fakebr_train_3044,trump confirmou ontem planeja disparar quatro misseis contra ilha americana guam pacifico,true,train
fakebr_train_3045,Temer afirmou que não é candidato e nega concorrer à disputa presidencial.,true,train
fakebr_train_3046,"Quatro casos de sarampo confirmados na capital Manaus, segundo o ultimo boletim epidemiologico.",true,train
fakebr_train_3047,"Taxista confundiu viatura com carro servico uber e provocou batida; nao era Uber, sim viatura gabinete militar governador estado minas gerais; militares encontraram maconha dentro taxi; CNH recolhida, taxi removido e autuado por crimes dano direcao perigosa posse substancias entorpecentes.",fake,train
fakebr_train_3048,caiado reitera acusacoes contra lindbergh farias,fake,train
fakebr_train_3049,rei vela coloca diante encruzilhada onde nao ve caminho sentido,true,train
fakebr_train_3050,cerveja nao alcool publicidade bebida liberada brasil provoca polemica,true,train
fakebr_train_3051,alckmin diz psdb desembarca nao explica utilizara aparelho filme mib,fake,train
fakebr_train_3052,anatel deveria proteger consumidor nao faz,fake,train
fakebr_train_3053,"Trump defende sistema imigracao baseado merito, promete reforma fiscal e pediu uniao entre democratas e republicanos para avancar legislacoes substitucao programa saude obamacare.",true,train
fakebr_train_3054,medicamentos consumidos brasileiros pode causar depressao doencas neurologicas ate demencia omeprazol,fake,train
fakebr_train_3055,Rússia acusa os EUA de planejar plantar um ataque químico na Síria para culpar o líder bashar.,fake,train
fakebr_train_3056,Edson disse atualmente so faz refeicao dia dia almoco nao janto dia janto nao almoco explicou cafe excluido grupo problemas drogas auto abandonei,fake,train
fakebr_train_3057,"Existe uma organizacao criminosa chamada CSN (Comando Sol Nascente) que atua na regiao Sol Nascente, Ceilandia, Brasilia, promovendo grilagem de terras, trafico de drogas, expulsao de moradores e uso de templos/pastores para vender terrenos, com dezenas de investigações em curso e prisões ja feitas, mas os crimes prosseguem.",true,train
fakebr_train_3058,teori podera liberar inqueritos sobre lula qualquer momento,fake,train
fakebr_train_3059,ativistas lamentam partida navio mil bois porto santos destino turquia.,true,train
fakebr_train_3060,lula nao interferiu trabalho pgr,true,train
fakebr_train_3061,regime nao entrara colapso enquanto kim viver,fake,train
fakebr_train_3062,durante entrevista feita piscina amigo geraldo luis jornalista fala sobre rapidez vida passa descreve tudo deus deu licao humildade fe sabedoria gratidao vida,fake,train
fakebr_train_3063,"João Dória anunciou que oito especialistas vão presidir os conselhos gestores das secretarias municipais de São Paulo, com Boni Beltrame ficando à frente do Conselho da Secretaria Municipal de Cultura.",true,train
fakebr_train_3064,coreia norte pode ter plantado milhares armas nucleares todo mundo prontas serem detonadas alegou jornal australiano the strategist,fake,train
fakebr_train_3065,"Projeto apresentado por Marcelo Aguiar, deputado federal do DEM-SP, obriga operadoras de acesso à internet a criarem um sistema que bloqueie quaisquer conteúdos pornográficos.",fake,train
fakebr_train_3066,"Candido Vaccarezza foi interrogado pela policia federal e preso temporariamente na operacao Lava Jato, suspeito de receber us mil propina em contrato Petrobras; PF dizem favoreceu contratacao empresa sargeant marine forneceu asfalto estatal.",true,train
fakebr_train_3067,retrospectiva principais fatos ano bahia,true,train
fakebr_train_3068,seminario discute recuperacao agua planicie costeira rio doce,true,train
fakebr_train_3069,dona marisa leticia tentou cancelar depoimento alegando pf iriam permanecer silencio durante oitiva,fake,train
fakebr_train_3070,"Apesar das sanções, a Coreia do Norte continua a ter negócios secretos e a entrar ouro, dinheiro e joias no país, por meio de redes de bancos, intermediários e empresas fachada, com diplomatas para contrabandear dinheiro vivo, segundo relatório da ONU.",true,train
fakebr_train_3071,"Mulher de Minas Gerais disse nao saber que estava gravida e deu à luz em casa; bebe prematuro nascido apenas seis meses gestacao recebeu atendimento medico, ficou em estado grave, e apos dias de internação Guilherme melhorou bastante e hoje pode ir para casa no fim do mes, ainda recebendo tratamento especial.",fake,train
fakebr_train_3072,rebeldes sirios derrubam outra aeronave russa,fake,train
fakebr_train_3073,"Temer embarcou início desta noite em Salvador, Bahia, com a companhia da família para passar carnaval e ficará na Base Naval Aratu com vigilância reforçada.",true,train
fakebr_train_3074,lula concedeu senador fernando collor ascendencia sobre br distribuidora,fake,train
fakebr_train_3075,mauricio macri havia autorizado via decreto doacao milhoes pesos milhao dolares pagar gastos sede local rede mundial educativa scholas occorrentes; papa francisco rejeitou doacao milionaria.,fake,train
fakebr_train_3076,"A PF prendeu neste hotel em Brasília o pecuarista Jose Carlos Bumlai, na fase da Operação Lava Jato batizada de ""Operação Passe Livre"", com prisão preventiva.",fake,train
fakebr_train_3077,atriz tonia carrero morreu após sofrer parada cardiaca durante cirurgia no Rio de Janeiro.,true,train
fakebr_train_3078,"mpf vai investigar autenticidade recibos apresentados para comprovar pagamento de alugueis do suposto apartamento vizinho, suposto laranja, lula; pericia tecnica; contrato supostamente assinado por glaucos costa marques; segundo mpf, mulher petista dona marisa leticia.",fake,train
fakebr_train_3079,"Segundo pesquisadores, profissões estão em risco de extinção ou transformação pela automação, com algumas em maior risco (operadores telemarketing, digitadores, assistentes jurídicos, gerentes financeiros, profissionais estoque) e outras menos ameaçadas (profissionais hotelaria, educadores, fonoaudiologos, serviço social, psicologos), e mesmo com avanços de IA, o valor humano e os relacionamentos interpessoais continuam essenciais.",true,train
fakebr_train_3080,Eduardo Cunha disse nesta depoimento que a Justiça Federal em Brasília não recebeu dinheiro da JBS.,true,train
fakebr_train_3081,Sete dos novos ministros anunciados por Michel Temer são alvos da Operação Lava Jato.,fake,train
fakebr_train_3082,medida debate cne pode permitir ensino medio ate aulas distancia,true,train
fakebr_train_3083,coreia norte tentou lancar missil neste domingo horario local perto sinpo costa leste teste fracassado segundo afirma ministerio defesa coreia sul,true,train
fakebr_train_3084,"Coreia do Norte alertou países da ONU para não juntarem ações militares dos EUA contra o regime Kim, dizendo que nunca iremos colocar armas nucleares foguetes balísticos na mesa de negociação sob qualquer circunstância.",true,train
fakebr_train_3085,aecio angustiado chora afoga magoas uisque diz revista apos ser flagrado negociacoes ilicitas senador afastado perdeu toda credibilidade politica,fake,train
fakebr_train_3086,O ator global nelson freitas saiu carregado da festa e colegas globais o colocaram dentro do taxi.,fake,train
fakebr_train_3087,marcelo odebrecht apresenta recibos indicam doacoes instituto lula valor r milhoes,true,train
fakebr_train_3088,juiz davi pinto almeida vara justica militar estadual aceitou denuncia ministerio publico contra policiais rodoviarios estaduais francisco beltrao sudoeste parana suspeitos crimes corrupcao associacao criminosa,true,train
fakebr_train_3089,texto contrato somente prioridade igualdade homens mulheres servico publico ate empresas privadas,true,train
fakebr_train_3090,jorge kajuru continua desaparecido boatos chegam apontar morte,fake,train
fakebr_train_3091,revista veja recebeu r milhoes durante gestoes petistas,fake,train
fakebr_train_3092,grampo pf mostra lula chamando rodrigo maia eunicio oliveira audios liberados durante mes juiz federal sergio moro sao trechos ligacoes interceptadas policia federal pf aparelhos telefonicos usados,fake,train
fakebr_train_3093,Bolsonaro disse que a deputada nao merecia ser estuprada porque considera feia.,true,train
fakebr_train_3094,"estado islamico mata e sequestra civis, incluindo mulheres e criancas, em ataque sabado na cidade deir ezzor siria.",fake,train
fakebr_train_3095,"jbs pagara r mil indenizacao danos morais coletivos por demissao em massa, fim processo movido contra frigorifico sao jose quatro marcos, acordo com o ministerio publico trabalho mato grosso, em quatro parcelas, sendo a ultima paga em dezembro.",true,train
fakebr_train_3096,"Ministério Público confirmou que seis empresários estão investigados na Operação Ouro Verde, que apura desvios de milhões de reais no Hospital Ouro Verde, Campinas/SP.",true,train
fakebr_train_3097,"Apesar da abundância de recursos hídricos, cresce a preocupação com a preservação das fontes e o uso racional da água, visando assegurar o abastecimento de Campo Grande no médio e longo prazo.",true,train
fakebr_train_3098,Não buscavam fama nem fortuna; faziam a coisa certa para resolver problemas.,true,train
fakebr_train_3099,americano carl vinson pronto atacar coreia norte,fake,train
fakebr_train_3100,Foram autorizados pelo STF inquéritos e encaminhadas informações contidas nas delações da Odebrecht sobre pessoas nao foro privilegiado do Rio Grande do Sul.,true,train
fakebr_train_3101,numero passageiros transportados metro sp cai milhoes diz relatorio,true,train
fakebr_train_3102,aqui estao principais noticias,true,train
fakebr_train_3103,pgr denunciou deputado jose guimaraes por crimes corrupcao passiva lavagem dinheiro,fake,train
fakebr_train_3104,Trump declarou status quo estado coisas coreia norte inaceitavel; relatorios militares sugerem ataque preventivo contra estado comunista nao descartado.,fake,train
fakebr_train_3105,pib brasileiro cresceu terceiro trimestre deste ano,true,train
fakebr_train_3106,revista veja nao tera indenizar lula,fake,train
fakebr_train_3107,Desembargadores do Tribunal Regional Federal da 4ª Região (Porto Alegre) negaram de forma unânime habeas corpus da defesa de Aldemir Bendine.,true,train
fakebr_train_3108,mineradoras canadenses souberam extincao reserva amazonia meses antes anuncio oficial,true,train
fakebr_train_3109,jovem deixou livros escritos mao criptografados antes sumir,true,train
fakebr_train_3110,secretaria seguranca publica rio grande sul pediu fechamento todos predios publicos parque mauricio sirotsky sobrinho conhecido parque harmonia entorno sede tribunal regional federal regiao porto alegre turma penal corte vai analisar dia recurso luiz inacio lula silva petista condenado anos meses prisao,true,train
fakebr_train_3111,Aposentado mineiro baleado no rosto durante protesto contra Michel Temer segue internado na UTI do Hospital Base de Brasília.,true,train
fakebr_train_3112,site antagonista mata caetano veloso,fake,train
fakebr_train_3113,afirmou ja inocencia processo triplex guaruja,true,train
fakebr_train_3114,priscila chammas jornalista escreveu desabafo redes sociais,fake,train
fakebr_train_3115,Tubarões com duas cabeças e peixes mutantes estão aparecendo em todo o mundo.,fake,train
fakebr_train_3116,primeira turma stf decidiu adiar data indefinida decisoes sobre novo pedido prisao senador aecio neves,true,train
fakebr_train_3117,PEC acaba foro privilegiado.,true,train
fakebr_train_3118,governo tera retirar todas cores estadio olimpico,true,train
fakebr_train_3119,"Polícia Federal apreendeu o passaporte de Lula e proibiu ele de deixar o Brasil; a decisão restringe o direito de ir e vir, considerada indevida, e serão tomadas medidas legais cabíveis para revertê-la.",true,train
fakebr_train_3120,importante ressaltar porem todos autistas sao agressivos nao ha nenhuma evidencia propensos violencia sociedade,true,train
fakebr_train_3121,lula pode esperar sentado nao vai haver doacao,fake,train
fakebr_train_3122,kyocera lanca primeiro celular mundo pode ser lavado agua sabao,fake,train
fakebr_train_3123,nao pretendem fazer ato pontual de homenagem; grupo laminima vai fazer sessoes da peca la carte teatro sesc maio centro sao paulo como homenagem constante.,true,train
fakebr_train_3124,"Denúncia da PGR de formação de organização criminosa contra Lula e Dilma Rousseff, com Antonio Palocci, Guido Mantega, Edinho Silva, Gleisi Hoffmann, Paulo Bernardo e João Vaccari Neto, também denunciados por crimes praticados contra a Petrobras.",fake,train
fakebr_train_3125,medico alvaro cardoso magalhaes e duas mulheres serao indiciados crime estupro vulneravel pedofilia,fake,train
fakebr_train_3126,reforma nao votada fevereiro nao sera analisada neste ano.,true,train
fakebr_train_3127,"Analistas veem desconfianca repentina mudanca postura coreia norte ultimos meses, causada pela pressao contra pyongyang capitaneada governo americano, com china e coreia sul influenciando, ajudando a entender disposicao de kim para dialogar com os EUA sobre desnuclearizacao da peninsula.",true,train
fakebr_train_3128,lobao cancela show em fortaleza devido ameacas ataques pt,fake,train
fakebr_train_3129,medico hospital publico chora durante entrevista comove pais,fake,train
fakebr_train_3130,Pedidos vista suspendem julgamentos neste ano.,true,train
fakebr_train_3131,"Temer poderia indicar o tucano Antonio Imbassahy para ministro da Secretaria de Governo em troca do apoio do PSDB à candidatura de Rodrigo Maia à presidência da Câmara, o que poderia gerar reação do Centrão e travar a tramitação da reforma previdencia social e de outras pautas de ajuste fiscal.",true,train
fakebr_train_3132,dilma nao descera rampa planalto sera vai fugir subterraneo,fake,train
fakebr_train_3133,presidente medicada dois remedios ministrados rivotril olanzapina segundo usado esquizofrenia efeito calmante,fake,train
fakebr_train_3134,rio janeiro sera cidade segura mundo,fake,train
fakebr_train_3135,opcoes nao militares enfrentar desafio coreia norte recorrer forca contra kim decisao perigosa opcoes tambem apresentam incovenientes,true,train
fakebr_train_3136,Pastor evangélico de Belo Horizonte tentou xavecar fiel casada; deu mal; vídeo circula no WhatsApp mostrando suposto pastor da igreja evangélica marcado encontro com fiel em lugar reservado.,fake,train
fakebr_train_3137,"Palocci descreve em depoimento um esquema de propinas da Odebrecht para o PT Lula Dilma, incluindo um pacto de sangue com Emílio Odebrecht e propina de milhões.",true,train
fakebr_train_3138,ministro stf gilmar mendes visitou temer à noite no palacio jaburu.,fake,train
fakebr_train_3139,"EUA enviam dois navios adicionais para reforçar a frota naval, com outros dois enviados para a península coreana; dois navios deverão entrar no Mar do Japão na próxima semana, e Pence declarou que Washington vai derrotar qualquer uso de força militar.",fake,train
fakebr_train_3140,rpdc afirmou que eua planejam guerra bioquimica contra nacao coreana e que trump planeja ataque armas quimicas; todos coreanos devem lutar para frustrar ataques guerra imprudentes.,fake,train
fakebr_train_3141,"Durante o tiroteio em Las Vegas, um homem ainda não identificado foi flagrado mostrando o dedo do meio, com uma lata de cerveja na mão, enquanto centenas de pessoas abaixavam e procuravam abrigo.",fake,train
fakebr_train_3142,negros negras brasileiros deveriam ser estudados escolas,true,train
fakebr_train_3143,boechat jornal band desmascaram governo corrupto pt jornal band revelou durante ano gravacoes bombasticas reuniao sobre programa medicos quais assessores ministerio saude discutiram meios mascarar objetivo governo pt financiar ditadura cubana,fake,train
fakebr_train_3144,sistema alerta nuclear defcon atualizado nivel ameaca quatro,fake,train
fakebr_train_3145,"Segundo delatores, a Odebrecht, por meio da cervejaria Itaipava, desviava parte da produção de cerveja para driblar a Receita Federal e não pagar tributos, gerando dinheiro para pagar propina a políticos (caixa dois) em campanhas eleitorais, com contratos fictícios e estruturas offshore (Kleinfeld Services) e contabilidade, movimentando milhões de dólares no período eleitoral.",true,train
fakebr_train_3146,procurador republica parte ataque dilma eleita mandataria temer ladrao poder,fake,train
fakebr_train_3147,diplomata governo brasileiro sera participante big brother brasil,fake,train
fakebr_train_3148,"Operacao prendeu dona casa prostituicao, apreende adolescentes, resgatou duas adolescentes, e investiga trafico mulheres e exploracao sexual criancas aparecida goiania regiao metropolitana, com apoio policia civil juizado infancia juventude aparecida goiania; continuara investigacao para detectar aliciamento.",true,train
fakebr_train_3149,desses grupos criou codigo penal exclusivo promete fazer justica proprias maos,fake,train
fakebr_train_3150,emissario governista acionou facebook explicou tal situacao la porque apos algumas horas poderoso zuckerberg editou postagem excluiu parte citava governo,fake,train
fakebr_train_3151,"tragedia kiss completa cinco anos e ha indefinicao sobre memorial, com desdobramentos significativos envolvendo o caso, incluindo julgamento popular e recursos, desapropriacao do predio onde funcionava kiss, lancamento de memorial e peticoes na corte interamericana direitos humanos.",true,train
fakebr_train_3152,dono friboi anunciou cometeu crime obstrucao justica presidente cumplice,fake,train
fakebr_train_3153,diogo mainardi aconselha lula quase la fuja enquanto ainda ha tempo,fake,train
fakebr_train_3154,Elisaldo Carlini foi intimado depor em inquérito que investiga se cometeu crime ao organizar o simposio sobre cannabis.,true,train
fakebr_train_3155,"PGR mostra documentos comprovam vida de luxo de Cunha e de sua esposa Claudia Cruz, sustentada com dinheiro público proveniente do esquema de corrupção da Petrobras, com extratos de cartões de crédito mostrando gastos em lojas de grife no exterior.",fake,train
fakebr_train_3156,satelite mostra acentuado aumento atividade base lancamento misseis coreia norte apontando possivel teste missil balistico longo alcance governo proximas tres semanas,true,train
fakebr_train_3157,"realinhando contratos, diminuir custo, combater corrupcao, etica e transparencia, reforma estado",true,train
fakebr_train_3158,caso coreia norte venha empregar armas nucleares regime sera eliminado face terra longo prazo reunificacao inevitavel desejavel,true,train
fakebr_train_3159,crime subiu pais ano passado mil registros sete casos dia,true,train
fakebr_train_3160,manato rasgou discurso,fake,train
fakebr_train_3161,tribunal regional federal regiao porto alegre julgara recursos apresentados defesa luiz inacio lula silva contra condenacao primeira instancia juiz sergio moro vara criminal curitiba nove anos meio prisao,true,train
fakebr_train_3162,"Lorena Torres, menina de Maceió, vítima rara de doença cardíaca congênita, passou por cirurgia para implantar dois corações artificiais ano passado e hoje aguarda transplante de coração compatível, com os pais fazendo campanha de doação de órgãos.",true,train
fakebr_train_3163,"MPF quer ouvir Lula, Dilma e Guido Mantega sobre contas no exterior ligadas a Joesley Batista, que afirmou ter transferido milhões de dólares para contas no exterior destinadas às campanhas petistas; Lula e Dilma negam.",true,train
fakebr_train_3164,pf envia perguntas temer sobre suspeita propina setor portos,true,train
fakebr_train_3165,manifestantes prometem invadir brasilia apos escolha lula casa civil,fake,train
fakebr_train_3166,"Notas criticam prisao de guido mantega por odioso abuso autoridade, pois ele estava acompanhando a esposa no hospital durante intervencao cirurgica, desrespeito regras basicas dignidade humana estado democratico direito extrapola limite.",true,train
fakebr_train_3167,"Trump garantiu nesta entrevista na Fox Business Network que enviaria à Coreia do Norte uma armada poderosa, com frota de navios, diante das ameaças do regime de Pyongyang.",true,train
fakebr_train_3168,"Temer embarcou pela manhã deste sábado para passar o Carnaval na Base Naval Restinga Marambaia, no Rio de Janeiro, área administrada pela Marinha, com previsão de retornar a Brasília.",true,train
fakebr_train_3169,"Rebeca Mendes Silva interrompeu a gravidez na Colômbia, onde permitido interromper gravidez até nove semanas gestação para resguardar saude mental.",true,train
fakebr_train_3170,"lula parece nao perceber acontece pais, diz ciro gomes",true,train
fakebr_train_3171,"Defesa de Lula pediu ao STJ impedir a prisão de Lula, condenado anos mes em segunda instância, alegando que a execução da pena após condenação em segunda instância contraria a Constituição e que ninguém será considerado culpado até trânsito julgado.",true,train
fakebr_train_3172,joesley realmente hospitalizado; motivo oficial internacao inflamacao nervo ciatico; relato acima nao procede; internacao pode ser estrategia defesa.,fake,train
fakebr_train_3173,jose mayer cansado impunidade corrupcao nao receber nada troca apoie projeto medidas contra corrupcao ministerio publico voce nao estara ajudando partido voce estara apoiando brasil disse mayer,fake,train
fakebr_train_3174,temer reduz equipe lava jato corta verba policia federal numero delegados destacados curitiba caiu previsao contingenciamento dinheiro custeio policia atingem diretamente investigacoes,fake,train
fakebr_train_3175,reforma previdencia governo pode suspender abono salarial,true,train
fakebr_train_3176,Dilma Rousseff classificou jornalistas estrangeiros golpe.,true,train
fakebr_train_3177,"Todas as empresas contratadas pela chapa atenderam aos requisitos legais, regularidade jurídica, capacidade operacional integral, prestação de serviços contratados, respeitados critérios de preço, mercado, qualidade, quantidade, produto e prazo de entrega.",true,train
fakebr_train_3178,jean wyllys acusa juiz sergio moro preconceito pode agora ser processado calunia injuria difamacao alem poder receber ate anos condenacao pode vir perder direitos politicos mandato deputado federal,fake,train
fakebr_train_3179,delcidio entrevista confirma que lula dilma sao chamados mentirosos pelo lider governo,fake,train
fakebr_train_3180,"Juiz federal Sergio Moro acolheu o pedido de perícia sobre os recibos de aluguel apresentados no caso envolvendo Lula, marcando dezembro para novo interrogatório e abrindo a possibilidade de reabrir a fase de instrução para coletar novos depoimentos.",true,train
fakebr_train_3181,medicos confirmam quadro marisa irreversivel,fake,train
fakebr_train_3182,presidente usa dinheiro publico comprar votos libera quase r bilhao emendas parlamentares apos ser denunciado pgr crime corrupcao,fake,train
fakebr_train_3183,sociologo americano diz alvo trump nao coreia sim china,fake,train
fakebr_train_3184,"A taxa de desemprego do Nordeste no primeiro trimestre é maior que a média nacional, segundo dados divulgados pela PNAD Contínua Trimestral.",fake,train
fakebr_train_3185,três compromissos jornalismo continuidade empresas brasil sao indissociaveis,true,train
fakebr_train_3186,"Governador defende uso de helicóptero do governo para deslocamentos, afirmando que nada foi ilegal ou irregular, enquanto oposição pretende apresentar denúncia por improbidade administrativa e encaminhar cópia da denúncia aos ministros do STJ e STF.",true,train
fakebr_train_3187,"Algumas mensagens encontradas no celular referiam Lula pela expressão brahma, causando propaganda, não utilizando o nome diretamente.",fake,train
fakebr_train_3188,o governo russo promete consequencias negativas,fake,train
fakebr_train_3189,"A segunda fase da operação Satélites, desdobramento lava jato, tem como principal alvo o advogado bruno mendes ligado ao senador renan calheiros.",true,train
fakebr_train_3190,stf pode afastar cunha presidente denunciado nao fica cargo,fake,train
fakebr_train_3191,panelas pressao possuem tempo cozimento rapido propiciando pobre economize gas cozinha hora preparar alimento,fake,train
fakebr_train_3192,"Sete presidenciaveis sao favoraveis prisao apos segunda instancia, enquanto outros quatro presidenciaveis da esquerda criticam a possibilidade.",true,train
fakebr_train_3193,celebra centesima edicao programas irresistiveis sao paulo,true,train
fakebr_train_3194,Wladimir Costa tatuou o nome do presidente Michel Temer.,true,train
fakebr_train_3195,"Líder ameaça os EUA; o grupo vai perseguir os Estados Unidos, derramar sangue contra potências ocidentais e tentar repetir ataques em setembro.",fake,train
fakebr_train_3196,adilson prado lima junior confessou ter matado daiane reis mota.,true,train
fakebr_train_3197,"Marcelo Rezende está internado no hospital da Zona Sul, SP, com quadro grave de pneumonia; luta contra câncer de pâncreas e fígado ruim; estaria recusando tratamentos convencionais (quimioterapia e radioterapia) e optando por terapia alternativa.",fake,train
fakebr_train_3198,homem atropelou matou bebe copacabana,fake,train
fakebr_train_3199,santos pediu ao conselho nacional eleitoral cne expor as contas de campanha recebidas da empreiteira odebrecht.,true,train
fakebr_train_3200,políticos criam cpi s epoca eleicao simplesmente arrecadar recursos campanhas funcao principal cpi investigar,fake,train
fakebr_train_3201,criacao empregos sera retomada ainda neste ano,true,train
fakebr_train_3202,planalto quer censurar emojis,fake,train
fakebr_train_3203,PT divulgou nota classificando o julgamento do recurso de Lula como farsa judicial.,true,train
fakebr_train_3204,ministerio publico federal pede absolvicao lula andre esteves acao penal aberta apurar tentaram comprar silencio petrobras nestor cervero,true,train
fakebr_train_3205,"dilma rousseff estaria namorando james green, professor brown university eua",fake,train
fakebr_train_3206,"Lula é denunciado pelo Ministério Público em denúncias provenientes das operações Lava Jato, Zelotes e Janus, e agora tenta montar teoria conspiratória de perseguição política.",fake,train
fakebr_train_3207,"Padre Leo tentou alertar populacao antes eleicoes, dizendo que Lula melhor ir viver quintos infernos e que o modo petista governar sempre tentando destruir familia formaria governo fascista autoritario.",fake,train
fakebr_train_3208,wesley diz justica federal nao saber crime cometeu,true,train
fakebr_train_3209,nao havera dia paz no brasil,fake,train
fakebr_train_3210,retrospectiva principais casos mortes regiao relembre fatos,true,train
fakebr_train_3211,lista nomes parlamentares assassinaram,fake,train
fakebr_train_3212,aqui estao principais noticias,true,train
fakebr_train_3213,eua afirmam negociacoes coreia norte estao longe,true,train
fakebr_train_3214,Renan Calheiros extrapola todos os limites e tenta acabar com o Ministério Público após ser denunciado ontem por crimes de corrupção e lavagem de dinheiro.,fake,train
fakebr_train_3215,"Advogado Kakay afirma que os políticos citados não obstruíram a Lava Jato e que a delação de Sergio Machado não merece delação premiada, defendendo o arquivamento da investigação e a apuração de quem gravou as conversas.",true,train
fakebr_train_3216,"jair bolsonaro alerta que urnas nao substituidas podem gerar fraude; ha proposta de voto impresso sendo estudada no plenário do Senado, mantendo a votacao eletronica, porem impressa para conferência, com boletim nao podendo ser levado para casa, registro arquivado no momento da impressao, lacrado para garantir sigilo e evitar fraudes, permitindo fiscalizacao e assegurando sistema confiavel.",fake,train
fakebr_train_3217,"Metade dos estádios da Copa suspeitas de irregularidades, segundo delações da Odebrecht.",true,train
fakebr_train_3218,"Geddel Vieira Lima pediu contribuições da Odebrecht para campanhas eleitorais, reclamando de valores acima do combinado, segundo a delação premiada de Claudio Melo Filho.",true,train
fakebr_train_3219,senador randolfe manda recado temer renuncie imediatamente,fake,train
fakebr_train_3220,presidente stf cancela visita presidio apos suspeitas explosivos armas,fake,train
fakebr_train_3221,moro ja decidiu presidente lula vai ser condenado preso,fake,train
fakebr_train_3222,pratica considerada ilegal brasil,true,train
fakebr_train_3223,Pyongyang confirmou nesta planeja disparar quatro misseis contra ilha guam segundo regime kim,true,train
fakebr_train_3224,filho lula nao soube explicar ganhou r milhoes ainda quer acionar justica,fake,train
fakebr_train_3225,decisão abandonar projeto antigo acima tudo pragmática; nova sede dividirá tres espacos complexo casa musica caff atividade pedagogica palacinho eventualmente concha acustica parque mauricio sirotsky.,true,train
fakebr_train_3226,to feliz matei presidente,fake,train
fakebr_train_3227,"A diplomacia brasileira não vai promover nenhuma reviravolta; haverá continuidade, ajustes, nuances e ênfases na busca de soluções diplomáticas em um mundo multipolar com potências emergentes, defendendo direitos humanos e promovendo a reforma do Conselho de Segurança da ONU.",true,train
fakebr_train_3228,forum ocupa hoje posto principal evento sobre tema agua planeta.,true,train
fakebr_train_3229,Pedido prisao preventiva Lula; crimes sao competencia federal; sergio moro decidira se aceita competencia e acata pedido prisao.,fake,train
fakebr_train_3230,nenhuma licao aprendida poder publico especialmente executivo legislativo,true,train
fakebr_train_3231,governo rs sanciona lei adesao regime recuperacao fiscal,true,train
fakebr_train_3232,juiz marcelo bretas manda prender gilmar mendes,fake,train
fakebr_train_3233,"Operação Torrentes investiga desvios de verbas em contratos de socorro às vítimas das enchentes em Mata Sul, Pernambuco; presos PF foram soltos e o JFPE indeferiu o pedido de prorrogação da prisão temporária.",true,train
fakebr_train_3234,O número de fuzilados durante o regime Fidel Castro pode ter chegado a cerca de mil.,fake,train
fakebr_train_3235,dilma hostilizado restaurante belo horizonte; homem levanta cartaz; grita pt partido corrupto; outros clientes aplaudido; ministro ainda tentou conversar.,fake,train
fakebr_train_3236,impeachment voltara forca total,fake,train
fakebr_train_3237,"Brasil quer ingressar na OCDE, e especialistas divergem sobre as vantagens políticas e econômicas, custos e impactos diplomáticos dessa adesão.",true,train
fakebr_train_3238,manobras militares conjuntas ulchi freedom guardian serao jogar gasolina fogueira agravarao situacao peninsula,true,train
fakebr_train_3239,defesa lula ironiza trabalhos policia federal ministerio publico judiciario advogados,fake,train
fakebr_train_3240,Eike Batista está preso na cela de Bangu e prestou depoimento à Polícia Federal.,true,train
fakebr_train_3241,leticia sabatella vai ate roma denunciar suposto golpe estado,fake,train
fakebr_train_3242,jose dirceu recebera r mil aposentadoria decisao camara deputados publicada diario oficial uniao,true,train
fakebr_train_3243,ministro educacao marcelo calero rebate criticas petistas acusa gestao anterior de incompetente e de desmonte minc deixando divida bilhao reais incluindo inumeros editais fornecedores nao pagos e obras paralisadas,fake,train
fakebr_train_3244,"natal luz ganha ruas gramado atraindo turistas com eventos gratuitos que acontecem diariamente na vila natal e na rua coberta, com desfiles, shows e acendimento de luzes.",true,train
fakebr_train_3245,intuito desqualificar prova gravacao entregue joesley batista pgr,fake,train
fakebr_train_3246,associacao juizes sugere gilmar mendes renuncie vire comentarista,true,train
fakebr_train_3247,"Defende que o julgamento envolvendo Lula foi conduzido de forma regular e imparcial, sem novidades jurídicas, com provas documentais fartas que tornaram irrelevante qualquer debate.",true,train
fakebr_train_3248,policia civil vai ate casa filho lula apos denuncia consumo drogas atraves denuncia anonima chegaram ao local com autorizacao justica fizeram verificacao nao encontraram nada,fake,train
fakebr_train_3249,"Toninho Drummond, jornalista da Globo Brasília, morreu de falência de múltiplos órgãos, internado com pneumonia e infecção nos rins.",true,train
fakebr_train_3250,"michel temer deveria manter pagamentos de propina para eduardo cunha e para lucio funaro, garantindo silencio.",true,train
fakebr_train_3251,intervencao capitalizada politicamente presidente mdb tudo claro,true,train
fakebr_train_3252,lula faz discurso velorio marisa chama integrantes facinoras canalhas,fake,train
fakebr_train_3253,cervero delata lula outros politicos beneficiados irregularidades feitas orgaos publicos delacao apontou pagamentos r milhoes propinas envolvendo negocios petrobras,fake,train
fakebr_train_3254,"rebaixado categoria grau especulativo, perda grau investimento pelas agencias standard and poor s s p fitch moody s",fake,train
fakebr_train_3255,Lula disse formula magica tirar brasil recessao linha credito pobres; farsa descarada e estelionataria pt; nao iria resolver problema pobre desempregado.,fake,train
fakebr_train_3256,casal disse agredido covardemente; nenhuma conviccao politica justificaria atitude repugnante; acao incompativel sociedade seculo xxi,fake,train
fakebr_train_3257,Lula chamou brasileiros de dementes.,fake,train
fakebr_train_3258,Justiça Federal do Distrito Federal aceitou a denúncia do Ministério Público e tornou Lula réu na operação Zelotes; também tornaram-se réus o filho Luiz Cláudio Lula da Silva e dois empresários.,true,train
fakebr_train_3259,marcelo odebrecht toma esculacho esposa dentro cadeia,fake,train
fakebr_train_3260,criancas vacinadas propensas sofrer asma eczema infeccoes ouvido hiperatividade outras condicoes cronicas,fake,train
fakebr_train_3261,"Chefe do setor de inteligência da Polícia Militar viajou à Europa durante o Carnaval, em viagem oficial, para buscar soluções em inteligência e tecnologia de segurança pública.",true,train
fakebr_train_3262,furacao irma deixou mortos caribe,true,train
fakebr_train_3263,justica hoje parece so sergio moro trabalhando,fake,train
fakebr_train_3264,lula pediu destruir provas,fake,train
fakebr_train_3265,cantor beto barbosa chamando policial vagabundo,fake,train
fakebr_train_3266,fabricas BRF fraudavam laudos sobre presenca bacteria salmonela alimentos,true,train
fakebr_train_3267,ministério publico deve garantir ninguem acima lei ninguem abaixo lei,true,train
fakebr_train_3268,"Arquidados do Rio de Janeiro lamenta a charge de Cristo Redentor armado divulgada pelo jornal britânico The Guardian, afirmando que a imagem ofende o povo brasileiro e os cristãos.",true,train
fakebr_train_3269,projeto investigacao sobre violencia cidades brasileiras,true,train
fakebr_train_3270,impossivel repetir sucesso disse lula jornal ingles the guardian,fake,train
fakebr_train_3271,"Defesa de Lula vai ao STF reconhecer o status de ministro petista e a validade da nomeação, para obter foro e mudar linhas de investigação.",fake,train
fakebr_train_3272,lula morreu politicamente,fake,train
fakebr_train_3273,dilma nao precisara renunciar camara senado ja maioria aprovar impeachment provavelmente impeachment tambem sera aprovado,fake,train
fakebr_train_3274,deputados pt pedirao renuncia coletiva caso lula preso,fake,train
fakebr_train_3275,temer tera somente votos necessarios manter presidencia,fake,train
fakebr_train_3276,agentes cuba estao sendo enviados brasil,fake,train
fakebr_train_3277,felipe moura grava video explicativo sobre corrupcao petista lula odebrecht,fake,train
fakebr_train_3278,Negado o pedido de liberdade do autor do suposto ritual de morte de crianças na região metropolitana de Porto Alegre; decisão da comarca de Novo Hamburgo.,true,train
fakebr_train_3279,"Prefeitura de São Paulo discute a implementação de hidrovias como novo modal de transporte público, em estilo Amsterdam, de longo prazo, mas ainda não há projeto definido nem previsão de implementação no curto prazo.",true,train
fakebr_train_3280,"PEC fim foro privilegiado: senadores assinaram requerimento para urgência de votação, autoria de alvaro dias e outros.",fake,train
fakebr_train_3281,prefeito rio marcelo crivella tentou transferir responsabilidade pelo tragedia envolvendo a turista espanhola maria esperanza jimenez ruiz para o governo federal.,true,train
fakebr_train_3282,"Polícia Federal prendeu os lobistas Jorge Luz e Bruno Luz, alvos de mandados de prisão preventiva na Operação Blackout deflagrada ontem.",fake,train
fakebr_train_3283,supremo tribunal federal decidiu permitir escolas publicas professores ensino religioso promovam determinada crenca,true,train
fakebr_train_3284,"As Forças Armadas aparecem como instituição confiável no país, com aprovação da população, e a confiança nelas subiu no primeiro trimestre, superando a Igreja Católica.",fake,train
fakebr_train_3285,Membro da equipe da nova procuradora geral raquel dodge vazou informacoes sigilosas.,fake,train
fakebr_train_3286,jamais vou entender carnaval,fake,train
fakebr_train_3287,sirius novo acelerador particulas sendo construido campinas sp pode revolucionar pesquisas cientificas mundiais,true,train
fakebr_train_3288,"Benki Piyako, líder indígena Ashaninka, teve indiciamento aceito pelo Ministério Público Estadual do Acre e ação penal aberta contra ele; o processo tramita na vara criminal da comarca cruzeiro sul.",true,train
fakebr_train_3289,"Concluíram que um tumor cerebral localizado no lobo temporal direito de Sarah invadiu áreas importantes do processamento do som e pode ter causado alucinações auditivas e aumento da religiosidade, incluindo vozes divinas.",true,train
fakebr_train_3290,quase mil desaparecimentos registrados brasil ano passado,true,train
fakebr_train_3291,eduardo cunha negou hoje atraves twitter pretende fazer delacao premiada,fake,train
fakebr_train_3292,"Aecio neves afirmou nao cometeu crimes, disse indignado, chamou injustiça e retornou ao Senado após o afastamento ter sido derrubado pelo ministro Marco Aurélio Mello.",true,train
fakebr_train_3293,marisa leticia passa procedimento apos avc hemorragico,true,train
fakebr_train_3294,"Comerciante Adalberto Cabral Motta perdeu a mãe, o irmão, a irmã e o tio na tragédia de Petrópolis (RJ) e relembra sete anos depois.",true,train
fakebr_train_3295,"Governo decide contratar agência de publicidade por milhões para cuidar da divulgação das ações do Planalto, com contrato de duração de um ano.",fake,train
fakebr_train_3296,voce está sendo monitorado a qualquer hora.,fake,train
fakebr_train_3297,Cantor Victor nao agrediu esposa gravida.,true,train
fakebr_train_3298,"Filha da presidente afastada Dilma Rousseff desfruta regalias com carros oficiais blindados e seguranças; Paula Rousseff acompanha na mesma situação; genro petista e dois netos; frota de oito carros, dezesseis pessoas responsáveis pela condução e proteção da família; IstoÉ flagrou carros oficiais entrando saindo condominio luxo zona sul porto alegre.",fake,train
fakebr_train_3299,advogado cristiano zanin martins orientou lula nao voltasse falar sobre encontro,true,train
fakebr_train_3300,dilma rousseff fez pacto demonio vendeu alma diabo governar,fake,train
fakebr_train_3301,"Segundo delatores da Odebrecht, houve pagamentos de propina ao PMDB—incluindo Michel Temer—de milhões de dólares originados de contrato com a Petrobras, com depósitos realizados no exterior por meio de offshores, cujos comprovantes e planilhas embasam a denúncia contra o PMDB.",true,train
fakebr_train_3302,conselho etica reunido discutir relatorio cassacao deputado eduardo cunha pmdb wladimir chamou ze vagabundo bandido ladrao safado ze geraldo rebateu chamou wladimir picareta,fake,train
fakebr_train_3303,incerteza sobre lula estimula partidos lancarem candidatos.,true,train
fakebr_train_3304,alunos professores fazem protesto apos docente ufba ser ameacada morte,true,train
fakebr_train_3305,Temer afirmou nunca pretendeu destruir operacao.,true,train
fakebr_train_3306,participou baderna sera preso nao pode voltar ocorrer serao fichados responderao processo,fake,train
fakebr_train_3307,Ministros divergem sobre uso delacao odebrecht.,true,train
fakebr_train_3308,"Liberais abandonam a sigla PSL e deputado fluminense assina termo compromisso para disputar o Planalto, em meio à formação do Movimento Libres e à reconstrução do partido.",true,train
fakebr_train_3309,dilma cometeu crimes,fake,train
fakebr_train_3310,"A sede da Polícia Federal de Curitiba ficou fechada para manutenção, interrompendo serviços, durante as gravações de cenas de um filme.",true,train
fakebr_train_3311,fhc tentou associar imagem assassino jair bolsonaro durante palestra universidade brown estado rhode island tucano disse seguinte nao quero entrar detalhes ha politicos direita sao pessoas perigosos candidatos sugeriu matar presidencia,fake,train
fakebr_train_3312,Uso de EPI não exclui o direito à aposentadoria especial; é preciso ficar comprovado o ambiente de risco e a exposição a agentes nocivos.,true,train
fakebr_train_3313,pixuleco surta faz ameaca dilma sofrer impeachment nao sairemos ruas,fake,train
fakebr_train_3314,"Rodrigo Maia afirmou a necessidade de aprovar com urgência a reforma da Previdência, ressaltando que ainda não há votos necessários para sua aprovação.",true,train
fakebr_train_3315,dan stulbach fala planos diz pode atuar filmes sobre casagrande socrates,true,train
fakebr_train_3316,"Flavio Augusto Silva é um empresário brasileiro que cresceu na periferia, fundou a escola de inglês Wise Up sem diploma universitário, tornou-se dono da Wise Up e adquiriu o Orlando City.",true,train
fakebr_train_3317,exercicios fisicos infancia evitam doencas cronicas melhoram desempenho escolar,true,train
fakebr_train_3318,stf decidiu nesta maioria enviar as denuncias contra tres peemedebistas para a justiça federal brasilia.,true,train
fakebr_train_3319,"PF deflagrou a Operação Garimpeiros Propina para desarticular um esquema de cobrança de propina para liberar garimpos ilegais no Amapá, envolvendo servidores do DNPM e da ANM e políticos locais, com prisões e mandados cumpridos.",true,train
fakebr_train_3320,Temer avisa que vai vetar a lei aprovada pelos deputados federais que dificulta o trabalho Uber.,fake,train
fakebr_train_3321,"A postagem afirma que a sereia inspirou a personagem da novela da Globo e que Gloria Perez fez inúmeras promessas não cumpridas, não recompensando Mirella Ferraz pelo trabalho.",fake,train
fakebr_train_3322,"A motociclista russa Olga Pronina, conhecida mundialmente como a motociclista sexy mundo, morreu após perder o controle da moto BMW enquanto tentava fazer uma selfie na rodovia.",fake,train
fakebr_train_3323,relatorio deputado sergio zveiter recomenda prosseguimento denuncia corrupcao apresentada contra presidente michel temer,true,train
fakebr_train_3324,temer perde mandato,true,train
fakebr_train_3325,Coreia do Norte acusa cia complo assassinar kim incluindo substancias bioquimicas incluindo substancia radioativa nanossubstancia venenosa durante cerimonias publicas.,true,train
fakebr_train_3326,"PEC extingue o foro especial prerrogativa (foro privilegiado) para autoridades em casos de crimes comuns, porém emenda preserva foro privilegiado presidentes Republica, Senado, Câmara e STF no exercício de mandatos.",true,train
fakebr_train_3327,homem nao resistiu faleceu local causa morte identidade ciclista ainda nao reveladas,fake,train
fakebr_train_3328,vou dizer voce nunca visitei predio nunca discuti triplex enfatizou petista,true,train
fakebr_train_3329,Promotores pediram a prisão preventiva de Luiz Inácio Lula da Silva.,true,train
fakebr_train_3330,"Governo federal decidiu decretar intervencao seguranca publica rj, com as Forcas Armadas assumindo responsabilidade pela seguranca, o decreto ainda precisa passar pelo Congresso Nacional.",true,train
fakebr_train_3331,general defende ideia liberacao vistos facilitaria entrada criminosos terroristas,fake,train
fakebr_train_3332,pastor silas malafaia ator petista jose abreu protagonizaram vergonha atraves redes sociais malafaia chama abreu petralha esquerdopata artista rebate salafrario enganador,fake,train
fakebr_train_3333,internet deixara ser ilimitada,fake,train
fakebr_train_3334,disciplinas passaram ser vistas sendo parte tatica petista denunciar golpes justificar derrota politica,true,train
fakebr_train_3335,video mostra diretor instituto lula dizendo causou avc dona marisa,fake,train
fakebr_train_3336,Moura admitiu ao MPF mentiu durante depoimento e disse que procuradores MPF alteraram a versão por se sentirem ameaçados.,fake,train
fakebr_train_3337,"Lula confirmou presença em debate em adis abeba etiopia sobre ações de combate à fome, durante viagem de dois dias africa janeiro, confirmação ocorreu antes de o tribunal marcar o dia do julgamento no caso triplex.",true,train
fakebr_train_3338,Rodrigo janot afirmou documento durante mandato petista utilizou comunicar marqueteira monica moura sobre avancos operacao lava jato,true,train
fakebr_train_3339,joesley mantem silencio cpmi,true,train
fakebr_train_3340,dorival exalta reacao sao paulo alerta time grande cai sim,true,train
fakebr_train_3341,reconciliação bonner fatima volta certa vai acontecer,fake,train
fakebr_train_3342,mpf reforçou pedido condenação contra bendine marcelo odebrecht e outros réus no processo lava jato.,true,train
fakebr_train_3343,"Livro football secret trade how the player transfer market was infiltrated revela que o mercado de transferências de jogadores de futebol está desregulado, dominado por investidores globais, sem controle efetivo das autoridades (FIFA), com Neymar como exemplo, e que agentes e clubes exploram o sistema para lucrar bilhões.",true,train
fakebr_train_3344,PF fez gesto dinheiro dedos durante encontro presidente Michel Temer; Temer respondeu que podia tratar todos os assuntos.,true,train
fakebr_train_3345,alunos querem escola reflita vida real,true,train
fakebr_train_3346,vergonha folha sao paulo publica noticia falsa,fake,train
fakebr_train_3347,carmen lucia negou habeas corpus deputado edson albertassi,true,train
fakebr_train_3348,dem traca estrategia lancar rodrigo maia candidato presidencia busca apoio viabilizar candidato,true,train
fakebr_train_3349,lula disse manifestantes voces nao podem desistir nunca,fake,train
fakebr_train_3350,ator cuspiu casal,fake,train
fakebr_train_3351,cientistas testemunham origens ouro atraves acidente cosmico,fake,train
fakebr_train_3352,informacao confirmada de que houve queda de aviao no mar em paraty rj; tres pessoas morreram e ha um sobrevivente ainda nao identificado.,fake,train
fakebr_train_3353,Conselho de Segurança da ONU aprovou por unanimidade novas sanções contra a Coreia do Norte após dois testes de mísseis balísticos intercontinentais.,true,train
fakebr_train_3354,joao santana afirmou decisoes definitivas dependiam palavra final chefe,true,train
fakebr_train_3355,"Embaixada da Coreia do Norte em Londres cercada pela polícia após relatos de um pacote suspeito deixado ao lado do prédio, com cordão policial formado em torno da embaixada e esquadrão antibomba lidando com o pacote.",fake,train
fakebr_train_3356,corte inevitavelmente diminuira numero investigacoes pf,fake,train
fakebr_train_3357,primeiras paginas jornais hoje so destacam fundamentalmente assuntos interesse elite politica dominante,true,train
fakebr_train_3358,"O ministro José Serra utilizou o avião FAB para deslocar-se até hospital em São Paulo por dores nas costas, alegando emergência médica, não procurou o SUS e usou recursos próprios.",fake,train
fakebr_train_3359,"Alexandra Oliveira criou ong hella para apoiar vítimas de violencia sexual e voltou ao tunel onde ocorreu o crime para posar fotos e mostrar superação, incentivando outras vítimas a enfrentarem seus traumas.",true,train
fakebr_train_3360,reforma previdencia nao votada fevereiro fica dificil voltar tema ano,true,train
fakebr_train_3361,cliente nao pode ser preso,fake,train
fakebr_train_3362,ciro gomes ameaca sergio moro,fake,train
fakebr_train_3363,corrida encontrar vacina contra zika testa limites biotecnologia prestigio resolver problema oportunidade salvar vidas sao maiores recompensas empresas motivo potencial significativo lucro,true,train
fakebr_train_3364,"Há um abismo geracional em Cuba desde a Revolução: as gerações mais velhas mantêm lealdade a Fidel e ao socialismo, enquanto a geração de rocio quer deixar o país em busca de oportunidades, influenciada pelas mudanças econômicas sob Raul Castro e pelo embargo americano.",true,train
fakebr_train_3365,"Ricardo Saud entregou à PGR uma planilha com o registro de repasse de r milhoes ao PMDB para campanha eleitoral, supostamente ordem do presidente Michel Temer.",true,train
fakebr_train_3366,intencao estado minas divulgar pessoa apelido suino despertar raiva populacao incentivar bullying virtual espalhar odio redes,fake,train
fakebr_train_3367,acao sobre suposto trafico influencia aquisicao cacas saab edicao medida provisoria prorrogou incentivos fiscais montadoras veiculos alem tucano,true,train
fakebr_train_3368,numero inqueritos contra lula ja chegam processos so tendem crescer,fake,train
fakebr_train_3369,"pf afirma que o sitio Atibaia abriga o acervo presidencial de Lula, com obras de ampliacao para manter e resguardar o acervo, pertence à familia Lula; supostos laranjas são Bittar e Suassuna, socios e amigos pessoais de Fabio Luis Lula Silva, filho do petista; pf presume que as obras foram feitas pelas empreiteiras OAS e Odebrecht.",fake,train
fakebr_train_3370,"TRF da regiao porto alegre derrubou a decisao que autorizava lula a reaver o passaporte, mandando recolher o passaporte luiz inacio lula silva e proibindo viajar exterior.",true,train
fakebr_train_3371,"Polícia Federal e Interpol tentam localizar Andrea Neves, irmã de Aécio Neves, com mandado de prisão.",fake,train
fakebr_train_3372,radar mostra aeronave militar eua deslocando direcao coreia norte aeronave northrop grumman joint stars voando coreia sul direcao fronteira norte,fake,train
fakebr_train_3373,ministro disse vamos torcer mulheres antes entrar periodo fertil peguem zika ficarem imunizadas proprio mosquito ai nao precisa vacina,true,train
fakebr_train_3374,lago poopo completamente seco outra vez,true,train
fakebr_train_3375,delegado pf revolta exposicao pedofila exibida museu arte moderna sp exibe homem nu palco criancas tocam artista,fake,train
fakebr_train_3376,juiz df determina apreensao passaporte proibe lula deixar pais viajaria etiopia nesta sexta,true,train
fakebr_train_3377,pedimos desculpas voce prezado sergio moro agradecemos cercear liberdade salvar,fake,train
fakebr_train_3378,maio boa noite aqui estao principais noticias,true,train
fakebr_train_3379,"Os doleiros acusados de lavar dinheiro roubado pela quadrilha sergio cabral chegaram ao Rio de Janeiro vindos do Uruguai, com extradicao concedida pelo governo uruguaio na semana passada.",true,train
fakebr_train_3380,wang deshun ator chines conquistou fama gracas passarelas,fake,train
fakebr_train_3381,"Relatório da Polícia Federal aponta chamadas via WhatsApp entre o senador Aécio Neves e o ministro Gilmar Mendes no período março–maio deste ano, com duração variável, destacando a frequência de contatos, e Gilmar Mendes suspendeu o interrogatório do senador.",true,train
fakebr_train_3382,silvio santos sugere doria ter bolsonaro vice presidencia,fake,train
fakebr_train_3383,comissao constituicao justica camara rejeitou relatorio recomendava prosseguimento denuncia contra presidente michel temer corrupcao passiva,true,train
fakebr_train_3384,lula passando mal pode ser internado,fake,train
fakebr_train_3385,governador minas surta manda pintar fachadas farmacias sus cor pt,fake,train
fakebr_train_3386,maia afirmou nao conversou presidente supremo sobre posse deputada cristiane brasil,true,train
fakebr_train_3387,Brasil registrou o maior número de assassinatos na história.,true,train
fakebr_train_3388,o presidente Michel Temer decidiu nomear o deputado Carlos Marun como ministro da Secretaria de Governo.,true,train
fakebr_train_3389,presidente dilma nunca ocupado cargo executivo virou presidente primeira vez ministro,fake,train
fakebr_train_3390,moro condenou luiz inacio lula silva nove anos meio prisao crimes corrupcao passiva lavagem dinheiro,fake,train
fakebr_train_3391,empresas investem treinamentos funcionarios dao cursinho fugir policia federal brasil,fake,train
fakebr_train_3392,Relator mantem condenacao lula corrupcao lavagem dinheiro aumenta pena na segunda instancia.,true,train
fakebr_train_3393,retrospectiva principais fatos ano rio grande sul enquanto cancelamento exposicao dividiu opinioes unanime tristeza tantas mortes,true,train
fakebr_train_3394,grupo tucanos paulistas quer convencer psdb lancar prefeito paulistano joao doria candidato governador,true,train
fakebr_train_3395,"tce aponta problema contabil sumico r milhoes bens butantan, inconsistencias valores diversos pagamentos multas atraso contas, falhas no controle almoxarifado e ausencia de bens fisicos registrados, e afirma que eventuais problemas serao corrigidos pela nova gestao.",true,train
fakebr_train_3396,Brasil precisa pacificar pais; pais nao pode ficar nessa condicao embate permanente brasileiro contra brasileiro; preciso eliminar certa raivosidade.,true,train
fakebr_train_3397,Manifestantes pm confrontavam engravatados que divertiam regabofe dentro de um coquetel nas dependências da camara deputados.,fake,train
fakebr_train_3398,"Conselho de Ética da Câmara dos Deputados abriu dois processos para apurar a conduta do deputado Eduardo Bolsonaro, incluindo acusações de cuspir em Jean Wyllys e de editar um vídeo fraudulento distorcendo o episódio.",true,train
fakebr_train_3399,"Putin relatou que a Rainha Elizabeth sofreu metamorfose, tornando-se não humana com escamas, mãos transformadas em répteis e olhos transformados, que ele testemunhou mudando de forma três a quatro vezes durante o cumprimento, e afirmou que outras pessoas poderosas também teriam se transformado em reptilianos, sugerindo a existência de uma linhagem reptiliana Illuminati que controla o mundo.",fake,train
fakebr_train_3400,morte cantor sido encomendada figuras poderosas midia mundial culpados segundo mj truthers,fake,train
fakebr_train_3401,rio janeiro hospitais cancelam cirurgias para atender demanda olimpica; varios pacientes estao sendo dispensados; cerca de mil pacientes estao aguardando cirurgia; ministerio saude nega tudo.,fake,train
fakebr_train_3402,"Temer decidiu promover troca de lugares entre Osmar Serraglio e Torquato Jardim, nomeando Torquato Jardim para o Ministério da Justiça e Osmar Serraglio para o Ministério da Transparência.",true,train
fakebr_train_3403,juiz sergio moro disse mexico corrupcao seguira existindo devemos romper regras impunidade,true,train
fakebr_train_3404,"petista pode sofrer cassacao de mandato por abuso de poder economico, com uso de metodo obscuro ilicito de realizacao de despesas de campanha, com provas obtidas na operacao acronimo envolvendo o governador minas gerais fernando pimentel.",fake,train
fakebr_train_3405,jornalista tenta tirar onda; bolsonaro leva catracada ao ser questionado sobre ser contra pobres.,fake,train
fakebr_train_3406,"Messi e seu pai Jorge Horacio Messi foram condenados na Espanha por fraude fiscal, recebendo meses de prisão que podem ser cumpridos sob condicional, e cabe recurso contra sentenca junto suprema corte espanha.",fake,train
fakebr_train_3407,tres policias baleados apos serem obrigados fazer patrulhamento.,fake,train
fakebr_train_3408,Sérgio Moro fez discurso cheio recados politicos durante cerimonia condecoracao deixando bastante explicito descontentamento forcas armadas conducao politica nacao pode ser entendido recado discreto possivel nova revolucao,fake,train
fakebr_train_3409,temor conflito nuclear impulsiona venda bunkers eua,true,train
fakebr_train_3410,"eua franca orientam cidadaos a nao resistirem a assaltos, manterem o ladrao feliz e nao portar absolutamente nenhum objeto de valor (celulares, joias etc) durante as olimpíadas, alegando alto nivel de criminalidade e que acoes podem ocorrer em qualquer lugar a qualquer hora, ate favelas.",fake,train
fakebr_train_3411,rainha elizabeth doou milhões de libras para a coreia norte durante ultimos anos,fake,train
fakebr_train_3412,temer diz compartilhar indignacao razoavel populacao delacoes odebrecht,true,train
fakebr_train_3413,xi jinping alerta trump erro estrategico situacao pode sair controle tera impacto devastador sobre comunidade internacional,fake,train
fakebr_train_3414,cantor victor chaves indiciado policia civil minas gerais suspeito agredir mulher poliana bagatini,true,train
fakebr_train_3415,stf retoma nesta quinta julgamento decide fachin segue relator caso jbs,true,train
fakebr_train_3416,isolado aecio sofre resistencia minas senador considerado problema cupula tucana visto ceticismo ate aliados,true,train
fakebr_train_3417,"Janot afirmou que existe uma estratégia para obstruir as investigações da Lava Jato envolvendo Renan Calheiros, Romero Juca e José Sarney, com pedido de prisão preventiva, prisão domiciliar e tornozeleira eletrônica protocolado no STF, amparado pelo conteúdo de áudios das conversas de Sérgio Machado.",true,train
fakebr_train_3418,advogado palocci enfrenta moro leva paulada,fake,train
fakebr_train_3419,"Processos sobre indícios de irregularidades nas campanhas Lula e Dilma estão nas mãos do STF com inquérito aberto para investigar; o tribunal já decidiu encaminhar documentos ao juiz Sergio Moro em Curitiba; a delação premiada do empreiteiro Ricardo Pessoa aponta suspeitas de arrecadação ilegal e repasses ao comitê de campanha, e os casos serão analisados individualmente, podendo resultar em inquéritos diferentes.",fake,train
fakebr_train_3420,tres apostas vencedoras mega virada sp feitas unica pessoa homem buscar premio final tarde desta quarta,true,train
fakebr_train_3421,temer diz governo aguenta previdencia reforma proximos nao aguentarao,true,train
fakebr_train_3422,Bebê emanuelle calheiros maciel morreu na creche casinha saber em Campinas SP após broncoaspiração de alimento; laudo do IML apontou broncoaspiração de alimento; declaração de óbito emitida.,true,train
fakebr_train_3423,"magno malta usa cpi para adiar fim comissao no senado, tentando prorrogar os trabalhos por meses; adiamento confirmado.",true,train
fakebr_train_3424,"brasil crise ciencia viu orcamento cair drasticamente, comprometendo pesquisas e o futuro da ciencia no pais.",true,train
fakebr_train_3425,"Caminhada paz rr promove debates sobre redes sociais reformas migracao com o objetivo de despertar pessoas para promover concordia, harmonia e nao xenofobia.",true,train
fakebr_train_3426,neumanne disse foro privilegiado funcionamento stf privilegiam criminosos,fake,train
fakebr_train_3427,hipótese provavel aeronave desintegrado impacto agua,true,train
fakebr_train_3428,"Bolsonaro vai migrar para o PEN, que vai virar Patriota, com estatuto que proibe apoio aborto, defende uso arma, proibe coligar com a extrema esquerda, para atrair presidenciavel.",true,train
fakebr_train_3429,"jornal italiano comemora extradicao cesare battisti e afirma que agora o presidente brasileiro pode revogar status refugiado dele, passo fundamental da extradicao italia.",fake,train
fakebr_train_3430,cenario atual tanto dilma quanto aecio devem ficar disputa eleitoral deste ano,true,train
fakebr_train_3431,invencao ficticia monica moura dilma rousseff provoca engulhos,true,train
fakebr_train_3432,presidente turco recep tayyip erdogan lamentou neste sabado derrubada aviao russo,true,train
fakebr_train_3433,talvez nao ultima viagem talvez dia possa regressar,true,train
fakebr_train_3434,dinheiro desviado velhinhos aposentados serviu comprar video game filho gleisi hoffmann; total estimado desvio aproximadamente milhoes reais.,fake,train
fakebr_train_3435,"Manifestantes brasileiros protestaram contra Sérgio Moro durante palestra na Universidade Columbia, em Nova York, enquanto Moro defendeu a Operação Lava Jato e afirmou que juízes estão apenas processando casos com base em provas e que não se pode criminalizar a política.",true,train
fakebr_train_3436,"Golpistas fingem ser diacono/padre da Igreja catolica na paroquia Santa Helena em Suzano para pedir donativos aos devotos em casa, sabendo nomes de igrejas e grupos, e ja ocorreram golpes semelhantes em outras paroquias da regiao.",true,train
fakebr_train_3437,dinheiro publico desviado,fake,train
fakebr_train_3438,dilma vazava informacoes privilegiadas andrade gutierrez,fake,train
fakebr_train_3439,hemilly brenda goncalves oliveira morreu domingo após ser espancada pelo tio washington samuel goncalves oliveira.,true,train
fakebr_train_3440,lula desembarca rj hostilizado populacao,fake,train
fakebr_train_3441,cut confirma presenca lula manifestacao avenida paulista,fake,train
fakebr_train_3442,trump presidente americano tuitou fidel castro morto,fake,train
fakebr_train_3443,"Temer lançou o plano Progredir para beneficiar beneficiarios bolsa familia com microcredito, cursos capacitacao e assessoria tecnica autonomos, criando porta saida e elevando a renda da populacao baixa renda.",true,train
fakebr_train_3444,Gabriela Munhoz afirma jamais ter divulgado nem compartilhado imagens de exames médicos da Dona Marisa Letícia nem informações sigilosas sobre o diagnóstico.,true,train
fakebr_train_3445,"Bolsonaro mandou recado duro à Globo durante entrevista na Câmara dos Deputados, dizendo que o dinheiro público vai acabar e que vocês vão perder metade dessa renda.",fake,train
fakebr_train_3446,emprestimos secretos governo petista brasil endividou ate financiar ditaduras corruptas,fake,train
fakebr_train_3447,ceni renuncia dilma faria brasil tomar novos rumos recuperar anos politica jogados lixo,fake,train
fakebr_train_3448,"Briga entre deputados com tapas durante sessão sobre o processo contra Cunha, com o presidente do conselho de ética suspendendo a sessão, retomando o debate minutos depois e repreendendo dois deputados.",fake,train
fakebr_train_3449,perito russo afirma shakespeare nunca existiu verdadeiro escritor chamava conde rutland,fake,train
fakebr_train_3450,"Reynaldo Gianecchini e Ricardo Tozzi apresentam Guardas Taj, adaptação brasileira da peça americana de Rajiv Joseph, que chega ao festival curitiba.",true,train
fakebr_train_3451,alckmin culpa lula maior recessao,true,train
fakebr_train_3452,Governo federal usa órgão oficial de comunicação para promover Lula com dinheiro público.,fake,train
fakebr_train_3453,escola nilopolis levou titulo,true,train
fakebr_train_3454,"Investigadores apuram pagamentos feitos pelo Instituto Lula às empresas Flexbr Tecnologia Ltda e Entretenimento Tecnologia Digital Ltda para ocultar propina, com a Polícia Federal intimando o presidente do Instituto Lula, Paulo Okamotto, a apresentar comprovantes de prestação de serviços e demais documentos.",true,train
fakebr_train_3455,cartorio recusa registrar crianca nome lula silva,fake,train
fakebr_train_3456,"É o relato de uma mae britanica que contou à BBC a luta de cinco anos contra o vicio em heroina da filha, as crises, expulsao de casa, a reabilitacao com metadona e hoje a filha esta em recuperacao morando novamente com a familia.",true,train
fakebr_train_3457,militantes esquerda perseguiram presidente brasil protesto cartazes fuera temer organizado lider baderna,fake,train
fakebr_train_3458,ministro stf diz pt bilhoes caixa disputar eleicoes proximos anos,fake,train
fakebr_train_3459,raul castro assume todo poder substituindo fidel,true,train
fakebr_train_3460,forca tarefa ira investigar doacao terreno r milhoes instituto lula ministerio publico federal curitiba ira participar apuracao,fake,train
fakebr_train_3461,"jose padilha afirma que Dilma Rousseff e Lula, junto com PMDB/Temer, desviaram bilhões de dólares dos cofres públicos e que a Netflix faz campanha política com a série Mecanismo.",true,train
fakebr_train_3462,Frente Parlamentar Evangélica da Câmara DF pede revogação da portaria da Secretaria de Cultura que cria política cultural LGBTI.,true,train
fakebr_train_3463,informacao extraoficial confirma rebeliao presidio natal rn ja causou morte detentos,fake,train
fakebr_train_3464,delacao oas promete desmoronar cenario politico brasileiro,fake,train
fakebr_train_3465,magda filha paulo brossard fez questao comentar desapontamento stf,fake,train
fakebr_train_3466,prisao apos condenacao segunda instancia significaria hoje enterrar combate corrupcao impunidade brasil,true,train
fakebr_train_3467,senado tramando pra livrar lula dilma temer,fake,train
fakebr_train_3468,Senador Delcídio Amaral afirma Lula autor intelectual Mensalão.,fake,train
fakebr_train_3469,"Acre registrou várias mortes violentas durante o mês de janeiro, com o maior número já registrado no período, ocorrendo principalmente em Rio Branco e no interior, incluindo óbitos, confrontos, decapitações, facadas, ossadas e mortes por arma de fogo.",true,train
fakebr_train_3470,"Mulher presa por roubo de bebê em MG planejou o crime meses, tentou comprar a criança, dopou a mãe e alegou que pretendia ficar com a criança por ter sofrido aborto recentemente e sonhar em ter uma nova filha; a criança foi localizada e devolvida aos familiares.",true,train
fakebr_train_3471,"Proposta de PEC pelo fim do foro privilegiado, com regime de urgência, de autoria de Alvaro Dias; site antagonista divulgou lista mostrando que poucos senadores assinaram o requerimento.",fake,train
fakebr_train_3472,indulto fujimori pode ser revertido,true,train
fakebr_train_3473,video dilma obstruindo justica,fake,train
fakebr_train_3474,senadora pt confessa pediu formalmente policia legislativa obstruir trabalhos pf,fake,train
fakebr_train_3475,Monge budista preso ontem myanmar apos busca mosteiro policia local encontrou milhoes comprimidos metanfetamina.,fake,train
fakebr_train_3476,osmar rodrigues anos experiencia considerado melhor piloto campo marte,fake,train
fakebr_train_3477,procuradores podem pedir lula condenado minimo anos prisao,fake,train
fakebr_train_3478,"blogueira julia salgueiro postou comentario facebook discriminando bebe sindrome down, comparou crianca sindrome down cachorro, portadores sindrome sao nojentos.",fake,train
fakebr_train_3479,detetive virtual descobre foto valdemiro santiago pescoco novinho folha dias apos ataque,fake,train
fakebr_train_3480,dilma podera renunciar evitar vexame votacao impeachment senado,fake,train
fakebr_train_3481,medico afirma lula sindrome amnesia e apresentou laudo que comprova sofrendo amnesia cronica,fake,train
fakebr_train_3482,"Francisco Maria Cavalcanti Oliveira, conhecido Chico Oliveira, sociologo brasileiro, fundador pt, integrou a diretoria executiva fundacao wilson pinheiro, fundacao apoio partidaria instituida pt antecessora fundacao perseu abramo; professor aposentado sociologia, departamento sociologia faculdade filosofia letras ciencias humanas universidade sao paulo; abandonou pt.",fake,train
fakebr_train_3483,lula desembarcou nesta tarde brasilia acompanhar depoimento presidente afastada dilma rousseff,fake,train
fakebr_train_3484,Dilma Rousseff afirmou em entrevista ao Estadão que pretende fazer governo de transição caso não seja condenada no processo de impeachment e que pretende chamar plebiscito e convocar novas eleições presidenciais.,fake,train
fakebr_train_3485,Temer mudou o tom do discurso e orienta ministros a nao aceitarem provocacoes.,fake,train
fakebr_train_3486,conclusao nao compensa financeiramente,true,train
fakebr_train_3487,Carmen lucia aceitou ontem pedido prorrogar prazo investigacao sobre senadores renan calheiros pmdb romero juca.,true,train
fakebr_train_3488,"Há uma roubalheira institucionalizada que funciona desde depoimentos sergio machado, o transpetro relatou sistema desvios estatais brasileiras, engendrando a engrenagem basica da roubalheira: politicos indicam pessoas cargos empresas governo para obter o maior volume possível de recursos ilicitos para campanhas eleitorais e outras finalidades; empresas querem contratos maiores; gestores de empresas estatais têm duas necessidades: administrar a empresa e arrecadar propina.",fake,train
fakebr_train_3489,pediram nao citar nome presidente,fake,train
fakebr_train_3490,Lula vai fugir do Brasil e pedir asilo na Itália.,fake,train
fakebr_train_3491,governo armou encenacao campanha combate mosquito aedes,fake,train
fakebr_train_3492,nicolas maduro anunciou dissolucao assembleia nacional congresso venezuela,fake,train
fakebr_train_3493,maior espetaculo integracao social metropolitana brasil talvez planeta,true,train
fakebr_train_3494,brasil so apoia sancoes contra coreia norte decididas onu,true,train
fakebr_train_3495,O conselho de ética do PMDB decidiu expulsar a senadora Katia Abreu.,true,train
fakebr_train_3496,art ctn estabelecem devido imposto renda sobre proventos qualquer natureza independentemente validade juridica atos praticados contribuintes bem natureza objeto efeitos expressao famoso principio pecunia non olet diante ocorrencia fato gerador havera incidencia tributaria pouco importando natureza atividade,true,train
fakebr_train_3497,"Raquel Dodge divulgou os nomes da equipe que fará parte da futura gestao da Republica, com inicio em setembro.",true,train
fakebr_train_3498,Escritor Joselito Oliveira Rocha afirma que nunca torturou a família e nega as acusações de agressão feitas pela filha Gloria.,true,train
fakebr_train_3499,investigacao sobre possiveis irregularidades negocicoes acordo delacao premiada executivos grupo,true,train
fakebr_train_3500,melhor viagem alguem pode fazer,true,train
fakebr_train_3501,"Tribunal de Contas exagera funções e prejudica São Paulo, afirma Doria.",true,train
fakebr_train_3502,"Pentágono estuda novo tipo de arma baseada no espectro eletromagnético que poderia desativar mísseis nucleares da Coreia do Norte, por pulsos eletromagnéticos capazes de fritar circuitos eletrônicos, como solução de defesa contra ataque nuclear norte-coreano.",true,train
fakebr_train_3503,comandante dragoes independencia convoca populacao ocupar brasilia dia,fake,train
fakebr_train_3504,"Temer afirmou ter recebido orientação de publicitário para falar sempre sobre a reforma previdência e que o governo pretende votar a proposta na Câmara em fevereiro, encerrando a discussão no Senado o mais breve possível, e intensificar negociações em torno do apoio à reforma.",true,train
fakebr_train_3505,credibilidade brasil ajudara dialogo ira,true,train
fakebr_train_3506,"Fernando Henrique Cardoso disse que a FAB já tinha preferência pelos caças Gripen, fabricados pela Saab, e que, no fim do seu governo, optou por não comprar aeronaves de defesa naquele momento para não onerar a gestão do sucessor, que viria a ser Luiz Inácio Lula da Silva.",true,train
fakebr_train_3507,"Brasileiros estariam explorando economicamente indios warao migrantes da Venezuela no Brasil, possivelmente escravizando-os, atuando coiotes e traficantes de pessoas para facilitar a circulação dos grupos, segundo investigação do MPF.",true,train
fakebr_train_3508,sp manifestacao pode ter custado r milhoes consumido ton mortadela,fake,train
fakebr_train_3509,"Delatores discutem usar Marcello Miller para chegar a Janot e obter benefícios na delação premiada, enquanto a PGR investiga novas gravações e há indícios de omissão de informações sobre crimes no acordo.",true,train
fakebr_train_3510,"Lula foi condenado em primeira instância pela Lava Jato no caso do triplex, por crimes de corrupção passiva e lavagem de dinheiro, na sentença do juiz Sérgio Moro, com pena de anos meses de prisão.",true,train
fakebr_train_3511,"Polícia Federal deflagrou nesta operação Greenfield investigação temerária e fraudulenta envolvendo quatro dos maiores fundos de pensão do país: Funcef, Petros, Previ e Postalis.",true,train
fakebr_train_3512,Alguns políticos usaram o Twitter neste domingo para manifestar pautas nacionais e falar ao eleitorado.,true,train
fakebr_train_3513,"Empresários fizeram doações para a prefeitura de São Paulo e elogiam o prefeito João Dória, dizendo que só ajudam porque ele é um político honesto.",fake,train
fakebr_train_3514,"Dois caças da Marinha brasileira colidem; uma aeronave caiu no mar próximo à costa de Saquarema, RJ, e o piloto que ejetou está desaparecido; a outra aeronave conseguiu pousar.",fake,train
fakebr_train_3515,Governo federal ira saquear poupancas proximo dia.,fake,train
fakebr_train_3516,filha roberto jefferson cristiane brasil sera ministra trabalho,true,train
fakebr_train_3517,anotacoes mostra estrategia acabar operacao lava jato,fake,train
fakebr_train_3518,sergio moro autorizado stf retomou investigações contra lula; laudo pf divulgado hoje reforcando indicios verbas espurias financiaram reforma sitio atibaia utilizado petista,fake,train
fakebr_train_3519,"Temer sugere que Rodrigo Janot, Procurador Geral da Republica, recebeu milhoes do grupo JBS.",fake,train
fakebr_train_3520,renato duque diz lula mandou acabar contas propina petrobras,true,train
fakebr_train_3521,agenda cultural confira opcoes lazer fim semana salvador,true,train
fakebr_train_3522,novas eleicoes presidenciais podem ocorrer ainda ano simultanea disputas municipais,fake,train
fakebr_train_3523,denuncia governador minas gerais fernando pimentel pt aparece usando aeronave pertencente governo estadual suprir necessidades pessoais,fake,train
fakebr_train_3524,"claudio lamachia defende renan calheiros afastado imediatamente senado apos decisao stf tornar senador reu processo peculato, argumentando que afastamento torna necessario parlamentar possa exercer direito defesa e que a instituicao fique comprometida; alem desse processo peculato renan alvo outros inqueritos stf, necessario julgado acordo ritos procedimentos estabelecidos lei acesso defesa contraditorio.",fake,train
fakebr_train_3525,Projeto promete reduzir pela metade os índices de criminalidade no Rio Grande do Norte em seis meses.,true,train
fakebr_train_3526,Eduardo Cunha anunciou a renúncia da presidência da Câmara.,fake,train
fakebr_train_3527,lula admite sera condenado novos crimes,fake,train
fakebr_train_3528,dilma pode ter cometido crime falsidade,fake,train
fakebr_train_3529,Renato Duque afirmou que Lula tinha pleno conhecimento de tudo e detinha comando.,true,train
fakebr_train_3530,vereadores psdb dizem sofrer pressao aprovar reforma previdencia sp parlamentares ouvidos reportagem sentiram ameacados,true,train
fakebr_train_3531,"Professores da rede pública protestaram contra a passagem da tocha pela cidade de Duque de Caxias, interrompendo a transmissão ao vivo da TV Globo.",fake,train
fakebr_train_3532,"Médica casada há anos, pivo da separação entre William Bonner e Fátima Bernardes após anunciarem rompimento da relação através das redes sociais.",fake,train
fakebr_train_3533,jornalista alexandre garcia afirmou alunos cotistas universidade brasilia entrariam porta fundos universidade publica segundo cotistas nao merito estudar instituicoes federais ensino superior estariam la,fake,train
fakebr_train_3534,"Os EUA realizaram voos de reconhecimento sobre a Coreia do Sul e avisaram Kim Jong Un após o teste nuclear, indicando que o conflito com a Coreia do Norte pode começar a qualquer instante.",fake,train
fakebr_train_3535,pastor silas malafaia estar envolvido esquema corrupcao,fake,train
fakebr_train_3536,emenda constitucional limita gastos publicos diante estado lamentavel socialismo fancaria populismo lulopetista,true,train
fakebr_train_3537,"PF confirmou que brasileiro consome carne podre vencida mascarada acido ascorbico em esquema criminoso que liberava licencas frigorificos de modo irregular, envolvendo BRF Foods (Sadia, Perdigão), JBS (Dona Friboi) e Seara, com mandados de busca e apreensão.",fake,train
fakebr_train_3538,pacote privatizacao traria bilhoes renda manter segundo maior aeroporto brasil sob controle infraero esquema corrupcao sera mantido para atender interesses de boy pr manter congonhas.,true,train
fakebr_train_3539,luiz inacio lula silva lidera a corrida presidencial segundo ultima pesquisa instituto datafolha,true,train
fakebr_train_3540,psdb pede corte continuidade acao pode levar cassacao mandato,true,train
fakebr_train_3541,jornalista leilane neubarth internada pressas apos sofrer arritmia cardiaca,fake,train
fakebr_train_3542,Trump afirmou tempo paciencia estrategica coreia norte acabou durante entrevista coletiva nesta toquio onde recebeu apoio decisao manter todas opcoes sobre mesa ante provocacoes pyongyang,true,train
fakebr_train_3543,"Presidenciáveis condenaram os ataques contra a caravana de Lula; dois ônibus da caravana foram atingidos por tiros no Paraná, e ninguém ficou ferido.",true,train
fakebr_train_3544,nucleo mulheres protocola documento mp contra projeto lei proibe ensino sobre genero escolas rr requerimento pede mp alerte governo sobre inconstitucionalidade projeto lei,true,train
fakebr_train_3545,dilma cometera crime obstrucao justica,fake,train
fakebr_train_3546,Marcelo Bretas acolheu o pedido de transferência de Sérgio Cabral para o presídio federal.,true,train
fakebr_train_3547,"Suposta lavagem de dinheiro em esquema envolvendo gleisi hoffmann e o marido paulo bernardo, com o advogado guilherme goncalves fazendo a lavagem e repassando recursos para pagamento de despesas pessoais do marido, incluindo empregados.",fake,train
fakebr_train_3548,abrir terceira acao penal contra lula desta vez caso sitio atibaia interior sao paulo,true,train
fakebr_train_3549,"Brookfield, empresa canadense, investiu quase r bilhoes brasil nos últimos anos, aproveitando crises para comprar negócios e ativos.",true,train
fakebr_train_3550,tcu vai fazer auditoria apurar lula desviou bens palacio planalto,fake,train
fakebr_train_3551,Marcelo odebrecht deve deixar prisao nesta terca apos dois anos meio preso durante fase operacao lava jato,true,train
fakebr_train_3552,"STJ concedeu habeas corpus, anulando a sentença condenatória e determinando a realização de perícia de prestação de contas, devendo Jose Alfredo Carvalho aguardar a liberdade até o julgamento da ação penal.",true,train
fakebr_train_3553,cortella alertou nacao nao pode admitir presidente dessa natureza,fake,train
fakebr_train_3554,temer disse que conversou com carlos velloso sobre varias questoes inclusive ministerio justica e que vai continuar conversar velloso proximos dias; nao houve convite formal.,true,train
fakebr_train_3555,"Raduan Nassar criticou o governo durante a cerimônia de entrega do Prêmio Camões em São Paulo, e o ministro da Cultura Roberto Freire rebateu as críticas.",true,train
fakebr_train_3556,MPF denunciou Lula e outros por obstruírem investigações da Lava Jato.,fake,train
fakebr_train_3557,Michel Temer comprou um cachorrinho eletrônico na China que não funciona.,fake,train
fakebr_train_3558,moro destacou prejuizo corrupcao sistemica causa economia democracia pais pessoas entendem pratica crimes passa ser regra comportamento afeta confianca pessoas sistema democratico,fake,train
fakebr_train_3559,"Michel Temer chega sirio libanes pf van lotada para prestar solidariedade, lula junto presidente; alguns investigados: jose sarney renan calheiros romero juca eduardo braga edison lobao eunicio oliveira; comitiva tambem trazia jose serra henrique meirelles moreira franco.",fake,train
fakebr_train_3560,decano lava jato nao deve falar partidos investigados,true,train
fakebr_train_3561,lula quer prender moro,fake,train
fakebr_train_3562,Revista Veja publicou hoje notícia mentirosa sobre Sérgio Moro.,fake,train
fakebr_train_3563,"O presidente das Filipinas, Duterte, ameaçou usar um helicóptero para lidar com políticos corruptos, afirmando que já fez isso antes.",fake,train
fakebr_train_3564,"PT afirma intencao garantir realizacao atos apoio com caravanas de onibus do rio grande sul e sao paulo para acompanhar o julgamento luiz inacio lula silva, discutindo medidas seguranca e manter a pauta limitada a questoes administrativas, sem tratar o processo.",true,train
fakebr_train_3565,votos plenario senado decidiu barrar decisao primeira turma supremo tribunal federal devolver mandato senador aecio neves,true,train
fakebr_train_3566,A celeridade no processamento de recursos criminais neste tribunal regional federal constitui regra nao excecao.,true,train
fakebr_train_3567,policia confirma terceira morte tentativa roubo parana,true,train
fakebr_train_3568,movimento chega ser comparado armada eduardo cunha contra dilma rousseff logica afinal centrao chantageia temer ceder caprichos cargos poder fazendo governo federal refem,true,train
fakebr_train_3569,homem ejaculou mulher onibus; delegado afirmou nao ira parar; abusador preso tres vezes flagrante estupro.,true,train
fakebr_train_3570,sergio moro pede novas vagas cadeias curitiba,fake,train
fakebr_train_3571,publicitario faz versao faroeste caboclo eike batista resultado milhoes visualizacoes,fake,train
fakebr_train_3572,processo colonizacao portuguesa processo exterminio submissao indigenas,fake,train
fakebr_train_3573,coreia norte ameaca mundial exige acao,true,train
fakebr_train_3574,mapa guerra kim revela primeiros alvos eua plano batalha pyongyang ataque nuclear,fake,train
fakebr_train_3575,"Políticos acham que o povo deve curvar-se; Cury aponta a raiz da ansiedade na neurose, enquanto a corrupção entra no inconsciente coletivo, afetando as finanças do país e a esperança, com a intoxicação digital em terceiro lugar.",fake,train
fakebr_train_3576,lula disse que antonio palocci mantinha pacto sangue dono empreiteira emilio odebrecht e que lula sabia tudo.,true,train
fakebr_train_3577,"pf concluiu inquerito que aponta indícios de corrupção passiva qualificada e lavagem dinheiro praticados pela senadora gleisi hoffmann, pelo marido e intermediarios; as doacoes recebidas pela campanha petista sao oriundas de recursos desviados da petrobras via contratos superfaturados, segundo delacao premiada de paulo roberto costa que afirmou ter repassado r milhao ao emissario da campanha; gleisi nega as acusacoes.",fake,train
fakebr_train_3578,"furacao irma chegou ao Caribe, deixou rastro de destruicao e menos de dez mortos, e a europa enviou ajuda humanitaria e equipes de resgate às ilhas afetadas.",true,train
fakebr_train_3579,Lula corre risco ser preso proximos dias,fake,train
fakebr_train_3580,justica denunciado lavagem dinheiro corrupcao passiva; pgr quer perda funcao publica; renan denunciado; rodrigo janot denunciou renan; oito inqueritos; devolucao dinheiro propina valor atualizado somente nesta denuncia totaliza milhao reais; stf ainda nao reu; ministros stf precisam aceitar denuncia abrir acao penal.,fake,train
fakebr_train_3581,brasileiro mora eua compara miami rio janeiro,fake,train
fakebr_train_3582,eduardo cunha ganha apelido agentes pf angelica,fake,train
fakebr_train_3583,Jean Wyllys declarou que realmente cuspiu direcao deputado jair bolsonaro.,fake,train
fakebr_train_3584,"Jovem, filho de PM, sequestrado e assassinado; encontrado morto na noite de ontem após ser sequestrado, torturado, orelha cortada, corpo abandonado em propriedade rural.",fake,train
fakebr_train_3585,PGR abriu nova frente investigacao no STF apura supostos repasses propina Odebrecht ao MDB liderado pelo presidente Michel Temer; Temer foi incluído formalmente como alvo do inquérito.,true,train
fakebr_train_3586,"Defesa Lula entrou pedido habeas corpus HC preventivo hoje, tentativa evitar ser conduzido coercitivamente para prestar esclarecimentos sobre o triplex Guarujá SP, segundo informação Monica Bergamo da Folha.",fake,train
fakebr_train_3587,indios tentam invadir congresso nacional,fake,train
fakebr_train_3588,inteligencia emocional falou alto,fake,train
fakebr_train_3589,Justiça Mogi bloqueia bens do vereador Carlos Evaristo Silva (PSD) e de empresários na ação civil de improbidade administrativa que apura superfaturamento na compra de café pela Câmara Municipal de Mogi das Cruzes.,true,train
fakebr_train_3590,Lula acusado ser responsavel orcrim comandar estrutura ilicita captacao apoio parlamentar valores propinas resultantes contratos celebrados petrobras odebrecht passam r milhoes acordo denuncia parte lula lavada compra imovel localizado sp capital usado instalacao instituto lula propina petista sido intermediada antonio palocci compra imovel realizada nome dag construtora gastos incluindo aquisicao manutencao cerca r milhoes,fake,train
fakebr_train_3591,coreia norte acusa cia conspirar assassinar kim durante eventos cerimoniais publicos ocorridos pyongyang com substancias bioquimicas,fake,train
fakebr_train_3592,forum estadao realiza segundo evento serie reconstrucao brasil dia abril sao paulo com o tema caminhos crescimento,true,train
fakebr_train_3593,papa francisco nao devemos conversar diabo inteligente durante entrevista televisionada,fake,train
fakebr_train_3594,"Temer afirmou que a reforma previdencia pode nao ser aprovada todo conjunto e que o governo continuara empenhando nela, podendo fazer nova revisao no futuro.",true,train
fakebr_train_3595,dois milionarios disputando cadeira presidente republica,fake,train
fakebr_train_3596,ministro raul jungmann convidou delegado rogerio galloro ser novo policia federal.,true,train
fakebr_train_3597,simples objetivo matar policial sera condenado pena morte,fake,train
fakebr_train_3598,projeto lei pretende fazer uso imagens fetos mes mes orientar sobre consequencias fisicas psiquias aborto,fake,train
fakebr_train_3599,chuvas mataram pessoas no Rio de Janeiro.,true,train
fakebr_train_3600,presidente cogita demitir pf,fake,train
fakebr_train_3601,justica nao intimida,true,train
fakebr_train_3602,Paradeiro eike batista descoberto; considerado foragido justica; podera ser extraditado brasil; alerta difusao vermelha interpol; mandado prisao preventiva expedido hoje.,fake,train
fakebr_train_3603,Depoimentos causam comocao dia juri maior chacina historia sao paulo relatos sobreviventes testemunhas familiares julgamento marcado apelo emotivo,true,train
fakebr_train_3604,fatos marcaram alagoas ano,true,train
fakebr_train_3605,moro diz nao arrepender ter divulgado audio lula dilma,true,train
fakebr_train_3606,"Delação Palocci irá derrubar Caixa Econômica, Banco Central e Receita Federal diante do primeiro depoimento de Luiz Inácio Lula da Silva.",fake,train
fakebr_train_3607,Judicialização da saúde reforça a desigualdade entre ricos e pobres no acesso à saúde no país.,true,train
fakebr_train_3608,"O TSE vai ouvir Marcelo Odebrecht e outros executivos da Odebrecht em investigações sobre a chapa Dilma-Temer, com delações premiadas; ações pedem cassação da chapa e a data do julgamento ainda não está prevista.",true,train
fakebr_train_3609,cardozao acostumou tanto senado ja acha direito dar ordens,fake,train
fakebr_train_3610,"Protesto de estudantes contra o controle de armas nos EUA reuniu cerca de mil pessoas, espalhou-se pelas cidades e foi tido como a maior manifestação da história do país.",true,train
fakebr_train_3611,padre pede fieis orarem principe george,fake,train
fakebr_train_3612,juri california condena johnson johnson indenizar vitima cancer associada talco corporal pagar milhoes dolares maior condenacao ate agora contra johnson johnson.,fake,train
fakebr_train_3613,"Vídeo gravado há anos mostra Jon Bon Jovi assediando Bruna Lombardi; Bruna disse que o astro ficou envergonhado, pediu desculpas e chamou-a para jantar, mas ela não aceitou; afirmou que todas as mulheres merecem respeito.",fake,train
fakebr_train_3614,afirmou estar deixando politica decepcionado e nao disputaria nova eleicao,true,train
fakebr_train_3615,"sociedade militar alerta que a esquerda pode evoluir transformando brasil em um pais que abriga territorio exercitos revolucionarios esquerda, tal aconteceu colombia farc",fake,train
fakebr_train_3616,nao ha viabilidade tecnica oferecer servico banda larga fixa velocidade solicitada,true,train
fakebr_train_3617,"Durante o pleno recesso parlamentar, o deputado Francisco Floriano foi a Brasília, xingou, ameaçou “quebrar tudo” e exigiu cargo para um aliado, garantindo que o Planalto nomeará esse aliado.",fake,train
fakebr_train_3618,governo federal cortou verbas pesquisa poderia salvar milhares bebes,fake,train
fakebr_train_3619,joel santana preso fevereiro sob suspeita receber milhoes dolares propinas,fake,train
fakebr_train_3620,jo soares expulsou mauricio mattar do programa.,fake,train
fakebr_train_3621,Ministério Público do Distrito Federal iniciou investigação para apurar redes de farmácias que estão repassando vendendo dados sigilosos de clientes após exigir CPF para desconto.,true,train
fakebr_train_3622,"Suposta montagem da viagem à Lua: o reflexo na viseira de um astronauta mostra um homem vestindo jaqueta calca jeans na Lua, sugerindo que a missão Apollo pode ter sido forjada.",fake,train
fakebr_train_3623,anielle franco disse acreditar irma nao morta,true,train
fakebr_train_3624,tiririca escreveu carta repudio politicos odebrecht,fake,train
fakebr_train_3625,"Carmen Lúcia negou o pedido da defesa de Aécio Neves para mudar o relator, mantendo o afastamento do mandato.",true,train
fakebr_train_3626,"Lula é alvo de várias denúncias de corrupção e lavagem de dinheiro envolvendo a Lava Jato, sítio Atibaia e o caso triplex.",true,train
fakebr_train_3627,TV Record promete desmascarar globo sonegacao fiscal leis encomendadas emprestimos bilionarios atraves bancos publicos; prometeu soltar reportagem bomba noite deste domingo no programa Domingo Espetacular apresentado paulo henrique amorim cuja matéria envolve delacao antonio palocci.,fake,train
fakebr_train_3628,moro nega pedido defesa lula palocci nao transfere processo lava jato sao paulo lula sera interrogado curitiba.,true,train
fakebr_train_3629,janot pediu supremo tribunal federal stf prisao presidente senado renan calheiros,true,train
fakebr_train_3630,árvore vitima desmatamento,fake,train
fakebr_train_3631,Coreia do Norte disparou um míssil balístico intercontinental que voou mil quilômetros e caiu no mar próximo ao Japão; o Pentágono afirmou que não representou ameaça aos EUA.,true,train
fakebr_train_3632,"Armas usadas pelas forças de segurança do Rio de Janeiro apresentam falhas frequentes devido ao sucateamento e à falta de manutenção, colocando policiais em risco.",true,train
fakebr_train_3633,Aldemir Bendine foi condenado a seis anos de prisão por corrupção passiva e cinco anos por lavagem de dinheiro; o juiz Sérgio Moro decidiu manter a prisão preventiva.,true,train
fakebr_train_3634,"A verba do governo federal para combate às enchentes em São Paulo caiu nos últimos anos e, segundo o Ministério, a diferença deve‑se ao baixo ritmo de execução.",true,train
fakebr_train_3635,renan calheiros perde dente durante entrevista,fake,train
fakebr_train_3636,ator acusado abuso escreve carta aberta pede desculpas ultrapassei limites,fake,train
fakebr_train_3637,virus ja propagou paises americas porem nenhum foco doenca confirmado territorio europeu oficialmente ainda nao ha cura contra zika,fake,train
fakebr_train_3638,stf entra recesso,fake,train
fakebr_train_3639,"Polícia Federal prendeu seis pessoas suspeitas de participar de quadrilha que desviou milhões de reais de contas bancárias, usando vírus enviados por links que induziam vítimas a acessar sites de instituições financeiras com tela falsa, permitindo o acesso às contas; duas pessoas estão foragidas.",true,train
fakebr_train_3640,Defesa de Dilma Rousseff pediu ao Ministério Público investigar Otávio Azevedo e Andrade Gutierrez por falso testemunho perante a Justiça Eleitoral.,true,train
fakebr_train_3641,primeiro tentar pressionar teori zavascki nao homologar delacao premiada delcidio amaral delacao homologada governo implode,fake,train
fakebr_train_3642,acredito ate final deste mes impeachment sera votado,fake,train
fakebr_train_3643,"Casos de corrupção envolvendo políticos e empresários no Brasil, com investigações da Lava Jato, denúncias de Rodrigo Janot contra Lula, Dilma Rousseff e Antônio Palocci, e delações da JBS.",true,train
fakebr_train_3644,Coreia do Norte lanca missil balistico; equipamento explode antes subir; provavelmente novo tipo missil balistico intercontinental icbm.,fake,train
fakebr_train_3645,"Pedro Corrêa afirmou, em delação premiada, que Lula tinha pleno conhecimento da arrecadação de propinas no âmbito do mensalão e participação na indicação de cargos estatais.",true,train
fakebr_train_3646,Chuck Norris sofreu infartos e sobreviveu.,fake,train
fakebr_train_3647,jemisin primeira pessoa negra receber hugo principal premio literatura fantastica ficcao cientifica,true,train
fakebr_train_3648,ira lula volta principalmente contra juiz federal sergio moro,fake,train
fakebr_train_3649,boechat irrita maia,fake,train
fakebr_train_3650,Confira as principais atrações que vão movimentar as cidades da Baixada Santista neste fim de semana.,true,train
fakebr_train_3651,Lula tenta pedir apoio chefoes evangelicos; nenhum acredita lula tera exito.,fake,train
fakebr_train_3652,pgr pediu abertura inqueritos contra renan calheiros jose sarney e romero juca,fake,train
fakebr_train_3653,"IFCH/UFRGS ministrará neste semestre o curso de extensão intitulado ""golpe nova onda conservadora brasil"", com debates sobre as circunstâncias que culminaram o impeachment dilma rousseff, e o instituto manifestou preocupação com censura ministerial à disciplina, defendendo a autonomia universitária.",true,train
fakebr_train_3654,plenario corte podera definir petista sera nao preso apos condenacao segunda instancia,true,train
fakebr_train_3655,joao doria deixando psdb saiba sera novo partido,fake,train
fakebr_train_3656,dinheiro liberado pelo governo federal nao previne rebelioes presidios,true,train
fakebr_train_3657,deputado jose guimaraes agredido manifestantes,fake,train
fakebr_train_3658,mantega sabia operacao pf contou pra pf vai descobrir onde estao milhoes provenientes propinas petrobras casa vai cair,fake,train
fakebr_train_3659,brasil nao vacina macacos contra febre amarela,true,train
fakebr_train_3660,"A postagem afirma que MST/MTST teriam recebido grandes somas de dinheiro público durante governos petistas, sugerindo que isso é mamata que prejudica o país.",fake,train
fakebr_train_3661,estudantes militantes pt sao flagrados dentro universidade federal armados foice ultimo sabado,fake,train
fakebr_train_3662,ha fortes elementos indicam pratica crimes graves consistente solicitacao eliseu padilha moreira franco recursos ilicitos nome pmdb michel temer pretexto campanhas eleitorais,true,train
fakebr_train_3663,aviao dupla maiara maraisa sai pista durante decolagem,fake,train
fakebr_train_3664,Comandante PM elogia comerciante que matou bandidos e afirma que o cidadão tem direito de ter armas para defender-se.,fake,train
fakebr_train_3665,liberdade expressao forca vital condicao essencial educacao liberal,true,train
fakebr_train_3666,rdm regime disciplinar militar proibe opinioes pronunciamentos enfim manifestacoes publicas sobre assuntos politicos,fake,train
fakebr_train_3667,cena patetica colocaram lula dentro fusquinha aparentar humildade; tudo armacao; teatro armado comitiva pt marqueteiros queriam passar imagem positiva,fake,train
fakebr_train_3668,semelhancas anos jogo politico vive dias things segunda temporada serie americana stranger things disponibilizada netflix ultimo dia serie mescla terror ficcao cientifica bastante sucesso aqui ambientada nela cenario politico brasileiro atual,true,train
fakebr_train_3669,sao oito nomes levantados para a disputa da eleicao presidencial; lula lidera intencoes voto.,true,train
fakebr_train_3670,"Homem flagrado pegando dinheiro caixinha doacoes igreja; segundo a polícia, participou de furtos em pelo menos quatro ocasiões e deve ser indiciado pela participação em furto qualificado.",true,train
fakebr_train_3671,Lula nunca tratou direta indiretamente do financiamento de campanhas; não há provas contra ele e as acusações atribuídas a Joao Santana e Monica Moura estão claramente vinculadas à negociação de benefícios penais.,true,train
fakebr_train_3672,"Lula afirmou que vai brigar até as últimas consequências, disputará o Palácio do Planalto e não será candidato caso comprovarem a sua culpa.",true,train
fakebr_train_3673,luiz fux votou nesta cassacao chapa formada dilma rousseff presidente michel temer,true,train
fakebr_train_3674,militares faziam seguranca lula dilma,fake,train
fakebr_train_3675,novas imagens obtidas tv anhanguera revelam momento carro tiago messias ribeiro anos morto enquanto feito refem,true,train
fakebr_train_3676,Algum juiz ameacar prender lula.,fake,train
fakebr_train_3677,coreia norte realiza exercicio militar comemorar anos fundacao exercito,true,train
fakebr_train_3678,temer quer agenda social planalto pmdb tentam viabilizar candidatura presidente reeleicao,true,train
fakebr_train_3679,clodovil assassinado porque queria diminuir numero deputados,fake,train
fakebr_train_3680,"A postagem afirma que há uma delação premiada envolvendo um esquema de desvio de recursos que abasteceu campanhas eleitorais, com homologação pendente.",fake,train
fakebr_train_3681,"Caso emanuelly: a escola denunciou agressões; criança morta; pais Debora Rolim Silva e Phelipe Douglas Alves presos sabado, suspeitos de espancarem e matarem a filha.",true,train
fakebr_train_3682,mendes bastou entrar aviao passageiros reconheceram imediatamente,fake,train
fakebr_train_3683,"vale silicio promete romper velhos principios do mercado para construir um mundo melhor, porém essa ruptura acarreta impactos sociais e econômicos que questionam a efetiva melhoria anunciada.",true,train
fakebr_train_3684,"tse retoma hoje o julgamento da acao que pede cassacao da chapa dilma temer, sendo o primeiro caso de cassacao de chapa presidencial na historia do brasil.",true,train
fakebr_train_3685,pha pede prisao donos globo,fake,train
fakebr_train_3686,"Grupo Triunfo afirma que Triunfo Participações e Investimentos e Econorte atuam com governança, não contrataram Adir Assad e estão cooperando com as autoridades para esclarecer os fatos.",true,train
fakebr_train_3687,Provavelmente desorientacao espacial acarretou perda controle aeronave.,true,train
fakebr_train_3688,lula sera proximo ministro,fake,train
fakebr_train_3689,"Acesso ao aborto legal em São Paulo está dificultado por erros de informação, desconhecimento da lei e desrespeito às normas técnicas, com a prefeitura omitindo dispositivos do código penal.",true,train
fakebr_train_3690,hospede cumprimenta lula dentro hotel,fake,train
fakebr_train_3691,Os Estados Unidos estão prontos a agir sozinhos contra a Coreia do Norte caso a China não aumente a pressão contra o programa nuclear.,true,train
fakebr_train_3692,Mae alegou nao ter dinheiro caixao enterra filho assassinado ha mes; vereadora arcou com tudo e enterro foi realizado.,true,train
fakebr_train_3693,Luiz Fernando Rodrigues anos preso confessa participacao crime.,true,train
fakebr_train_3694,edicao festival cinema gramado exibira filmes mostra competitiva,true,train
fakebr_train_3695,"Câmara aprovou fim de coligações para as eleições, com cláusula barreira, siglas, acesso ao tempo de TV e ao fundo partidário; a PEC pode seguir para o Senado com duas votações para vigorar nas próximas eleições.",true,train
fakebr_train_3696,deputada chamada gostosa plenario vai processar deputado tarado,fake,train
fakebr_train_3697,gilberto barros irrita deputados brasileiros sao uns cretinos uns enganadores uns vagabundos,fake,train
fakebr_train_3698,"Descendentes de Okinawa no Brasil preservam a língua okinawana e a cultura da região, mantendo vivas as tradições por meio de associações que ensinam língua, dança, música, culinária e religião.",true,train
fakebr_train_3699,A procuradoria protocolou denuncia contra treinador Renato e contra zagueiro kannemann.,true,train
fakebr_train_3700,Hopi Hari nao pegou fogo.,fake,train
fakebr_train_3701,"Facebook contribuiu para a disseminação de fake news, ódio e radicalismo político, ajudando a ascensão de Donald Trump e influenciando eleições, por meio de seu modelo de negócio baseado em publicidade e engajamento e pela promessa de neutralidade, até reconhecer responsabilidade e tentar medidas de combate.",true,train
fakebr_train_3702,silvio santos mito fala sobre fim vida acho morrer logo,fake,train
fakebr_train_3703,jonatan diniz foi preso na venezuela e foi expulso do país.,true,train
fakebr_train_3704,trauma pode ser maior evento violento ocorre situacao cotidiano porque ainda menos esperado ato intencional vitima catastrofe natural tsunami exemplo impacto diferente ato terrorista causa grau suplementar trauma psicologico porque pessoa sabe intencao tirar vida.,true,train
fakebr_train_3705,Massacre nos presídios do Amazonas deixou dezenas de detentos mortos; presos continuam foragidos; a Força Nacional foi acionada para dar suporte à segurança e o governo afirma que a situação dos presídios está sob controle.,true,train
fakebr_train_3706,portanto nao parece estar jogo apenas intervencao federal militar,true,train
fakebr_train_3707,"Janot afirmou que o PMDB montou uma organização criminosa na Câmara, integrada por Cunha, e Cunha indica Michel Temer como líder.",true,train
fakebr_train_3708,presidente camara recebeu salario fantasma universidade estadual durante anos,fake,train
fakebr_train_3709,"Delacoes premiadas assombram trump e investigacao sobre ligacao russos campanha, com Papadopoulos e outros proximos possivelmente firmando acordos de cooperação que podem incluir gravacoes, potencialmente transformando o caso e abrindo caminho para impeachment.",true,train
fakebr_train_3710,cunha pode dar presentao natal brasileiros tirar dilma governo ate fim ano,fake,train
fakebr_train_3711,"Carro do governador Robinson Faria, RN, foi roubado em Monte Alegre, cidade Grande Natal; quatro bandidos armados invadiram a residência onde o motorista ia deixar funcionários do governador, levaram o veículo; rastreador apontava caminhonete perto de lagoa na zona rural do município; PM mobilizados para recuperar.",true,train
fakebr_train_3712,luciano huck apaga todas fotos aecio neves redes sociais,fake,train
fakebr_train_3713,"Movimentos pela volta da monarquia crescem no Brasil e defendem estabelecer novamente o Império, com herdeiros de Pedro I e Pedro II.",fake,train
fakebr_train_3714,kim chama trump perturbado grava video prometendo atacar eua demonstrando nao temer maior potencia mundial divisao estrategica exercito coreano cuidadosamente analisando plano operativo abrir fogo regiao redor guam missil balistico medio longo alcance,fake,train
fakebr_train_3715,presidente michel temer nao sabe fazer,true,train
fakebr_train_3716,supremo nao competencia decidir sobre assunto,fake,train
fakebr_train_3717,palocci vou delatar tudo sobre lula presidente,fake,train
fakebr_train_3718,"Eduardo Chianca, brasileiro, teve a pena reduzida para três anos de prisão na Rússia por transportar quatro garrafas de ayahuasca para terapias rituais religiosos.",true,train
fakebr_train_3719,"Michel Temer vai renunciar ao cargo; Rodrigo Maia, presidente da Câmara, substituí-lo e, com o Congresso Nacional convocado, Maia possa tomar posse para assumir o governo; a linha de sucessória aponta Eunício Oliveira e Carmen Lúcia.",fake,train
fakebr_train_3720,Rodrigo Maia foi reeleito presidente da Câmara dos Deputados e exercerá a presidência da Câmara nos próximos dois anos.,true,train
fakebr_train_3721,congresso etiopia nao existiu,fake,train
fakebr_train_3722,barbosa alertou gilmar mendes destruindo justica desse pais,fake,train
fakebr_train_3723,pgr envia pedidos inqueritos stf ja politico limpando gabinetes brasilia rodrigo janot enviou hoje trezentos vinte pedidos inqueritos stf desse total sao contra parlamentares ministros,fake,train
fakebr_train_3724,"Ameaças de morte contra Donald Trump e figuras políticas foram levadas a sério, com investigação do FBI e do Serviço Secreto e aumento de segurança ao redor da Trump Tower.",fake,train
fakebr_train_3725,cunha reprovou pedidos impeachment,fake,train
fakebr_train_3726,"Governo federal informou enviará ao Ceará um destacamento composto por policiais federais, Força Nacional e Segurança Pública para reforçar operações conjuntas de combate ao crime organizado, chefiado pelo Almirante Alexandre Mota.",true,train
fakebr_train_3727,"Apoio à descriminalização do aborto cresce no Brasil, segundo Datafolha, e há debate sobre PEC que pode restringir esse direito.",true,train
fakebr_train_3728,sindrome respiratoria mers provoca panico coreia sul,fake,train
fakebr_train_3729,comando nacional transporte anuncia novas paralisacoes previstas iniciar dia marco todo brasil.,fake,train
fakebr_train_3730,"O jornalista Joseval Peixoto deixará o SBT em comum acordo, não renovará o contrato, encerrando atividades neste fim de ano (dezembro), com a bancada do SBT Brasil passando a ser ancorada por Rachel Sheherazade e Carlos Nascimento.",true,train
fakebr_train_3731,outro teste missil significara fim coreia norte,fake,train
fakebr_train_3732,"Senador Magno Malta pronunciou hoje no plenário sobre o caso do pastor Felipe Garcia Heiderich, marido da cantora Bianca Toledo, que abusou do próprio enteado por anos e foi preso; Malta chamou Felipe de falso pastor.",fake,train
fakebr_train_3733,"Putin envia submarinos nucleares para o Mar Negro; são fortemente armados e ajudarão a manter o domínio estratégico marítimo, com o quinto submarino Veliky Novgorod concluído e já entregue à frota do Mar Negro, e o sexto Kolpino previsto para juntar-se à frota em novembro.",fake,train
fakebr_train_3734,Barroso afirma que a intervenção federal não resolverá o problema da criminalidade no Rio e que a solução é social para reconquistar espaços perdidos.,true,train
fakebr_train_3735,"Temer é investigado por corrupção passiva, obstrução de justiça e organização criminosa, com denúncia da PGR baseada na gravação de Joesley Batista, delator premiado, cuja gravação, segundo a perícia, não foi adulterada.",true,train
fakebr_train_3736,rendimento ajuda recuperacao cadernetas reducao custo captacao cadernetas tambem juro basico tendencia acentue queda taxas cobradas mutuarios tornando credito acessivel,true,train
fakebr_train_3737,apresentador disse passarmos cima democracia,fake,train
fakebr_train_3738,"Indústria de etanol diz ser contra o projeto que permite plantio de cana na Amazônia, afirmando que isso pode manchar a imagem do etanol no exterior e colocar as exportações em risco.",true,train
fakebr_train_3739,Petrobras registrou lucro r bilhoes trimestre revertendo prejuizo r bilhao registrado primeiros meses ano passado,true,train
fakebr_train_3740,composto base pimenta tratar cancer mama produzido ufpb substancia testada ratos obteve resultados positivos ainda nao ha previsao testes humanos,true,train
fakebr_train_3741,STF pediu urgência para impeachment de Michel Temer e deu prazo de dez dias para Rodrigo Maia analisar os pedidos de impeachment contra o presidente.,fake,train
fakebr_train_3742,moro elogia fachin,fake,train
fakebr_train_3743,fernando segovia tomou posse hoje,true,train
fakebr_train_3744,milhoes jovens alta escolaridade estao abandonando russia,true,train
fakebr_train_3745,"A inauguração da nova arena Allianz Parque tornou-se um grande aliado do Palmeiras, aproximando o torcedor do campo, aumentando a presença de público e a renda, além de tornar o estádio atrativo turístico da cidade e alavancar o programa socio torcedor.",true,train
fakebr_train_3746,Guido Mantega vai ser preso; Dilma Rousseff vai ser preso; ambos terao conversar mesma cadeia.,fake,train
fakebr_train_3747,TSE pode julgar imediatamente dilma rousseff cassar mandato,fake,train
fakebr_train_3748,Lula é alvo de três pedidos de convocação para prestar depoimento na CPI do BNDES.,true,train
fakebr_train_3749,rodrigo janot afirmou nao vazamento algum,fake,train
fakebr_train_3750,ha anos antagonista diogo mainardi avisou lula homem mediocre pelego oportunista,fake,train
fakebr_train_3751,Organizado pedir renuncia presidente michel temer protestar contra reformas previdencia trabalhista ato desencadeou uso forcas armadas maio brasilia terminou pessoas feridas predios depredados pontos onibus destruidos fogo ateado banheiros quimicos manifestantes presos,true,train
fakebr_train_3752,"Existem dois tipos de fake news: culposa e dolosa, que se disseminam nas redes sociais com maior engajamento e velocidade, exigindo redesenhar o ecossistema de informação com checagem de fatos independentes e ética.",true,train
fakebr_train_3753,quadro clinico resende agrava falencia alguns orgaos,fake,train
fakebr_train_3754,agora medo morte nao pode enraizar coracao pessoa verdadeiramente satisfeita vida,fake,train
fakebr_train_3755,"Um avião monomotor caiu no quintal da casa de um morador em Rio Preto, matando três pessoas.",true,train
fakebr_train_3756,frota manda recado jose abreu covarde babaca escroto vem cuspir mim,fake,train
fakebr_train_3757,odebrecht enviou mensagem dilma sobre doacoes irregulares,true,train
fakebr_train_3758,"Maisa, apresentadora do SBT, recebeu ameaça de morte.",fake,train
fakebr_train_3759,carta esposa militar viraliza apos boechat chamar pm s idiotas,fake,train
fakebr_train_3760,dilma honesta,fake,train
fakebr_train_3761,"duas pesquisas divulgadas hoje ibge mostram quadros desalentadores estado trabalho pais, incluindo quase milhao menores sao submetidos trabalho ilegal.",true,train
fakebr_train_3762,adelia recebeu o apelido cunhada eduardo cunha.,fake,train
fakebr_train_3763,"Justiça federal determinou o bloqueio de vários bens do jogador Neymar, incluindo o helicóptero, que ficará impedido de ser vendido ou transferido até segunda ordem.",fake,train
fakebr_train_3764,havera intervencao militar Brasil,fake,train
fakebr_train_3765,"Jornalista australiano Richard Hinds, do The Daily Telegraph, destroi a imagem rio favela olimpica, criticando as condições da vila olímpica.",fake,train
fakebr_train_3766,michel temer notificado novo presidente,fake,train
fakebr_train_3767,continuarem impunes exercendo cargos politicos brasil jamais saira desse estado caos moral,fake,train
fakebr_train_3768,"cabral partiu pra cima companheiro cela, houve briga no presídio bangu desencadeada por suposta discordancia sobre delacao premiada; cabral articulava miranda discordado estaria disposto entregar nomes peso legislativo rj para tentar aliviar pena; cabral queria proteger tais nomes peso.",fake,train
fakebr_train_3769,defendemos remuneracao digna nunca vamos defender juiz ganhe salario milionario,true,train
fakebr_train_3770,agora ficou clara intencao jornalista fazer defesas tao ferrenhas tucanos,fake,train
fakebr_train_3771,camera veiculo filma fantasma mulher rodovia russia.,fake,train
fakebr_train_3772,doria diz estar consciencia tranquila apos adiamento reforma previdencia sp,true,train
fakebr_train_3773,voltar ser campeao brasileiro,true,train
fakebr_train_3774,inimigos reinaldo azevedo agora estao juntos,fake,train
fakebr_train_3775,maioria oposicionista peru pede presidente kuczynski renuncie apos ser acusado receber dinheiro odebrecht,true,train
fakebr_train_3776,senadores pedem retirada urgencia projeto abuso autoridade,true,train
fakebr_train_3777,Denúncia contra Luiz Inácio Lula da Silva protocolada no Ministério Público de São Paulo com pedido de prisão preventiva.,true,train
fakebr_train_3778,despesas previdencia abocanham hoje orcamento uniao vao atingir r bilhoes ano; reforma previdencia necessaria urgente indispensavel pra manter resto,true,train
fakebr_train_3779,Decisão liminar proibiu a oferta de cura gay (tratamentos reversao sexual).,true,train
fakebr_train_3780,nao sera candidato governo,true,train
fakebr_train_3781,"São juízes decidirão o futuro de Lula nesta semana; Victor Laus, João Pedro Gebran Neto e Leandro Paulsen, da turma, vão julgar o recurso da condenação de Lula pelo juiz Sérgio Moro.",true,train
fakebr_train_3782,"Joesley Batista e Ricardo Saud foram presos em São Paulo, com ordens de prisão determinadas por fachin, apresentaram‑se à Polícia Federal.",true,train
fakebr_train_3783,denuncia ministerio publico federal contra presidente michel temer corrupcao passiva,true,train
fakebr_train_3784,"Delegação bielorrússia reclamou que a vila olímpica é insalubre e inabitável, alegando que as instalações são patogênicas e capazes de produzir doenças bacterianas, e que acomodaria os atletas em outro lugar, até apartamentos completos.",fake,train
fakebr_train_3785,ataques nao motivacao religiosa u etnica nao podemos ligar terrorismo religiao ninguem pode tachar qualquer religiao ser patrocinadora terrorismo repressao extremistas importante nao pode ser unica medida adotada combater terror so repressao fundamental reprimir fazer outro tipo gestao incluindo diplomatica,fake,train
fakebr_train_3786,"Parlamentares Vitor Valim e Siba Machado protagonizaram troca de ofensas madrugada domingo; Siba pegou o colega pelo braço, disse ""você vai estar aqui embaixo"", ""vou dar pau"" e ""chamar bandido safado"", afirmou petista.",fake,train
fakebr_train_3787,eua medicos chegaram perto encontrar cura cancer estariam desaparecendo misteriosamente,fake,train
fakebr_train_3788,O regime de Kim está decidido a obter arma atômica capaz de alcançar o território dos Estados Unidos.,true,train
fakebr_train_3789,coreia norte diz recebera eua canhoes abriremos fogo,fake,train
fakebr_train_3790,numero ocorrencias nao numero vitimas,true,train
fakebr_train_3791,mente lula,fake,train
fakebr_train_3792,senador condiciona voto impeachment manutencao emprego filho,fake,train
fakebr_train_3793,joao doria hoje economia maior usa china japao juntos vale silicio brasil,fake,train
fakebr_train_3794,"Proposta de PEC da deputada para transferir auxilio reclusao de familias de criminosos para vitimas de crimes, com o novo beneficio sera pago pessoa vitima crime periodo ficar afastada atividade garanta sustento; caso morte beneficio sera convertido pensao conjuge companheiro dependentes vitima conforme regulamentacao posterior.",fake,train
fakebr_train_3795,"gauthier diz estar espantado e com medo de abordar o assunto da homofobia no futebol, afirmando que o futebol é visto como algo apenas para heteros e que há machismo.",fake,train
fakebr_train_3796,"PF arrombou a porta do apartamento de luxo no bairro Jardins, SP, para cumprir mandado de busca e apreensão na casa de Luis Cláudio Lula da Silva, filho de Lula.",fake,train
fakebr_train_3797,exercito podera assumir obras abandonadas empreiteiras envolvidas petrolao,fake,train
fakebr_train_3798,lava jato vai ate onde deixarem ir,true,train
fakebr_train_3799,Moon acredita na presença do submarino nuclear americano Michigan atracado há dias no porto de Busan.,true,train
fakebr_train_3800,temer afirmou neste sabado volta brasil tranquilissimo,true,train
fakebr_train_3801,"bolsonaro afirma que as midias são dominadas por grandes grupos ha décadas e que, ao assumir o palacio planalto, sera decretado o fim dessas midias vendidas.",fake,train
fakebr_train_3802,cantora Paula Fernandes levou mordida na barriga enquanto acariciava o cavalo.,fake,train
fakebr_train_3803,"Representantes MST criticaram hoje o juiz Sérgio Moro, incitaram invasão de latifúndios, propriedades, casas, campo e gabinetes; disseram que vai ter reforma agrária e luta, não vai ter golpe; Aristides Santos, coordenador nacional MST, chamou Moro de golpista.",fake,train
fakebr_train_3804,governo cogitou prisao general defendeu intervencao militar aqui brasil,fake,train
fakebr_train_3805,jornalista paulo henrique amorim condenado hoje cinco meses dez dias prisao por ofender ali kamel diretor jornalismo rede globo,fake,train
fakebr_train_3806,morre marisa leticia familia lula autoriza doacao orgaos dama anos morte cerebral confirmada devido complicacoes causadas poe avc,fake,train
fakebr_train_3807,governo convenceu senador ataides oliveira incluir previsao crescimento pib proximo ano,true,train
fakebr_train_3808,joesley nao curso superior vai pra cela comum papuda caso transferido,fake,train
fakebr_train_3809,Recibos aluguel contem erros grotescos datas nao existem calendario erros digitacao ausencias autenticacoes referem suposto contrato aluguel firmado lula primo bumlai — farsa.,fake,train
fakebr_train_3810,Delator confirma que o presidente levou milhões da Odebrecht.,fake,train
fakebr_train_3811,encontro impeachmados collor procura dilma oferecer apoio,fake,train
fakebr_train_3812,lula referindo palacio alvorada lugar triste porque fhc nao toma gole,fake,train
fakebr_train_3813,oab intima dirceu devolver carteira ate amanha edital cancelamento publicado diario oficial estado fica intimado apresentar carteira identidade profissional,fake,train
fakebr_train_3814,Dilma Rousseff afirmou nao autorizou pagamento caixa dois durante campanha.,fake,train
fakebr_train_3815,Lula usa redes sociais para dizer que nunca roubou.,fake,train
fakebr_train_3816,militares negam golpe zimbabue,true,train
fakebr_train_3817,sergio moro pediu encarecidamente apoiadores nao comparecam curitiba proximo dia,fake,train
fakebr_train_3818,cidadania lula causa polemica italia,fake,train
fakebr_train_3819,resumindo querem proteger politicos bandidos,fake,train
fakebr_train_3820,angelica huck decidiu expor opiniao pessoal sobre polemica exposicao apresentada museu arte moderna sp,fake,train
fakebr_train_3821,"Empresas de telecomunicações vão recolher taxas setoriais para reforçar o caixa do governo federal, com recursos usados para financiar fundos setoriais e pagar benefícios previdenciários, em vez de desenvolver o setor; há pedidos de redução da carga dessas taxas.",true,train
fakebr_train_3822,uniao sovietica verdadeira ganhadora corrida espacial nao eua apesar americanos terem chegado primeiro lua,true,train
fakebr_train_3823,mae salvou filho de ataque de dois caes no jardim de casa em anaheim california; garoto encaminhado ao hospital com ferimentos nos bracos pernas rosto; donos dos caes serao processados criminalmente.,fake,train
fakebr_train_3824,agressoes sexuais publico sao punidas mundo,true,train
fakebr_train_3825,proxima acontecera depoimento podera derrubar lula sabe disso,fake,train
fakebr_train_3826,delcidio diz dilma participacao efetiva nomeacao nestor cervero,fake,train
fakebr_train_3827,"Mãe abandonou o filho na escola, dizendo que não queria a criança.",fake,train
fakebr_train_3828,"Segundo sharp, a revelação é que o projeto mineracao oceanica era falso, e a CIA bolou o Projeto Azorian para resgatar submarino sovietico sob a cortina de uma expedicao de mineracao.",true,train
fakebr_train_3829,trump fez outro comentario sobre temer.,fake,train
fakebr_train_3830,"Marcelo Silva Azevedo, genro, é acusado de feminicídio contra Laniele Santos, balconista, e está preso preventivamente.",true,train
fakebr_train_3831,Planilhas tornadas publicas citam centenas politicos com nomes cargos partidos valores apelidos politicos e investigadores querem saber valores referem doacoes eleitorais oficiais propina.,fake,train
fakebr_train_3832,eletricista jardel francisco lima ribeiro seguia alta velocidade atravessou rotatoria matou porteiro carlos antonio rocha,true,train
fakebr_train_3833,"PF comprovou que Lula comandou e supervisionou a reforma ocorrida no sítio Santa Bárbara, em Atibaia.",fake,train
fakebr_train_3834,lula autodeclara inocente,fake,train
fakebr_train_3835,pt protagonizou governo corrupto historia mundo,fake,train
fakebr_train_3836,"carnaval recife anuncia programacao, festa totalmente gratuita",true,train
fakebr_train_3837,lobao pode mudar relator pec fim foro privilegiado.,fake,train
fakebr_train_3838,homossexuais desistem esquerda comecam apoiar bolsonaro,fake,train
fakebr_train_3839,docinho bonitinho colorido feito partir porcos porquinho nao abatido exclusivamente fazer jujubinhas claro outras partes animal carne tambem sao aproveitadas,fake,train
fakebr_train_3840,industria crime sustentada governo pt,fake,train
fakebr_train_3841,"Ingrid Guimarães fez piada sobre Bolsonaro e foi atacada nas redes com ameaças; a postagem causou polêmica e a atriz ficou assustada, com apoiadores de Bolsonaro deixando comentários ofensivos.",fake,train
fakebr_train_3842,lula declarou juiz sergio moro operacao lava jato,true,train
fakebr_train_3843,classico terror exorcista retorna cinemas pais longa pode ser visto neste sabado domingo,true,train
fakebr_train_3844,"Dilma Rousseff mandou a ABIN monitorar Sergio Moro e, com Lula preso antes de ser nomeado ministro para obter o foro privilegiado, publicou decreto extraordinário no Diário Oficial efetivando a nomeação de Lula para a Casa Civil; o juiz resolveu quebrar o sigilo do processo para dar publicidade ao fato.",fake,train
fakebr_train_3845,justica federal distrito federal recebeu denuncia contra luiz inacio lula silva delcidio amaral e outros cinco acusados por tentativa obstruir operacao lava jato; lula virou reu e a denuncia foi aceita.,true,train
fakebr_train_3846,Desempregados venezuelanos ocupam prédios públicos abandonados em Boa Vista.,true,train
fakebr_train_3847,Palocci delatou que Guido Mantega repassava informações privilegiadas ao mercado financeiro sobre operações de juros e mudanças cambiais.,fake,train
fakebr_train_3848,rombo contas publicas alarga julho deficit primario pior mes anos,true,train
fakebr_train_3849,Delacao conta que Tiririca foi convidado para fazer parte da bancada missao barrar cpi petrobras e que ofereceram r mil para ele votar contra a instauracao da cpi.,fake,train
fakebr_train_3850,Invocar dispositivos leis descoladas tempos atuais apos ganhos institucionais decorrentes constitucao distorce significado institutos juridicos conveniencia poe risco necessaria confianca sociedade depositar instituicoes sistema justica.,true,train
fakebr_train_3851,sao improcedentes inveridicas afirmacoes empresario dilma rousseff jamais tratou solicitou qualquer empresario terceiros doacoes pagamentos financiamentos ilegais campanhas eleitorais tanto quanto si quaisquer outros candidatos dilma rousseff jamais contas exterior nunca autorizou nome terceiros abertura empresas paraisos fiscais reitera jamais autorizou quaisquer outras pessoas vez dilma rousseff rejeita delacoes provas indicios verdade vira tona assessoria imprensa dilma rousseff,true,train
fakebr_train_3852,imprevisibilidade ajuda trump fazer ninguem fez presidente enfrentara kim,true,train
fakebr_train_3853,"O juiz federal Sergio Moro sequestrou o patrimônio de Eduardo Cunha, incluindo três imóveis no Rio de Janeiro, na operação Lava Jato.",true,train
fakebr_train_3854,teste misseis coreia norte ocorre apos seul adiar instalacao sistema antimisseis,true,train
fakebr_train_3855,Ação Lava Jato apura recebimento de propina da Odebrecht envolvendo imóveis destinados ao Instituto Lula.,true,train
fakebr_train_3856,O piloto da aeronave interceptada com cocaína afirmou estar arrependido de ter transportado cocaína.,true,train
fakebr_train_3857,Projeto lei obriga presos pagar estadia presidios brasil.,fake,train
fakebr_train_3858,Gilmar Mendes defendeu a adoção do parlamentarismo como forma de solucionar crises políticas brasileiras.,true,train
fakebr_train_3859,lula sera ouvido moro segunda vez,true,train
fakebr_train_3860,todas contas estao corretamente declaradas,fake,train
fakebr_train_3861,maranhao feriu inciso iv artigo camara deputados define art constitui procedimento incompativel decoro parlamentar punivel perda mandato,fake,train
fakebr_train_3862,indios etnia kayapo receberam indenizacao r milhoes gol linhas aereas,fake,train
fakebr_train_3863,Desembargador negou pedido da defesa de Lula de destruir as conversas obtidas por meio de grampos telefônicos no escritório de advogados.,true,train
fakebr_train_3864,PSDB elege Geraldo Alckmin presidente nacional do partido durante convencao nacional brasilia.,true,train
fakebr_train_3865,exercito recebe ordem posiciona todo brasil aguardando solicitacao exercito acionado podera agir,fake,train
fakebr_train_3866,stf decidiu afastar aecio neves do mandato e determinou recolhimento domiciliar noturno,true,train
fakebr_train_3867,Renan autorizou a compra de equipamentos eletrônicos para obstruir o trabalho da Polícia Federal.,fake,train
fakebr_train_3868,portanto situacao cidade cabo apenas ponta iceberg todos continentes grandes centros urbanos enfrentam escassez,true,train
fakebr_train_3869,"Casos reais de violência doméstica viram contos no livro Invisiveis Marias, da juíza Rejane Jungbluth Suxberger, que será lançado em breve.",true,train
fakebr_train_3870,senhora corre atras eduardo cunha aeroporto santos dumont rj; cunha foi hostilizado por pessoas gritos ladrao.,fake,train
fakebr_train_3871,gilmar mendes hostilizado europa,fake,train
fakebr_train_3872,microcefalia nao microencefalia,fake,train
fakebr_train_3873,homem preso arsenal brasilia segundo pm queria matar dilma explodir congresso,fake,train
fakebr_train_3874,crime nao vencera justica decepcao nao pode vencer,true,train
fakebr_train_3875,Condenada devolver r milhao cofres publicos ate dia janeiro,fake,train
fakebr_train_3876,"deputado desabafou que a politica brasileira é corrompida, independente de partido ideologia ou modelo de gestão, governo lixo e gestão corrupta, que visa distribuir cargos publicos para apoderar o patrimonio publico e proteger corruptos; a população já não suporta sustentar o monstro sanguessuga chamado estado, enquanto houve liberação de caminhao dinheiro via emendas nas últimas semanas para salvar o presidente.",fake,train
fakebr_train_3877,ditador pedofilo genocida doou us milhao campanha lula segundo palocci revista veja deste fim semana,fake,train
fakebr_train_3878,fraude indecente anulacao processo impeachment camara escrita jose eduardo cardozo,fake,train
fakebr_train_3879,thomas thwaltes recebeu premio ig nobel satira,fake,train
fakebr_train_3880,empresario joesley batista preso pedido procuradoria geral republica pgr ser acusado quebrar acordo delacao premiada,true,train
fakebr_train_3881,militares apoiar temer apos queda dilma,fake,train
fakebr_train_3882,Temer tenta acelerar depoimentos; investigações obedecem tempo proprio independente agenda politica; as delacoes da Odebrecht irao mostrar a verdadeira face dos corruptos que administram o pais.,fake,train
fakebr_train_3883,sao participantes desta edicao reality show,true,train
fakebr_train_3884,"Coreia do Norte diz reforcara armas nucleares em resposta aos EUA e reagira a qualquer tentativa guerra total, reforcarao medidas dissuasao nuclear autodefesa todas formas possiveis.",true,train
fakebr_train_3885,promessa donald trump comeca tornar realidade,fake,train
fakebr_train_3886,atriz americana jessica alba tira selfie; vulto bizarro aparece na foto assustando seguidores; varios usuarios especularam sobre fantasma espelho.,fake,train
fakebr_train_3887,Damiao Soares Santos ateou fogo na creche provocando a morte de sete crianças e de uma professora.,true,train
fakebr_train_3888,pl vem ajudar classe politica praticar crimes,fake,train
fakebr_train_3889,Senador delcidio amaral pt preso tentar interferir operacao policia federal juiz sergio moro,true,train
fakebr_train_3890,lava jato completa quatro anos neste sabado,true,train
fakebr_train_3891,suposta invasao pm nao bem invasao; acordo governo faccoes dentro alcacuz; presos serao retirados transferidos; pertencem faccao possui maior numero integrantes dentro alcacuz; nao disse nome faccao.,fake,train
fakebr_train_3892,Ação pede cassação do mandato da presidente Dilma Rousseff e do vice Michel Temer no TSE.,fake,train
fakebr_train_3893,cristina mautoni estaria sendo submetida pressoes psicologicas,fake,train
fakebr_train_3894,"Vazou depoimento de Lula prestado hoje em Brasília, mantido em sigilo, relacionado às investigações da Lava Jato.",fake,train
fakebr_train_3895,camila pitanga celebra triunfo codiretora documentario,true,train
fakebr_train_3896,presidente eletrobras flagrado gravacao onde disse parte empregados estatal sao vagabundos,fake,train
fakebr_train_3897,filho ciro gomes baleado tentativa assalto proximo praia iracema fortaleza,fake,train
fakebr_train_3898,"Cortes no orçamento da ciência e tecnologia geram exodo de cérebros, congelam pesquisas e vão penalizar o Brasil por décadas.",true,train
fakebr_train_3899,Lula pretende voltar presidencia Brasil possivelmente sera representador oficial legenda pt.,fake,train
fakebr_train_3900,nunca antes historia desse pais lula dilma isolam politicamente pobres almas,fake,train
fakebr_train_3901,Mercosul suspende direitos politicos venezuela ruptura ordem democratica decisao aprovada unanimidade anunciada neste sabado apos reuniao,true,train
fakebr_train_3902,preservar patrimonio tao grande torna desafio governantes moradores,true,train
fakebr_train_3903,anonymous divulgou dados ministro ciencia tecnologia gilberto kassab,fake,train
fakebr_train_3904,Henrique Eduardo Alves poderá deixar o ministério nos próximos dias.,fake,train
fakebr_train_3905,leandro oliveira compositor regente orquestra doutorando educacao arte historia cultura universidade presbiteriana mackenzie anfitriao projeto falando musica osesp,true,train
fakebr_train_3906,talia jane escreveu uma carta aberta reclamando que o salario era inadequado para pagar as contas e foi dispensada.,fake,train
fakebr_train_3907,tempestade perfeita composta problemas tanto politica economia ponha risco mandato temer,true,train
fakebr_train_3908,total homicidios nove dias motim ja superou registrado durante todo mes fevereiro ano passado segundo sindicato,true,train
fakebr_train_3909,"Temer aprovou lei acaba fgts todos trabalhadores e sancionou terceirizacao, aprovacao permite contratacao servico terceirizado qualquer tipo atividade empresa.",fake,train
fakebr_train_3910,pastor humilhou paralitico durante culto,fake,train
fakebr_train_3911,tiririca renuncia mandato de deputado federal,fake,train
fakebr_train_3912,lula nao possuir curso superior nao interfere definicao possivel local prisao,true,train
fakebr_train_3913,"Cunha vai delatar e tem um vasto banco de dados que pode ser usado para destruir grande parte dos inimigos, contendo informações sobre doações recebidas pelos deputados e sobre a contabilidade de gastos com dinheiro público, podendo desencadear uma limpeza de políticos corruptos.",fake,train
fakebr_train_3914,caiado enquadra lindbergh salivando pupilas dilatadas deveriam fazer antidoping aqui,fake,train
fakebr_train_3915,andres diz corinthians quebrado,true,train
fakebr_train_3916,"Concessionária BMW negou entregar a nota fiscal do veículo adquirido em nome de ghabriela cruz, enteada de eduardo cunha, alegando quebra de sigilo, após pedido da Polícia Federal.",fake,train
fakebr_train_3917,"Temer anunciou que o governo vai liberar o saque de contas inativas do FGTS, sem limite, até dezembro, com cronograma de saque a ser divulgado até fevereiro levando em conta a data de nascimento.",true,train
fakebr_train_3918,militantes expulsam rede globo velorio marisa leticia,fake,train
fakebr_train_3919,vandalismo deputados governistas quebram urnas obstruir votacao comissao impeachment sera formada para decidir continuidade arquivamento processo impeachment,fake,train
fakebr_train_3920,feira nacional podrao nao sera realizada dias programado inicialmente sim dias marco segundo organizadores,true,train
fakebr_train_3921,dilma infelizmente sabia uso recursos nao contabilizados campanha sentia chantageada,true,train
fakebr_train_3922,lodi nao considerou impeachment golpe,fake,train
fakebr_train_3923,oposicao pede saida temer eleicao direta,true,train
fakebr_train_3924,arte gera confianca capazes transformar mundo,true,train
fakebr_train_3925,Conspiracao contra justica organizada por advogados e o senador aecio neves para desmoralizar a operacao e atacar o juiz moro.,fake,train
fakebr_train_3926,coreia norte lancou hoje dois misseis curto alcance litoral leste,fake,train
fakebr_train_3927,"Jorge Picciani, Paulo Melo e Edson Albertassi, deputados da Alerj, foram presos pela Polícia Federal após a Justiça decretar prisao imediata, sendo tres parlamentares suspeitos de usar cargos para corrupcao e lavagem dinheiro.",true,train
fakebr_train_3928,Dois políticos envolvidos nos maiores escândalos de corrupção apareceram para defender Dilma e declararam publicamente serem contrários ao impeachment.,fake,train
fakebr_train_3929,dilma usa agencia estatal sustentada dinheiro publico espionar vice michel temer,fake,train
fakebr_train_3930,assessor pessoal dilma rousseff anderson dorneles pediu demissao cargo,fake,train
fakebr_train_3931,nao incentivar meninas serem cientistas desperdicio cerebros podera comprometer sociedades economias futuro proximo,true,train
fakebr_train_3932,"Lacovara acredita que a pedreira mantua em New Jersey pode ser um cemitério da extinção em massa que eliminou dinossauros, com uma camada que contém grande variedade de fósseis e pode ser única coleção conhecida de restos animais remonta extinção, embora seja apenas uma hipótese e difícil de provar.",true,train
fakebr_train_3933,dem lanca rodrigo maia presidencia republica,true,train
fakebr_train_3934,japao preparando evacuar dezenas milhares cidadaos peninsula coreana apos lancamento missil nuclear ocorrido ontem.,fake,train
fakebr_train_3935,Caso inedito de mergulhador cujo corpo comecou inchar inexplicavelmente agora investigam decorrente mal congenito sequela desconhecida deste tipo.,true,train
fakebr_train_3936,"Coreia do Norte estaria envolvida em ataque biologico, descobriu pandemia virus mortal, recusando ajuda externa e mantendo tudo sob sigilo, Kim ordenou que o pais lutasse sozinho contra o surto.",fake,train
fakebr_train_3937,"CVM aponta desvio de bilhões de reais de fundos pensão; PF deflagra a operação Greenfield para investigar rombo que pode chegar a bilhões envolvendo quatro maiores fundos de pensão do país — Funcef, Postalis, Petros e Previ — com quatro núcleos distintos atuando como organização criminosa; detalhes da operação Greenfield ficarão sob sigilo até esta determinação judicial.",fake,train
fakebr_train_3938,"Relato de um jovem colombiano abusado sexualmente por um padre católico, que pede justiça e ação da Igreja, incluindo o Papa Francisco.",true,train
fakebr_train_3939,"Nora Ronai, nascida na Itália, judia, sobrevivente do nazismo, tornou‑se campeã mundial de natação.",true,train
fakebr_train_3940,aviao bombardier caiu lado leste pista aeroporto tribhuvan,true,train
fakebr_train_3941,jornal hoje mostra marido gleisi hoffmann joao vaccari dividiam propinas,fake,train
fakebr_train_3942,proximo ano sera regido orixa exu,true,train
fakebr_train_3943,Senado aprovou medida provisória que garante direito foro privilegiado para Moreira Franco.,true,train
fakebr_train_3944,prisao guido mantega arbitraria desumana desnecessaria,true,train
fakebr_train_3945,"Polícia Federal prendeu no campus Cornélio Procópio da UTFPR Devanil Antonio Francisco sob suspeita de enriquecimento ilícito, principal alvo da Operação Bis, que investiga desvios milionários nos cofres da universidade por meio de fraudes em licitações e contratos de prestação de serviços.",true,train
fakebr_train_3946,denunciado corrupcao temer,true,train
fakebr_train_3947,whatsapp destruindo vida,fake,train
fakebr_train_3948,"cadastro nacional estacoes moveis impedidas bloqueia aparelhos roubados, furtados ou extraviados, com milhões de aparelhos bloqueados, adesao de quase todo o pais, permitindo registro direto por policias e consulta imei antes de comprar equipamento usado.",fake,train
fakebr_train_3949,"Durante o protesto contra a PEC teto de gastos, houve depredação de prédios da Esplanada dos Ministérios e confronto com a Polícia Militar.",true,train
fakebr_train_3950,inspiracao empreender pode vir necessidade pessoal identificacao oportunidade forte experiencia vida,true,train
fakebr_train_3951,ha hipotese principal envenenamento,fake,train
fakebr_train_3952,bolsonaro define ciro dias temer novos alvos possibilidade lula ficar inelegivel segundo lei ficha limpa,true,train
fakebr_train_3953,aecio neves cuspiu cara metade eleitores brasileiros,true,train
fakebr_train_3954,duas acoes podem levar stf rever entendimento,true,train
fakebr_train_3955,foto nova namorada willian bonner vaza internet,fake,train
fakebr_train_3956,Lula pode ficar impedido de candidatar devido a condenação criminal transitada julgado.,fake,train
fakebr_train_3957,"Marcelo Odebrecht disse depoimento ao TSE que houve doações de campanha com caixa dois, incluindo repasses para Dilma Rousseff e para Aécio Neves, não esclareceu a origem nem quanto desse valor era caixa dois, e afirmou que havia dinheiro à disposição do PT.",true,train
fakebr_train_3958,STF decide excluir ICMS da base de cálculo do PIS/COFINS; a maioria dos ministros concluiu que ICMS não compõe faturamento/receita bruta das empresas.,true,train
fakebr_train_3959,advogado lula tenta tumultuar audiencia,fake,train
fakebr_train_3960,A tentativa de censura da internet por meio de emenda ao processo eleitoral proposta pelo deputado aureo ameaça a liberdade imprensa e a liberdade expressao.,true,train
fakebr_train_3961,oab quer cassar bolsonaro,fake,train
fakebr_train_3962,Promotoria pede prisao preventiva contra luiz inacio lula silva.,true,train
fakebr_train_3963,filhos irao aprender trabalhar diferente,fake,train
fakebr_train_3964,"pf diz fez fases lava jato para otimizar recursos, nao houve restricoes orcamentarias, havia dinheiro, duas fases poderiam ter ocorrido dias diferentes, e pf optou usar os mesmos agentes.",true,train
fakebr_train_3965,principais metas dessa conferencia sera finalizacao livro regras comecou ser delineado acordo paris detalhamento chegar cumprimento compromissos manter aquecimento planeta niveis menores livro sera norteado algumas questoes primordiais,true,train
fakebr_train_3966,PGR analisa acao para proibir policia federal negociar delacoes premiadas.,true,train
fakebr_train_3967,ministro supremo tribunal federal stf edson fachin determinou arquivamento inquerito investigava lider governo senado romero juca senador renan calheiros jose sarney transpetro sergio machado supostamente terem atuado obstruir operacao lava jato,true,train
fakebr_train_3968,"Defesa de Lula pediu ao STF para suspender temporariamente as duas investigações, alegando conflito de atribuições entre o Ministério Público e a Lava Jato.",fake,train
fakebr_train_3969,impeachment continua,fake,train
fakebr_train_3970,lula piada pronta sugeriu rodrigo janot investigue juiz federal sergio moro,fake,train
fakebr_train_3971,globo dispensa diretor domingao faustao,fake,train
fakebr_train_3972,video sp manifestante chega perto dilma grita zica inferno,fake,train
fakebr_train_3973,The Mirror informou video verdadeiro de suposta possessao demoníaca durante videochamada.,fake,train
fakebr_train_3974,possivel anulacao delacao nao invalida provas produzidas base nela,true,train
fakebr_train_3975,Habilidades devem ser levadas consideracao diplomas hora contratar profissionais; diploma nao garante sucesso.,true,train
fakebr_train_3976,ministra stf manda dilma explicar sobre termo golpe vem usando discursos publicos,fake,train
fakebr_train_3977,proximo alvo trump china nao apoiar invadiremos coreia norte sozinhos,fake,train
fakebr_train_3978,ministro dilma chamado ladrao safado restaurante clientes local aplaudiram,fake,train
fakebr_train_3979,aviao caiu durante resgate,fake,train
fakebr_train_3980,chico xavier previu terceira guerra mundial destacou papel brasil havera conflito nuclear proporcoes mundiais onde consequencias serao devastadoras,fake,train
fakebr_train_3981,forcas armadas irao intervir,fake,train
fakebr_train_3982,"Blogueiro Leonardo Attuch recebia dinheiro proveniente de propina, segundo delação envolvendo escândalos de corrupção da Petrobras e do PT.",fake,train
fakebr_train_3983,"Trump critica a cobertura da reforma tributária pela imprensa americana, qualificando-a difamatória e lançando novos ataques contra os meios de comunicação.",true,train
fakebr_train_3984,"milhoes brasileiros estao contas atrasadas; a inadimplencia atingiu milhoes brasileiros, maior resultado desde serasa experian passou fazer levantamento",fake,train
fakebr_train_3985,john travolta irreconhecivel apos participar rituais cientologia ha anos,fake,train
fakebr_train_3986,dilma pressa quer acabar martirio voltar pra casa,fake,train
fakebr_train_3987,"Dois beneficiários da tolerância da Segunda Turma do STF — José Carlos Bumlai e João Cláudio Janu — são figuras da elite política instalada no Planalto, envolvidos em um esquema de corrupção, e a Corte mantém a impunidade reinante no Brasil.",true,train
fakebr_train_3988,colombiano sobreviveu tragedia aerea diz salvou porque seguiu protocolo seguranca,fake,train
fakebr_train_3989,"Otto Warmbier, estudante americano, ficou preso na Coreia do Norte e morreu nos Estados Unidos.",true,train
fakebr_train_3990,artistas unem contra michel temer classe artistica promete bater frente lutar contra extincao ministerio cultura,fake,train
fakebr_train_3991,"A Lava Jato revelou esquemas de corrupção envolvendo a Petrobras e outras esferas da administração pública, abrindo várias frentes investigativas, com condenações e denúncias, além de apontar blindagem de deputados e senadores.",true,train
fakebr_train_3992,bispo pede uniao catolicos evangelicos outras religioes abandonem globo tv demonio,fake,train
fakebr_train_3993,neurocirurgiao harvard coma sobrevive confirma ha vida apos morte eben alexander explica paraiso existe,fake,train
fakebr_train_3994,"Conselheiro tutelar Abraao Fernandes protocolou pedido de providências ao Ministério Público Federal pedindo apuração da conduta da escola em relação à drag queen durante a visita ao Joao XXIII, alegando desrespeito ao Estatuto da Criança e do Adolescente (ECA) e ao Plano Municipal de Educação.",true,train
fakebr_train_3995,durante depoimento lula tera opcao faltar verdade; legislacao brasileira permite acusado juizo possa mentir nao ha crime falso testemunho durante oitiva,fake,train
fakebr_train_3996,movimento mulheres negras atacaram varias pessoas participando acampamento,fake,train
fakebr_train_3997,pf conclui inquerito nao ve crime obstrucao,true,train
fakebr_train_3998,ensino medio pouco conteudo capacite jovens,true,train
fakebr_train_3999,presidente camara reforca seguranca apos ameacas morte,fake,train
fakebr_train_4000,bolsonaro chega belem multidao ovaciona deputado,fake,train
fakebr_train_4001,marcos valerio fara nova delacao premiada,fake,train
fakebr_train_4002,moro confirma novo depoimento duque,fake,train
fakebr_train_4003,juiz aumentou pensao,fake,train
fakebr_train_4004,campeao thiago braz conquistou titulo inedito brasil salto vara,fake,train
fakebr_train_4005,defesa lula ira onu denunciar moro reclamar persegicao cerceamento direito defesa,true,train
fakebr_train_4006,conclusao pagamento final destoa habitual obra palma,true,train
fakebr_train_4007,presidente michel temer anunciou criacao ministerio seguranca publica,true,train
fakebr_train_4008,entrada graca democratizou flip segundo organizacao negras,true,train
fakebr_train_4009,walter gomes sera submetido cirurgia correcao desvio septo,true,train
fakebr_train_4010,briga egos prejudica direita,true,train
fakebr_train_4011,dilma nao fara pronunciamento nacao hoje,fake,train
fakebr_train_4012,Conheça candidatos declarados à presidência do Senado: Eunício Oliveira e José Medeiros afirmaram entrar na disputa; inscrições de candidatos são aceitas até antes da votação marcada nesta quarta.,true,train
fakebr_train_4013,"Bradesco lançou o Inovabra Habitat, espaço de inovação compartilhada em São Paulo, para reunir startups, grandes empresas, fornecedores de tecnologia, investidores, acadêmicos e consultores, com o objetivo de incentivar o desenvolvimento de novas tecnologias e transformar negócios.",true,train
fakebr_train_4014,psdb nunca embarcou governo michel temer,true,train
fakebr_train_4015,"Moro determinou bloqueio de bens de Lula, incluindo aposentadoria, lucros dividendos expressivos recebidos pessoas juridicas, bloqueio de r mil contas bancarias cerca r milhoes depositados dois planos previdencia privada, para garantir reparação de danos decorrentes do crime.",true,train
fakebr_train_4016,deputado estadual pinduca ferreira nao sabe ler nao conseguiu ler o discurso posse,fake,train
fakebr_train_4017,mae cantor victor vai ate delegacia fazer contra nora poliana fez exame corpo delito hoje,fake,train
fakebr_train_4018,"Tribunal federal negou dois habeas corpus da defesa de Lula pedindo suspensão do processo sobre o triplex do Guarujá; as decisões foram tomadas por três desembargadores federais: Joao Pedro Gebran Neto, Leandro Paulsen e Victor Luiz Santos Laus.",true,train
fakebr_train_4019,missil sobrevoa japao eleva risco guerra leste asia,true,train
fakebr_train_4020,lula desafia justica ataca bolsonaro chama sergio moro surdo,fake,train
fakebr_train_4021,deputados estao duvida sobre autorizar nao abertura processo contra michel temer dizem vao tomar decisao ouvir defesa,true,train
fakebr_train_4022,morre jornalista toninho drummond fundador afiliada globo araxa internado brasilia pneumonia infeccao rins falencia multiplos orgaos corpo sera cremado,true,train
fakebr_train_4023,estado islamico publicou hoje comunicado assumiu autoria serie atentados deixaram mortos paris,fake,train
fakebr_train_4024,dilma confessa sabia toda palhacada aprontada presidente exercicio camara,fake,train
fakebr_train_4025,lider governo recebido vaias chuva dinheiro aeroporto fortaleza grupo tentou abordar jose guimaraes sob gritos ladrao,true,train
fakebr_train_4026,Aldemir bendine preso ontem condominio luxo sorocaba interior sao paulo cumprimento operacao cobra fase lava jato,true,train
fakebr_train_4027,havera nova eleicao geral pais,fake,train
fakebr_train_4028,a governadora de Roraima nomeou parentes para cargos de confiança.,fake,train
fakebr_train_4029,Cristiane Brasil nega enfaticamente ter recebido valores ilícitos.,true,train
fakebr_train_4030,Lula pode ser preso a qualquer momento.,fake,train
fakebr_train_4031,segunda turma supremo tribunal federal aceitou maioria dois votos pedido habeas corpus solicitado defesa deputado jorge picciani mdb autorizou transferencia cadeia benfica rj prisao domiciliar questoes saude,true,train
fakebr_train_4032,presidente camara podera dar andamento impeachment temer,fake,train
fakebr_train_4033,ciro gomes disse michel temer tenta eximir responsabilidades criticou alianca feita presidente dilma rousseff,fake,train
fakebr_train_4034,fernando henrique cardoso pediu ajuda empreiteira campanhas eleitorais,true,train
fakebr_train_4035,vamos livrar brasil dessa quadrilha,fake,train
fakebr_train_4036,"Ricardo Pessoa, dono da UTC, presenteava Lula com cachaça reserva especial e mantinha Lula na lista de autoridades a quem enviava presentes em ocasiões especiais, segundo delação premiada.",fake,train
fakebr_train_4037,coreia norte prometeu detonar sexta bomba nuclear,fake,train
fakebr_train_4038,Caso de abandono de animal envolvendo um cão que correu atrás de um carro em Bauru está sendo investigado pela policia.,true,train
fakebr_train_4039,Homem contratado matar mulher arrepende crime e acabou esfaqueado.,true,train
fakebr_train_4040,ninguem tao grande nao possa aprender tao pequeno nao possa ensinar,fake,train
fakebr_train_4041,coreia norte ameaca retaliar eua sancoes apos trump afirmar estar preparado agir sozinho contra pyongyang,true,train
fakebr_train_4042,Crise economica venezuela provocando corrida venezuelanos cidade pacaraima norte roraima cidade fica fronteira venezuela centenas pessoas chegam diariamente buscam comida remedios.,fake,train
fakebr_train_4043,"Existe possibilidade pequena da febre amarela voltar ser doenca urbana, dizem especialistas.",true,train
fakebr_train_4044,temer articulando candidatura doria presidente,fake,train
fakebr_train_4045,"Temer recebeu audiências com seis presidentes na abertura do Fórum Mundial da Água, em Brasília.",true,train
fakebr_train_4046,estados unidos pedem russia mantenha canal comunicacao aberto linha comunicacao dois paises tratar conflito siria,true,train
fakebr_train_4047,lava jato serviu modelo dezenas operacoes pais afora,true,train
fakebr_train_4048,"profecia de baba vanga prevê guerra síria, europa devastada, trump destruindo a economia EUA.",fake,train
fakebr_train_4049,"Protect and Survive Monthly (PSM) era uma revista britânica independente cujo objetivo era ensinar pessoas a sobreviver quase impensavel guerra nuclear, com instruções sobre construção de abrigos e defesa civil.",true,train
fakebr_train_4050,renan confirma fim foro privilegiado nao sera votado ano ainda,fake,train
fakebr_train_4051,Escolas da região metropolitana de Campinas (RMC) não possuem dependências acessíveis para pessoas com deficiência.,true,train
fakebr_train_4052,lula passa limites petista lider sedicioso incitando desobediencia civil,true,train
fakebr_train_4053,A Força Aérea dos EUA enviará dois bombardeiros para a Coreia do Sul ainda nesta semana.,fake,train
fakebr_train_4054,"o deputado petista jose guimaraes iria receber propina e intermediar financiamento com dolares cueca guardados em maleta apreendidos, porem livrou lider governo processo sob argumento nao havia elementos ligassem deputado dinheiro apreendido.",fake,train
fakebr_train_4055,"Escritório de advocacia Demarest Almeida contratou show com dinheiro fraudado pela Lei Rouanet, apontado pela Polícia Federal na Operação Boca Livre como uso indevido de financiamento.",fake,train
fakebr_train_4056,"Denúncia formal apresentada contra o deputado estadual Fernando Capez, PSDB, aponta propina e envolvimento em esquema da ""mafia da merenda"" com superfaturamento de suco de laranja para a Secretaria de Educação do Estado de São Paulo, por meio da Cooperativa Orgânica Agrícola Familiar, na Operação Alba Branca.",true,train
fakebr_train_4057,"Hoje a fotografia é uma profissão em reinvenção diante da crise econômica e da mudança de mídia (principalmente o instagram), exigindo produção multimidia e adaptação a uma concorrência com várias midias.",true,train
fakebr_train_4058,eneas fhc vendeu vale rio doce george soros imprensa podre nao mostrou,fake,train
fakebr_train_4059,"Perícia da policia federal encontrou destruicao dados em discos rigidos e dois pendrives, com a principal funcionalidade de sobrescrever arquivos com dados aleatorios para destruir conteudo e impedir leitura de dados previamente existentes.",true,train
fakebr_train_4060,apos quebrar petrobras dilma acabando cef caixa economica federal registou queda lucro liquido durante meses ano passado,fake,train
fakebr_train_4061,quadrilha impos sistema judiciario nacional consequencia estado democratico direito historia republica nao devia ficar assim,true,train
fakebr_train_4062,temer pretende cobrar imposto igrejas,fake,train
fakebr_train_4063,"Brasil extraditou foragidos da justiça de outros países nos últimos dois anos, com atuação efetiva da cooperação jurídica internacional e da autoridade central Secretaria Nacional de Justiça, segundo dados divulgados pelo Departamento Recuperacao de Ativos.",true,train
fakebr_train_4064,porem brasil enfrentar decadencia notoria cenario atual mma,true,train
fakebr_train_4065,possivel fazer policiamento ignorando varejo drogas focando homicidios,true,train
fakebr_train_4066,magno malta defende criacao cpi ministerio cultura,fake,train
fakebr_train_4067,"investigadores suspeitam que a fortuna encontrada no apartamento salvador tenha origem em propinas vindas pmdb, construtora odebrecht e operador lucio funaro.",true,train
fakebr_train_4068,alega agredido dentro cela,fake,train
fakebr_train_4069,Cunha ja avisou nao vou sozinho vou carregar muita gente comigo arrastar muitos congressistas.,fake,train
fakebr_train_4070,execucao praca publica nao sao melhores formas resolver politica,fake,train
fakebr_train_4071,"Paradigm é uma clínica em São Francisco que interna jovens para tratamento de dependência de internet, oferecendo instalações luxuosas e prometendo reconfigurar mentes para desconectar das telas e reconectar com a família.",true,train
fakebr_train_4072,governo dilma bancou festa r milhao wesley safadao,fake,train
fakebr_train_4073,psiquiatra emite diagnostico lula personalidade psicopatica transtorno incuravel,fake,train
fakebr_train_4074,homens relatam maiores frequencias ejaculatorias idade adulta menos propensos serem posteriormente diagnosticados cancer prostata,fake,train
fakebr_train_4075,tal fundo r bilhoes financiamento eleitoral deve sobrecarregar fiscalizacao ainda assim medida pode ser implantada,true,train
fakebr_train_4076,investigacao descobre funcionarios fantasmas governo dilma recebiam trabalhar,fake,train
fakebr_train_4077,"Yang promove a ideia de renda basica universal (UBI), o dividendo liberdade, com um pagamento mensal para todos os americanos independentemente de renda ou emprego, até aproximadamente linha pobreza, financiado por imposto sobre valor agregado cobranca baseada consumo.",true,train
fakebr_train_4078,renan afirmou dois nao discutiram reajuste,fake,train
fakebr_train_4079,magrini declarou nao so aqui globo acontece sempre assedio inclusive mulher cima homem nesse caso deve ter acontecido assedio sim,fake,train
fakebr_train_4080,apos sofrer principio avc barrichello continua internado; declarou nao necessaria intervencao cirurgica; situacao estavel.,fake,train
fakebr_train_4081,deputado psdb propoe lei obrigar entregas rapidas pizzas sanduiches todas empresas atuam ramo goias poderao ser obrigadas entregar alimentos domicilio prazo maximo minutos,fake,train
fakebr_train_4082,"Proposta de assembleia constituinte na Venezuela é fraudulenta e inconstitucional, segundo a OEA.",true,train
fakebr_train_4083,nenhum homem ilha isolada,true,train
fakebr_train_4084,Relator Roberto Requião apresentou parecer final favorável ao texto que endurece punições para autoridades que cometem abuso de autoridade; Moro afirmou que a redação não configura crime abuso de autoridade e que a sugestão genérica aprovada daria liberdade total a magistrados e procuradores cometerem excessos.,true,train
fakebr_train_4085,psdb deve buscar pacificacao interna,true,train
fakebr_train_4086,lula preso vamos incendiar brasil,fake,train
fakebr_train_4087,"prefeito joao doria condena a performance suposto artista wagner schwartz museu arte moderna, afirma que a cena libidinosa impropria colocada publico fere estatuto crianca adolescente e deve ser imediatamente retirado",fake,train
fakebr_train_4088,gilmar mendes emocionou villela encontrado morto lado esposa empregada domestica ministro aposentado tse assassinado porteiro predio comparsa ambos condenados triplo homicidio furto qualificado,fake,train
fakebr_train_4089,documentos divulgados site wikileaks comprovam diplomacia eua monitorou negocios empreiteira brasileira odebrecht durante mandato lula,fake,train
fakebr_train_4090,"Fachin manda apurar divulgação da conversa entre jornalista Reinaldo Azevedo e Andrea Neves, irmã de Aécio Neves, interceptada dentro da Lava Jato.",true,train
fakebr_train_4091,petistas organizam churrasco triplex guaruja mil pessoas confirmaram presenca,fake,train
fakebr_train_4092,"A ANPR publicou carta aberta pedindo impedimento/suspeição do ministro Gilmar Mendes no STF, alegando proximidade com empresários e criticando seu comportamento, ressaltando que apenas o Supremo pode corrigir o ministro.",true,train
fakebr_train_4093,tiririca irrita camara detona reporter,fake,train
fakebr_train_4094,estadio manchester city inglaterra evacuado; evacuacao terminou; estadio agora seguro; todos retornado,fake,train
fakebr_train_4095,angela merkel donald trump fazem sinal secreto illuminati cupula chanceler alema angela merkel presidente eua donald trump estao despertando interesse teoricos conspiracao,fake,train
fakebr_train_4096,Forcas armadas deram recado dilma rousseff atraves alto comando exercito militares disseram nao hesitarao cumprir dever constitucional manutencao ordem nao sera permitido hipotese alguma lideres comunistas incentivem exercitos baderneiros promover quebradeira territorio nacional,fake,train
fakebr_train_4097,"Manifestantes tentaram invadir o Congresso Nacional em Brasília; a polícia interveio atirando bombas de gás, dispersando os manifestantes.",fake,train
fakebr_train_4098,"Intervenção federal no Rio de Janeiro por crise de segurança pública, com planos já definidos e decisão tomada pelo governo federal, envolvendo militares/forças armadas para enfrentar a violência, inclusive durante o carnaval.",true,train
fakebr_train_4099,"Coreia do Sul reage ao lançamento de mísseis bombardeia fronteira norte usando cacas ataque encomendado presidente Moon; Pyongyang disparou míssil que cruzou a ilha principal do Japão, Hokkaido.",fake,train
fakebr_train_4100,"Lula afirmou que vai ser candidato e que vai ganhar as eleições, minimizando a possibilidade de ser barrado pela Justiça.",true,train
fakebr_train_4101,boatos chegaram divulgar kajuru estaria morto,fake,train
fakebr_train_4102,ateu fotografa rosto deus nuvens senti arrepio paz interior imagem capturada,fake,train
fakebr_train_4103,Bruno Borges pode ter saido do estado; a Polícia Civil investiga a possibilidade e todas as linhas de investigação ainda são mantidas abertas; o secretário adjunto polícia Josémar Portes não confirma.,true,train
fakebr_train_4104,getulio vargas fundou petrobras lula afundou petrobras,fake,train
fakebr_train_4105,"Alckmin busca resgatar discurso tucano e intensifica programas voltados a eleitores de baixa renda mirando o voto petista, em cenário Lula governador, com eventual segundo turno.",true,train
fakebr_train_4106,"Facções criminosas, sobretudo o PCC, fortalecem-se e a violência avança pelas ruas, com massacres, decapitações e esquartejamentos, enquanto os presídios permanecem superlotados e com condições precárias.",true,train
fakebr_train_4107,pais inteiro volta crescer ancorado ajuste governo,true,train
fakebr_train_4108,Renan Calheiros é cotado para liderar a bancada do PMDB no Senado.,true,train
fakebr_train_4109,lula refugiou casa civil porque soube preso,fake,train
fakebr_train_4110,nunca vi tanta prova corrupcao campanha eleitoral tse querendo ignorar diante sociedade,fake,train
fakebr_train_4111,dilma entrou colapso nervoso precisou ser socorrida,fake,train
fakebr_train_4112,temer pressionou resolver caso geddel,fake,train
fakebr_train_4113,Conselho de Ética da Câmara rejeitou a suspensão e advertiu Jean Wyllys por cuspir em Jair Bolsonaro durante a votação do impeachment de Dilma Rousseff.,true,train
fakebr_train_4114,presidente xi jinping autoriza plano estrategico capturar kim,fake,train
fakebr_train_4115,fachin rejeita onyx lorenzoni contra renan calheiros.,true,train
fakebr_train_4116,supostas gravacoes estariam poder jogar popularidade michel temer,fake,train
fakebr_train_4117,Leandro oliveira compositor regente orquestra doutorando educacao arte historia cultura universidade presbiteriana mackenzie anfitriao projeto falando musica osesp,true,train
fakebr_train_4118,monica moura nao forjou provas contra dilma,fake,train
fakebr_train_4119,datafolha fez entrevistas novembro cidades margem erro dois pontos percentuais nao possivel comparar diretamente resultado desta pesquisa anterior realizada datafolha setembro naquele mes.,true,train
fakebr_train_4120,apos massacres temer discute crise presidios casa carmen lucia presidentes republica stf reuniram quase tres horas neste sabado segundo assessores trataram acoes conjuntas conter caos,true,train
fakebr_train_4121,marielle potencial ser deputada senadora presidente republica,true,train
fakebr_train_4122,febre amarela sao paulo virou area risco oms; oms recomenda vacina viajantes visitarem todo estado sao paulo,true,train
fakebr_train_4123,dilma diz quer representar brasil olimpiadas,fake,train
fakebr_train_4124,joao santana monica moura sao reus acao penal apura antonio palocci recebeu propina atuar favor odebrecht,true,train
fakebr_train_4125,catra acusado associacao trafico faz apologia maiores faccoes criminosas,fake,train
fakebr_train_4126,possivel ter pet trabalhar regularidade cachorrinho sozinho nao representa problema ambiente criativo treinador caes incentiva ensina tornar ambientes atrativos,true,train
fakebr_train_4127,Nova lei abuso autoridade inadequada voltada servidores publicos militares poderes legislativo judiciario ministerio publico tribunais conselhos contas devera ser votada proxima semana comissao constituicao justica cidadania senado ocorre momento inadequado pais alem disso configura clara retaliacao desdobramentos operacao lava jato.,true,train
fakebr_train_4128,A probabilidade de conflito é baixa.,true,train
fakebr_train_4129,escandalo abala confianca exercito alemao; caso tenente bundeswehr suspeito planejar ataques contra politicos levanta questoes sobre presenca extremismo direita forcas armadas; pesquisa deutschlandtrend/ard aponta queda expressiva na confianca dos alemaes no bundeswehr e na aprovacao da ministra Ursula von der Leyen.,true,train
fakebr_train_4130,"alexandre moraes foi indicado pelo presidente michel temer para a vaga no stf deixada pelo ministro teori zavascki, morto em acidente aereo.",true,train
fakebr_train_4131,primeiro deputado cassado quebra decoro parlamentar edmundo barreto pinto deixou fotografar smoking cueca,true,train
fakebr_train_4132,sergio moro recebe honraria universidade americana atuacao lava jato,true,train
fakebr_train_4133,Histórias polêmicas marcaram o ano na região Sul de Minas.,true,train
fakebr_train_4134,Pastor Caio Fabio afirmou que o ditador líbio Muammar Kadafi colocou à disposição Lula milhões de dólares para a campanha eleitoral.,fake,train
fakebr_train_4135,governo temer cancela entrada mil refugiados sirios brasil,fake,train
fakebr_train_4136,"Ministério Público Federal vai sustentar a condenação de Lula no caso do tríplex do Guarujá e pedir o aumento da pena na segunda instância, defendendo que houve corrupção e lavagem de dinheiro envolvendo contratos da Petrobras com a OAS/Odebrecht.",true,train
fakebr_train_4137,corrupcao ja tornou algo sistemico,fake,train
fakebr_train_4138,"advogados do lula sao bando lixo que destruíram vida; perdi emprego, perdi moradia.",fake,train
fakebr_train_4139,aqui estao principais noticias,true,train
fakebr_train_4140,joaquim barbosa cobrou investigacoes sobre morte theorie zavascki,fake,train
fakebr_train_4141,coreia norte anunciou hoje descobriu nova droga capaz curar nao so aids tambem virus ebola cancer,fake,train
fakebr_train_4142,"stf decidiu soltura dirceu, preso desde agosto",true,train
fakebr_train_4143,ator jose abreu atacou vaia dois dias apos morte sandro vaia e decidiu deletar perfil,fake,train
fakebr_train_4144,governo federal tenta criar anistia todos corruptos receberam dinheiro ilegal via caixa dois contam apoio maiorias congresso senado,fake,train
fakebr_train_4145,pf odebrecht pagou despesas campanha reeleicao presidente venezuela defunto ditador hugo chavez,fake,train
fakebr_train_4146,vazou carta pessoal; temer enviou dilma; passei anos,fake,train
fakebr_train_4147,associacao magistrados brasileiros divulga nota repudio contra peticao encaminhada lula comite direitos humanos onu,fake,train
fakebr_train_4148,filho flagrado dirigindo carro xingando policia,fake,train
fakebr_train_4149,mae vitima feminicidio faz alerta dia internacional mulher nao medo falar filha gabriela silva jesus morta necessario denunciar violencia.,true,train
fakebr_train_4150,sucesso afd comparavel ascensao nazistas diz historiador,true,train
fakebr_train_4151,Idoso morre apos ser baleado durante briga no distrito lagamar.,true,train
fakebr_train_4152,"Juiz federal do Paraná decretou hoje bloqueio de bens do presidente Eduardo Cunha, da esposa Claudia Cordeiro Cruz, três pessoas, e bens de empresas ligadas a cinco alvos, em decisão liminar; a ação investiga a Petrobras, compra direitos exploracao pocos petroleo, acordo mpf pagamento propina us milhoes destinados a Eduardo Cunha.",fake,train
fakebr_train_4153,"Relatório da Polícia Federal entregue ao STF mostra que o aparelho apreendido no apartamento do senador Aécio Neves, durante a operação Patmos, é bloqueador de sinal telefônico proibido pela Anatel, capaz de gerar ruído radiofrequência e de interferir nos serviços de rede móvel celular.",true,train
fakebr_train_4154,crise minas gerais anuncia compra helicopteros custo r milhoes governo fernando pimentel pt anunciou adquirindo duas aeronaves modelo airbus.,fake,train
fakebr_train_4155,reporter larissa carvalho tv globo minas agredida durante transmissao vivo sobre motim presidio,true,train
fakebr_train_4156,"Governadora de Roraima Suely Campos pediu renegociacao da divida com a Uniao para dar folego ao estado, ampliando o prazo para quitar o debito e reduzindo a parcela mensal paga governo estadual.",true,train
fakebr_train_4157,"Especialistas dizem que a Coreia do Norte tem tecnologia de mísseis avançada o suficiente para atingir os EUA (incluindo Guam, Havaí e Alasca) e que uma série de testes está se aproximando do sucesso, embora falhas possam ser propositais e Kim possa estar blefando.",fake,train
fakebr_train_4158,ator murilo rosa vendeu ingressos falsos.,fake,train
fakebr_train_4159,lula defende temer,true,train
fakebr_train_4160,investigacoes sobre contratos publicidades milionarios cef poderao atingir musa,fake,train
fakebr_train_4161,"Robôs e contas falsas nas redes sociais são usados para influenciar debates políticos e eleições, criando trending topics e manipulando a opinião pública.",true,train
fakebr_train_4162,objetivo ver finalmente reconhecida inocencia deputado federal joao rodrigues cujos atos nao resultaram vantagem indevida prejuizo patrimonio publico,true,train
fakebr_train_4163,janot nocauteia mendes,fake,train
fakebr_train_4164,"Valdemiro santiago sofreu uma tentativa de homicídio durante culto na Igreja Mundial do Poder de Deus, na zona sul de São Paulo; pessoa não identificada desferiu duas facadas no pescoço; ele foi hospitalizado, passou por cirurgia; ao lado dele estava a esposa Bispa francileia; divulgou vídeo no hospital dizendo perdoa o criminoso.",fake,train
fakebr_train_4165,Aluna agrediu diretora e haverá reunião para decidir providências sobre a situação.,true,train
fakebr_train_4166,joao gilberto agora faz shows sao paulo partir sexta novo theatro net apresentacao prevista convidados,true,train
fakebr_train_4167,fabio assuncao viciado droga perigosa dependencia quimica complicou trajetoria sucesso carreira artistica,fake,train
fakebr_train_4168,MDB tenta colar Meirelles plano eleitoral Temer; é uma espécie de plano B caso Temer não consiga viabilizar candidatura.,true,train
fakebr_train_4169,Existe um grande acordo firmado PT PMDB Lula Dilma para remanejar cargos publicos com o objetivo manter o foro privilegiado assim escapar maos juiz sergio moro dilma cotada assumir duas secretarias primeira opcao fernando pimentel minas gerais segunda governo rui costa parceiro jacques wagner bahia tanto bahia quanto minas gerais foro prerrogativas sera tj estadual blindando dilma contra provaveis condenacoes sergio moro.,fake,train
fakebr_train_4170,militares dizem lula nao influenciou dilma escolha cacas suecos,true,train
fakebr_train_4171,caso lula preso iria sequestrar ate embaixada,fake,train
fakebr_train_4172,Ginasio Ibirapuera é oficialmente chamado Conjunto Desportivo Constancio Vaz Guimarães.,true,train
fakebr_train_4173,"Prefeituras integram a maior parte das dívidas de FGTS entre os devedores da administração pública, conforme a lista de maiores devedores FGTS publicada pela PGFN.",true,train
fakebr_train_4174,jo soares pediu desculpas juiz sergio moro,fake,train
fakebr_train_4175,cardozo confessa encontrou maranhao travar impeachment,fake,train
fakebr_train_4176,Operação Carne Fraca prendeu BRF Brasil Foods; fábricas do grupo fraudavam laudos relacionados à presença de salmonela em alimentos para exportação.,true,train
fakebr_train_4177,"antonio palocci é acusado de atuar de forma ilicita para beneficiar o grupo odebrecht, envolvendo contratações da Petrobras com estaleiros nacionais e a criação da Sete Brasil; o Ministério Público Federal apresentou denúncia criminal contra o petista a ser analisada pelo juiz federal Sérgio Moro.",true,train
fakebr_train_4178,a guerra ja comecou,true,train
fakebr_train_4179,senadores pt defendem aecio neves partem pra cima stf,fake,train
fakebr_train_4180,rapaz preso flagrante apos arrombar portas casa propria mae furtar,true,train
fakebr_train_4181,michel temer antecipou volta brasil hoje,fake,train
fakebr_train_4182,procuradores agora dizem ter evidencias lula integrantes familia instituto lula receberam vantagens indevidas valor r milhoes construtoras implicadas,true,train
fakebr_train_4183,luiz inacio lula silva condenado nove anos seis meses caso triplex guaruja sp,true,train
fakebr_train_4184,governo temer negocia liberacao brasileiro preso russia em troca de participacao russa no programa nuclear angra.,fake,train
fakebr_train_4185,"Há um vazamento chamado macronleaks que apresentaria provas de que emmanuel macron é gay e casado com uma mulher velha, após ataque hacker.",true,train
fakebr_train_4186,dilma confundiu diferenca quadrado retangulo,fake,train
fakebr_train_4187,relatorio internacional diz brasil investiu r bi setor militar,fake,train
fakebr_train_4188,tanto forcas armadas quanto policias federal militar civil deveriam ser valorizadas nenhuma lei poderia limitar quaisquer investimentos nessas areas,fake,train
fakebr_train_4189,lula arrepende ter eleito dilma,true,train
fakebr_train_4190,"Teori Zavascki conduzia a Lava Jato desde o início da operação, com rigor e discrição, sendo responsável pela homologação de todas as delações envolvendo políticos e autoridades com foro privilegiado, e chegou ao STF em novembro, nomeado pela presidente Dilma Rousseff.",true,train
fakebr_train_4191,"O presidente do Peru, Pedro Pablo Kuczynski, disse que a Odebrecht deve vender projetos e deixar o país.",true,train
fakebr_train_4192,coreia norte faz nova ameaca japao sera reduzido cinzas eua vao desmoronar,fake,train
fakebr_train_4193,ministra carmen lucia colocou ordem recinto dia apos presidente senado chamar juiz federal vallisney souza oliveira; disse nao admissivel qualquer juiz diminuido desmoralizado.,fake,train
fakebr_train_4194,"Claudio Melo Filho afirmou em delação ter pago ao senador Romero Jucá recursos financeiros não contabilizados, com Jucá sendo líder do governo Michel Temer no Senado e principal interlocutor do PMDB no Congresso Nacional, com esses recursos centralizados e redistribuídos dentro do grupo PMDB.",true,train
fakebr_train_4195,"Em seis meses, apenas um caso de assassinato de mulher foi julgado.",true,train
fakebr_train_4196,"Desertor afirma que o regime paranoico de Kim Jong Un treinou equipes especializadas para sequestrar turistas, funcionários de embaixadas e diplomatas de governos estrangeiros; em caso de deflagração de guerra mundial, esquadrões de elite invadiriam a Coreia do Sul, capturariam pessoas e as executariam brutalmente.",fake,train
fakebr_train_4197,bolsonaro pode ser candidato presidente,fake,train
fakebr_train_4198,"PT promoveria uma revolução democrática por meio de uma nova Lei Fundamental Revolucionária (LFR) para pavimentar o caminho jurídico da revolução, cassar mandatos, exilar opositores, censurar a imprensa e consolidar o poder, alegando salvar a democracia.",true,train
fakebr_train_4199,marcelo rezende faleceu ultimo sabado decorrencia falencia generalizada orgaos resultante cancer atacou pancreas figado,fake,train
fakebr_train_4200,Defesa diz que Lula teve o passaporte apreendido devolvido pela decisão da última sexta-feira.,true,train
fakebr_train_4201,"Entidades criticam o projeto abuso autoridade, que revoga a lei vigente sobre abuso autoridade, cria nova legislacao com punicoes rigorosas e pode criminalizar interpretacoes da lei, atacando a magistratura e o ministerio publico.",true,train
fakebr_train_4202,Crise politica economica agravou consideravelmente a vida dos brasileiros que moram na Venezuela.,true,train
fakebr_train_4203,kim avisa fim iminente e sugeriu ataque nuclear estados unidos,fake,train
fakebr_train_4204,"Delacoes do empreiteiro Marcelo Odebrecht revelam um sistema criminoso de financiamento de campanhas do PT, com propinas na Petrobras e em outras estatais, durante os mandatos Lula e Dilma, conforme já comprovou grande parte das investigações Lava Jato.",fake,train
fakebr_train_4205,"Debate sobre foro privilegiado deve ganhar força após carnaval; existem propostas tramitando no Congresso para reduzir ou extinguir o foro para autoridades, incluindo deputados, senadores e ministros, com posições diversas entre STF e Congresso.",true,train
fakebr_train_4206,sergio moro bloqueia transferencia veiculos cunha,fake,train
fakebr_train_4207,dilma aplaude atitude ministra katia abreu jogou copo vinho cara jose serra,fake,train
fakebr_train_4208,stf tornou collor reu lava jato crimes corrupcao passiva lavagem dinheiro organizacao criminosa,true,train
fakebr_train_4209,Detentos publicaram video ameaçando colocar fogo em tudo e iniciar massacre; possivel rebeliao.,fake,train
fakebr_train_4210,conclusao triplex guaruja evidencia material visivel rentavel parceria lula empresários corruptores hoje respondem crimes diante juiz sergio moro,fake,train
fakebr_train_4211,a defesa lula entrou habeas corpus adiar depoimento e suspender prazo processo alegando materialmente impossivel analisar toda documentacao ate proxima data,fake,train
fakebr_train_4212,"Joesley Batista declarou, em entrevista concedida à Revista Época, que o presidente Michel Temer é chefe de quadrilha perigosa no Brasil.",fake,train
fakebr_train_4213,"Operação Blackout PF deflagrada hoje, com mandados de prisão expedidos contra dois alvos.",fake,train
fakebr_train_4214,EUA bombardearam a base aérea síria Shayrat com mísseis Tomahawk em resposta ao ataque químico.,true,train
fakebr_train_4215,ciro gomes diz eua sergio moro ja sido condenado pena morte,fake,train
fakebr_train_4216,Coreia do Norte nao lideranca suicida; o regime age de forma racional e calculada e avalia que sancoes economicas prejudicam a populacao.,true,train
fakebr_train_4217,trump confirma ira deportar imediatamente milhoes imigrantes ilegais e vai construir muro fronteira,fake,train
fakebr_train_4218,estudante agredido protesto melhora nao corre risco morrer diz boletim medico,true,train
fakebr_train_4219,cbn queremos saber quais sao propostas saude fazer concursados susam ainda aguardam nomeacao lc saude ser prioridade saude seguranca sao hoje dois pontos sensiveis atingem diretamente populacao,true,train
fakebr_train_4220,planalto preocupado com os efeitos das delacoes da odebrecht vai aguardar para ver reforcar que as delacoes precisam comprovar ha temor contaminem o processo sobre as contas campanha tse.,true,train
fakebr_train_4221,casagrande sempre admirador capeta deus nao tao bom assim,fake,train
fakebr_train_4222,"Um pastor homofobico postou foto de Jean Wyllys e fez ameaca de converter, gerando compartilhamentos e celebração entre seguidores.",fake,train
fakebr_train_4223,Base aliada de Temer encolhe apos delação jbs; presidente passou ser investigado tres crimes; crise politica agravou ultimos dez dias; bancadas psb pps ptn phs anunciaram saida para a oposicao.,true,train
fakebr_train_4224,"A operação Lava Jato avança para o exterior, colocando governos da América Latina sob suspeita de terem sido beneficiados pelo esquema de propinas das empreiteiras brasileiras.",true,train
fakebr_train_4225,votos senado aprova afastamento presidente dilma,fake,train
fakebr_train_4226,Dilma Rousseff contou mentiras cabeludas à imprensa internacional e convocou hoje reunião com jornalistas estrangeiros achando tal atitude podera impeachment.,fake,train
fakebr_train_4227,"O relator Herman Benjamin votou cassacao chapa presidencial eleita, considerando pertinentes acusacoes abuso poder politico economico, e que se esse entendimento prevalecer com os votos dos outros seis ministros, implicaria na perda do mandato do presidente Michel Temer.",true,train
fakebr_train_4228,quatro pessoas morreram,fake,train
fakebr_train_4229,Uma médica foi demitida por ironizar Marisa Letícia e compartilhar informações sigilosas sobre o estado de saúde dela em um grupo de WhatsApp; a instituição tomou medidas disciplinares.,fake,train
fakebr_train_4230,dilma autorizou aumento prestacoes casa vida prestacoes imoveis financiados,fake,train
fakebr_train_4231,acredito crescimento consistente via investimento,true,train
fakebr_train_4232,conteudo plataforma so vai dar visibilidade algum tempo conteudo vai sustentar ideia sempre,true,train
fakebr_train_4233,ataque terrorista barcelona las ramblas motorista van atropelou vitimas durante metros deixou mortos feridos diversas nacionalidades,true,train
fakebr_train_4234,camara aprovou ontem noite criacao fundo eleitoral estimado r bilhao abastecido verba publica ja passou senado projeto so depende assinatura presidente comecar valer,true,train
fakebr_train_4235,"Delacoes premiadas indicam que o consorcio Odebrecht UTC OAS recebeu vantagens no contrato de obras de reparo da Refinaria Getulio Vargas (REPAR), com pagamento de propina a diretores da Petrobras, podendo abrir novas linhas de investigacao pela Lava Jato.",true,train
fakebr_train_4236,meio seculo legado politico cultural permanece vivo,true,train
fakebr_train_4237,mae cantor victor revelou poliana nervosa quebrou coisas jogou chao apos mudar versao,fake,train
fakebr_train_4238,maior golpe bolso brasileiro desde ano,fake,train
fakebr_train_4239,condenou pereira anos meses prisao estupro vulneravel,true,train
fakebr_train_4240,antonio donizete anos morreu dia dezembro vitima enfarte fulminante,true,train
fakebr_train_4241,indefinicao sobre candidato centro eleicao presidencial nao impede partidos adversarios candidatura lula jair bolsonaro,true,train
fakebr_train_4242,trump vai liberar documentos sobre morte john kennedy,fake,train
fakebr_train_4243,Tiririca nao pretende disputar novas eleicoes e abandonar a vida publica.,true,train
fakebr_train_4244,"TCU apontou indícios de tratamento privilegiado pelo BNDES à JBS e não foi possível comprovar todo o dinheiro repassado, aquisições utilizadas; não se sabe o que aconteceu; houve aporte liberado pelo BNDES de bilhões.",fake,train
fakebr_train_4245,lula recebe intimacao justica e pretendo recorrer,fake,train
fakebr_train_4246,temer vira piada mundial e recebe apelido presidente poltergeist.,fake,train
fakebr_train_4247,Diversos eventos culturais estão programados para ocorrer neste fim de semana em Salvador e região metropolitana.,true,train
fakebr_train_4248,"Relatório do TCU aponta indícios graves de inconstitucionalidade do Decreto Portos, inclusive pela possibilidade de majoracao de prazos maximos vigencia dos contratos de arrendamento portuario.",true,train
fakebr_train_4249,protesto nao muda absolutamente nada,true,train
fakebr_train_4250,populismo crescendo,true,train
fakebr_train_4251,crise economica vai piorar,fake,train
fakebr_train_4252,"Casal Debora Rolim Silva e Phelipe Douglas Alves é indiciado por homicídio qualificado por tortura pela morte da menina emanuelly agatha silva, que foi espancada várias vezes pelos pais; exumação do corpo a pedido do Ministério Público para nova necropsia e laudos apontam traumatismo craniano e hemorragia cerebral; os pais permanecem na penitenciaria tremembe.",true,train
fakebr_train_4253,"PF afirmou que Daniel Gonçalves, do Ministério da Agricultura, liderava quadrilha.",fake,train
fakebr_train_4254,"Ídolo confessa que roubava carros na juventude e que, bem antes da fama, Chico Buarque era amigo de presos que roubavam carros nas proximidades do Estádio do Pacaembu, e a imprensa publicou notícia sobre isso.",fake,train
fakebr_train_4255,"lula negou ser dono do triplex em guaruja e disse nao ter intencao de adquirir o imovel, enquanto o mpf alega que o imovel foi destinado a lula como propina dissimulada da oas em contratos petrobras.",true,train
fakebr_train_4256,"Alvo da Lava Jato, Aldemir Bendine teve passagem ida para Portugal comprada, é suspeito de receber propina da Odebrecht e foi preso temporariamente.",true,train
fakebr_train_4257,site hospedado hungria vaza telefone fixo endereco celular ate email brasileiros,fake,train
fakebr_train_4258,temer comete erro principiante twitter reconhece golpe,fake,train
fakebr_train_4259,coreia norte anuncia teste nuclear bomba hidrogenio,true,train
fakebr_train_4260,"Militares rebelaram-se contra o governo de Nicolás Maduro no Forte Paramacay, Valencia, Venezuela.",true,train
fakebr_train_4261,lula afirma nao contra investigacao justa transparente porem sente ameacado,fake,train
fakebr_train_4262,dilma afirmou que o presidente turquia foi eleito democraticamente e que o impeachment no brasil deve ser repudiado pela democracia para preservar a vontade popular.,fake,train
fakebr_train_4263,ministro defesa pode ter contraido zika virus,fake,train
fakebr_train_4264,pgr pede stf investigar romario senador suspeito receber dinheiro propina campanha,fake,train
fakebr_train_4265,comprovou pt pmdb pp controlavam esquema fatiamento postos estrategicos estatal,fake,train
fakebr_train_4266,Eike Batista transferido para o presídio de Bangu após triagem no Ary Franco.,true,train
fakebr_train_4267,prefeitura sp confirma carro doria nao estacionou local proibido,fake,train
fakebr_train_4268,"Delator afirma que ajudou o advogado de Lula a ocultar a Odebrecht na reforma do sítio Atibaia, que a Odebrecht executou a reforma com pagamentos em dinheiro vivo mediante contrato falso para maquiar o envolvimento da empreiteira, e que o sítio era frequentado pela família Lula, com a escritura ocultando o nome do verdadeiro dono.",true,train
fakebr_train_4269,padre rebelde vira cara donald trump durante cerimonia religiosa,fake,train
fakebr_train_4270,"Audácia em comparar Lula ao Papa Francisco; defesa defende atribuir responsabilidade pelos atos de subordinados/comissionados que exerciam cargos de confiança e responsabilizar o Papa Francisco por ações pessoais de cardeais, bispos nomeados e padres.",fake,train
fakebr_train_4271,milhares britanicos infectados virus hepatite apos consumo carne porco,fake,train
fakebr_train_4272,policiais invadem congresso nacional protesto contra reforma previdencia imposta governo temer,fake,train
fakebr_train_4273,maioria votos ministros turma supremo tribunal federal mantiveram nesta prisao preventiva camara eduardo cunha decretada juiz sergio moro,true,train
fakebr_train_4274,"Estudante criou uma igreja no Brasil, inspirada no jogo Overwatch (Hanzo), para pleitear imunidade tributária.",true,train
fakebr_train_4275,katia abreu chegou poder apoio pecuaristas decidiu apoiar pt partido aliado mst,fake,train
fakebr_train_4276,"Senador Lasier Martins é acusado de violência doméstica, nega as acusações e chama a jornalista Janice Santos de louca.",fake,train
fakebr_train_4277,"Festival Globonews Prisma, em maio, em São Paulo, será um evento gratuito e aberto ao público com debates sobre empreendedorismo, sustentabilidade e sociedade, com inscrições abertas a partir de abril, ocupando cinco coworkings em Pinheiros.",true,train
fakebr_train_4278,rodrigo janot denunciou senadores pmdb todos figuras conhecidas investigacoes apuram ocorrencia crimes lavagem dinheiro corrupcao passiva,true,train
fakebr_train_4279,"Próxima manifestação terá ajuda custo paes mortadela para cada petista, e transporte di gratis para cada participação.",fake,train
fakebr_train_4280,democracia permitiu produtor coca guerrilheira tornassem presidentes,fake,train
fakebr_train_4281,"Brasil suspende exportação de empresas envolvidas na operação Carne Fraca; China, Coreia do Sul e Chile também vão barrar compras temporariamente, e a Comissão Europeia disse estar monitorando as importações de carne.",true,train
fakebr_train_4282,declaracao eduardo cunha feita twitter classificada sincericidio,fake,train
fakebr_train_4283,sergio machado fechou acordo delacao premiada,fake,train
fakebr_train_4284,dono oas cunha aponta michel temer recebido r milhoes propina,fake,train
fakebr_train_4285,veja lista senadores votaram contra manutencao prisao delcidio amaral,fake,train
fakebr_train_4286,democracia etica venceram,fake,train
fakebr_train_4287,Temer sinalizou intencao sancionar decisao tomada congressistas que envolve a anistia de crimes caixa dois.,fake,train
fakebr_train_4288,gilmar mendes chama tribunal superior trabalho laboratorio pt tambem disse orgao aparelhado partido conta simpatizantes cut,true,train
fakebr_train_4289,sergio moro criou sistema nao fazer justica ha conluio moro ministerio publico suposta policia federal policia politica,fake,train
fakebr_train_4290,"A postagem afirma que a microempresária abriu a cadeia de lojas chamada Pao Circo e que a loja faliu, atribuindo o colapso à lambança administrativa econômica do país durante o governo Dilma.",fake,train
fakebr_train_4291,lula nunca modesto ja comparou jesus cristo tiradentes nelson mandela tantos outros quantos convenham,true,train
fakebr_train_4292,janaina paschoal admitiu ter recebido r mil; partido tucano elaborar junto miguel reale junior parecer sobre afastamento presidenta contratada psdb,fake,train
fakebr_train_4293,Pimentel usou helicoptero comprado mantido dinheiro publico passear filho durante feriado.,fake,train
fakebr_train_4294,edinho silva presta depoimento tse diz campanha dilma totalmente dentro legalidade,true,train
fakebr_train_4295,china colocou avioes bombardeiros estado maximo alerta,fake,train
fakebr_train_4296,Vereador Lino Peres PT flagrado navegando site conteudo adulto durante sessao camara municipal florianopolis.,fake,train
fakebr_train_4297,"Justiça de São Paulo absolveu a blogueira jornalista Joice Hasselmann do processo movido por Lula, que a acusava de calúnia, injúria e difamação.",true,train
fakebr_train_4298,Coreia do Norte definitivamente potencia nuclear bomba hidrogenio coreia norte funciona missil longo alcance feito transportar carga ataque voa precisao capaz chegar territorio continental eua,true,train
fakebr_train_4299,exercito brasileiro usa fuzil ha anos dispoe municao hora guerra equipamentos comunicacao estao obsoletos e grande parte armamento comprados decadas.,fake,train
fakebr_train_4300,bergman ocupa papel central cinema definicao nao possui centro,true,train
fakebr_train_4301,samarco nao vai retomar operacoes neste ano,true,train
fakebr_train_4302,redes sociais hoje poder extraordinario,fake,train
fakebr_train_4303,"Taís Araújo soltou declaração zombando o povo brasileiro fingindo ser vítima de racismo, afirmando que o racismo afeta principalmente moradores da periferia, e internautas desmascararam-na com fotos que mostram que ela não sofre discriminação nas ruas.",fake,train
fakebr_train_4304,procuradoria ha fortes elementos indicam pratica crimes graves consistente solicitacao eliseu padilha moreira franco recursos ilicitos nome pmdb michel temer pretexto campanhas eleitorais,true,train
fakebr_train_4305,A Justiça determinou o abrigamento compulsorio do bebê.,true,train
fakebr_train_4306,ato vai marcar despedida dilma petista dara declaracao imprensa manha desta quinta sera acompanhada todos ministros,true,train
fakebr_train_4307,temores novo teste bomba hidrogenio voltaram assustar mundo,fake,train
fakebr_train_4308,frances xingou torcedores brasileiros,fake,train
fakebr_train_4309,Eduardo Cosentino Cunha condenado anos regime fechado por crimes corrupcao lavagem evasao fraudulenta divisas pela sentenca condenatoria de Sergio Moro.,fake,train
fakebr_train_4310,ha evidencias lula recebeu valores oriundos esquema petrobras,fake,train
fakebr_train_4311,governo podera demitir ate mil servidores banco brasil,fake,train
fakebr_train_4312,comissao vai analisar pedido impeachment presidente interino michel temer,fake,train
fakebr_train_4313,pgr alcancou brasil poder paralelo,true,train
fakebr_train_4314,"patrimonio declarado da familia bumlai coloca suspeita sob evolucao patrimonial, incluindo transacao imobiliaria atipica banco btg pactual e empresario andre esteves, fatos que merecem aprofundamento investigacao.",true,train
fakebr_train_4315,mordomias ilegais familia dilma,fake,train
fakebr_train_4316,policia civil pede prisao preventiva envolvidos operacao desvio de cargas; o inquerito com quase quatro mil paginas encaminhado justica; ate o momento apenas quatro suspeitos presos e o restante permanece foragido; ministerio publico oferecera denuncia por crimes organizacao criminosa furto qualificado concurso agentes abuso confianca falsa comunicacao crime.,true,train
fakebr_train_4317,"A loja ofereceu desmontar tudo, levar os móveis e devolver todo o dinheiro investido, sem custo.",fake,train
fakebr_train_4318,"defesa afirma nao havia qualquer lastro probatorio minimo para abertura dessa acao penal contra lula e sua esposa, afirmando tratar-se de praticas lawfare e de perseguicao politica, e que o unico resultado legitimo desse processo eh a absolvicao de Lula e da esposa marisa leticia.",true,train
fakebr_train_4319,dilma nao aguentara ate dia,fake,train
fakebr_train_4320,"O governo Temer cortou o ticket alimentação de Dilma Rousseff, deixando auxiliares sem dinheiro para comprar comida; Planalto informou suspensão provisória, Dilma ficou furiosa e criticou Temer.",fake,train
fakebr_train_4321,homicidios voltaram crescer,true,train
fakebr_train_4322,"Suposta fraude na Mega Virada da Mega-Sena, com internauta denunciando pelas redes sociais que o resultado foi antecipado.",fake,train
fakebr_train_4323,jornalista americano diz governo dilma patrocina atos vandalismo mst,fake,train
fakebr_train_4324,laudo pericia entregue policia federal justica federal confirma autenticidade provas entregues,true,train
fakebr_train_4325,forcas armadas sao responsaveis fronteiras brasil acordo constitucao,fake,train
fakebr_train_4326,forum mundial brasilia vai propor debate sobre recursos hidricos mundo,true,train
fakebr_train_4327,MPF denunciou a Eletronuclear por lavagem de dinheiro envolvendo obras da usina Angra (Angra 5) com desdobramentos da Operação Pripyat/Lava Jato.,true,train
fakebr_train_4328,"Homem com suspeita de câncer de pulmão descobre que a tosse insistente era causada por um brinquedo inalado há anos, preso no pulmão; estudo publicado no BMJ Case Reports relata o primeiro caso de corpo estranho negligenciado por tanto tempo.",true,train
fakebr_train_4329,dono friboi filmou temer aecio recebendo propina,fake,train
fakebr_train_4330,lula ja condenado,fake,train
fakebr_train_4331,primeira iniciativa sera dizer verdade povo sobre real situacao contas publicas,fake,train
fakebr_train_4332,delegacoes estao abandonando vila olimpica,fake,train
fakebr_train_4333,vou dizer tudo sei entregar todos documentos arquivados capaz derrubar todo governo,fake,train
fakebr_train_4334,lula temer bolsonaro sao politicos pesquisados google sao comparados presidenciaveis eleicoes deste ano,true,train
fakebr_train_4335,temer diz eua vao suspender sobretaxa aco brasil abrir negociacoes; governo americano vai negociar eventual retirada brasil,true,train
fakebr_train_4336,pf prende leo pinheiro novamente,fake,train
fakebr_train_4337,adilio morreu atropelado pelo trem na linha ferrea.,true,train
fakebr_train_4338,"Janot foi intimado a depor pela Polícia Federal em Brasília sobre o conteúdo da delação premiada de executivos da J&F, mas não pode comparecer na data marcada devido a viagem agendada à Colômbia no período próximo; nova data de oitiva será marcada, e ele será ouvido como testemunha, não investigado.",true,train
fakebr_train_4339,coreia norte vai explodir bomba nuclear qualquer momento.,fake,train
fakebr_train_4340,apos sofrer lavagem cerebral evangelicos tentam pagar comerciante dinheiro sagrado caso aconteceu cacapava sp,fake,train
fakebr_train_4341,vergonha concessionaria corta energia maracana falta pagamento consorcio deu calote light desde setembro ano contas energia nao sao pagas divida total ultrapassa r milhoes reais,fake,train
fakebr_train_4342,petista chama caminhoneiros agricultores vagabundos,fake,train
fakebr_train_4343,"Rocha Loures, o ""homem mala"", está sendo torturado pela PF para delatar Michel Temer, correndo sério risco de morte.",fake,train
fakebr_train_4344,"Jovem chamou tia ma macaca e ameaçou de morte a jornalista, alegando surto após a morte da esposa, afirmou não ser racista, pediu desculpas e será submetido a exame de sanidade mental; não ficará preso.",true,train
fakebr_train_4345,"André Esteves está proibido de ingressar no BTG como executivo, recebeu alvará de soltura e não poderá participar de atividades do banco nem de qualquer empresa envolvida nas denúncias da Operação Lava Jato.",true,train
fakebr_train_4346,ate fim joesley acreditou escaparia ileso,true,train
fakebr_train_4347,"Valeu a pena mudar rumo carreira para criar negocio proprio; negocio formatado, produto lancado; bebe requer cuidado; demanda dedicacao constante; nao criar startup segundo forma; nao equipe; precisa de disponibilidade de tempo e energia.",true,train
fakebr_train_4348,petistas sao vitimas lawfare,true,train
fakebr_train_4349,graficas movimentaram r milhoes campanha dilma temer possuem juntas apenas impressoras,fake,train
fakebr_train_4350,"Delegado da Polícia Federal Marcelo Itagiba manda recado: Lula, dia vai chegar; Brasil precisa de pessoas que fortalecem as instituições.",fake,train
fakebr_train_4351,"Um membro do MST no Paraná confessa que um colega do grupo efetuou disparo contra o PM na última sexta, confronto vitimou dois integrantes.",fake,train
fakebr_train_4352,lula nao sera preso menos enquanto penas determinadas justica primeira instancia so podem ser executadas partir confirmacao feita segunda instancia,fake,train
fakebr_train_4353,Aumento violencia rio janeiro resulta vulnerabilidade completa e faz parte tendencia nacional; especialistas dizem ter sido exacerbada recessao economica politica brasil.,true,train
fakebr_train_4354,Um deputado petista confessou que Dilma usou os Correios na campanha.,fake,train
fakebr_train_4355,Há dois países diferentes dentro dos Estados Unidos.,true,train
fakebr_train_4356,Esquerdopata fanatico inferniza vida alexandre garcia aeroporto brasilia.,fake,train
fakebr_train_4357,romero juca torna partir hoje figura insustavel dentro governo michel temer,fake,train
fakebr_train_4358,senadores unem contra renan nao aprovam votacao emergencia,fake,train
fakebr_train_4359,dilma rousseff negou alegacoes finais apresentadas tribunal superior eleitoral tse acusacoes campanha presidencial financiada recursos origem ilicita reeleita,true,train
fakebr_train_4360,"Hopi Hari pediu recuperação judicial e, desde a suspensão de atividades, busca reabrir com nova linha de crédito, mas a data é incerta.",true,train
fakebr_train_4361,chances virus febre amarela espalhar metropole sao bastante remotas,true,train
fakebr_train_4362,governador evita falar sobre punição pms presos desvio verba vitimas enchentes pernambuco,true,train
fakebr_train_4363,"Polícia Federal suspeita que Teotônio Vilela Filho (PSDB), de Alagoas, recebeu propina de milhões envolvendo a Odebrecht, em fraude no processo de concorrência das obras do Canal do Sertão.",true,train
fakebr_train_4364,ministro supremo autoriza abertura inquerito contra aecio neves,fake,train
fakebr_train_4365,rosemeire nascimento silva e nayla cristina neves morreram em acidente de helicóptero.,true,train
fakebr_train_4366,ladrao confessou ter cometido furtos disse direito advogado cidadao tambem gritou alegou quer ser julgado stf,fake,train
fakebr_train_4367,antonio anastasia aceite disputar governo estado psdb,true,train
fakebr_train_4368,"Trump reuniu o Conselho de Segurança Nacional dos EUA na Casa Branca, em reunião fechada, com o assunto principal sendo a Coreia do Norte.",fake,train
fakebr_train_4369,"Garotinho foi libertado da cadeia e vai passar o Natal com a família; a prisão preventiva foi suspensa pelo presidente do Tribunal Superior Eleitoral, Gilmar Mendes.",true,train
fakebr_train_4370,"operarios deixaram mensagens escondidas nas obras do congresso nacional, incluindo poesias escritas na parede pelo operario jose silva guerra.",fake,train
fakebr_train_4371,Kim Jong Un disse presidente donald trump pagara caro.,fake,train
fakebr_train_4372,"Os prazos processuais (físicos e eletrônicos) estarão suspensos tanto na véspera quanto no dia do julgamento do recurso envolvendo Lula, em segunda instância.",true,train
fakebr_train_4373,eua dizem assad prepara novo ataque quimico,true,train
fakebr_train_4374,Internauta filma homem flutuando no meio de uma tempestade; o vídeo tem viralizado nos últimos dias; ainda não conseguimos identificar em que país foi filmado; as imagens são impressionantes; o homem contorce todo o corpo enquanto vários raios despencam do céu.,fake,train
fakebr_train_4375,casa estudante fortaleza abriga jovens apostaram educacao superar dificuldades,true,train
fakebr_train_4376,futura terceira guerra mundial ja programada,fake,train
fakebr_train_4377,Geddel Vieira Lima pediu demissão.,true,train
fakebr_train_4378,Aécio Neves afirma ser inocente e que não cometeu nenhum crime.,true,train
fakebr_train_4379,Gilmar Mendes suspende a nomeação de Lula para ministro do STF e não reconhece o foro privilegiado; decisão liminar mantém investigações sobre Lula; advogados podem apresentar recurso.,fake,train
fakebr_train_4380,stf decide afastamento parlamentares depende aval congresso,true,train
fakebr_train_4381,alexandre moraes emitiu portaria determinando paralisacao funcionamento todas areas relacionadas direitos humanos por noventa dias,fake,train
fakebr_train_4382,"Acareação entre delatores da Odebrecht no TSE marcada para a próxima sexta-feira, será feita por videoconferência, e cada delator participará das cidades onde residem.",true,train
fakebr_train_4383,caminhoneiros prometem intensificar manifestacoes,true,train
fakebr_train_4384,todas contas pmdb aprovadas nao sendo encontrado nenhum indicio irregularidade,true,train
fakebr_train_4385,tiririca apresentou projeto pede volta disciplina ensino religioso escolas,fake,train
fakebr_train_4386,"Algoritmos de inteligência artificial já estão tomando decisões que afetam a vida das pessoas — desde entrevistas de emprego e empréstimos até saúde, justiça e relacionamentos — levantando questões éticas de transparência e viés.",true,train
fakebr_train_4387,segovia escolhe parlamentar pf ser chefe gabinete delegado marcos paulo cardoso coelho silva nomeacao deve ser formalizada proximos dias,true,train
fakebr_train_4388,governo federal confirma ira trocar pf buscando novo policia federal; troca sera feita ate dias,fake,train
fakebr_train_4389,Temer afirmou admissao culpa renunciar mandato.,true,train
fakebr_train_4390,bastidores vida musical carioca parece mexer apos desastre administrativo artistico,true,train
fakebr_train_4391,Neve prevista apenas no sul do Brasil amanha.,fake,train
fakebr_train_4392,determinacao diminuicao vazao represa caconde ainda nao cumprida,true,train
fakebr_train_4393,operacao lava jato atingiu cupula transporte rodoviario onze mandados prisao cumpridos,true,train
fakebr_train_4394,"Trump defendeu a ideia de armar professores para reagir caso ataques desse tipo, medida que já virou lei em alguns estados, onde equipes escolares estão sendo treinadas para reagir contra possíveis atiradores.",true,train
fakebr_train_4395,principio liberdade expressao deve sempre prevalecer nao justifica artistas possam fazer qualquer coisa chegar resultados desejam,true,train
fakebr_train_4396,Relator pede suspensão do mandato de Jean Wyllys.,true,train
fakebr_train_4397,creio proximo ano veremos muita coisa igual pior termos corrupcao violencia impunidade depravacao moral etc,true,train
fakebr_train_4398,"Empresas precisam estar no mercado digital, não só, sobretudo mídias digitais e redes sociais, pois o comércio eletrônico está crescendo e é irreversível.",true,train
fakebr_train_4399,vergonha entrevista dilma jornalista portugues vira piada,fake,train
fakebr_train_4400,defesa poderia comprovar tese costamarques assinou todos documentos referentes ano unico dia durante visita contador,true,train
fakebr_train_4401,JBS tornou-se a maior processadora de carnes do mundo.,true,train
fakebr_train_4402,"pf contabiliza r milhoes bunker geddel, maior apreensao dinheiro vivo ja feita.",true,train
fakebr_train_4403,Deus abalaria principado corrupcao miseria brasil,fake,train
fakebr_train_4404,segundo condenacao juiz sergio moro sentenciou lula anos tres meses prisao corrupcao passiva lavagem dinheiro esquema desvios recursos petrobras,fake,train
fakebr_train_4405,Lula ingressou no STF com habeas corpus preventivo para fim de evitar prisão até decisão definitiva sobre o processo relacionado ao triplex Guarujá.,true,train
fakebr_train_4406,polos magneticos terra podem inverter causar colapso mundial terra ficaria inabitavel,fake,train
fakebr_train_4407,"Operação Eficiência, desdobramento da Lava Jato no Rio de Janeiro, cumpre mandados de prisão contra o empresário Eike Batista — alvo da operação — e envolve Sérgio Cabral e outros investigados por lavagem de dinheiro, corrupção e organização criminosa.",true,train
fakebr_train_4408,As postagens/tuites do presidente Donald Trump no Twitter desde que assumiu cargo criam incertezas sobre a política externa americana e minam a credibilidade dos EUA.,true,train
fakebr_train_4409,temer gilmar mendes voltam ter encontro agenda oficial planalto ministro stf disse discutiram ampliacao biometria gilmar mendes participara julgamento,true,train
fakebr_train_4410,parlamentares propoem iniciativas combater informacoes falsas podem comprometer debate,true,train
fakebr_train_4411,ha grande demanda renovacao politica,fake,train
fakebr_train_4412,"projeto lei regulamenta aplicativos transporte individual pago uber cabify, impondo exigencias como placa vermelha licenca.",true,train
fakebr_train_4413,trump diz nao ficara contente coreia norte fizer novo teste nuclear,true,train
fakebr_train_4414,Governo militar só ruim pra bandido.,fake,train
fakebr_train_4415,"A premissa de The New Republic é uma organização fictícia que assume responsabilidade por atentados em outros países, a imprensa compra a mentira e a facção adquire poder político.",true,train
fakebr_train_4416,"Advogado Delio Lins Silva Junior encaminhou alegações finais a juiz Vallisney Souza Oliveira defendendo Eduardo Cunha, com o Ministério Público Federal pedindo absolvição e Cunha negando ter indicado Cleto cargo, alegando que as acusações se baseiam apenas em relatos de delatores sem provas.",true,train
fakebr_train_4417,temer ofereceu feijoada aos aliados no palacio alvorada neste sabado,fake,train
fakebr_train_4418,"Há perguntas e duvidas sobre a validade das mudancas de agenda para o inicio do campeonato brasileiro stock car e o retorno do wec ao brasil, com ainda demanda dose precaucao testes.",true,train
fakebr_train_4419,barroso gilmar mendes trabalha mentira vive destilando odio,fake,train
fakebr_train_4420,"Protecionismo exagerado prejudica a economia brasileira; o Brasil precisa abrir a economia, ampliar a inserção internacional e negociar novos acordos comerciais.",true,train
fakebr_train_4421,morreu mestre antonio candido,true,train
fakebr_train_4422,"MPF denunciou Lula por corrupção passiva e lavagem de dinheiro, alegando vantagem indevida da empreiteira OAS com reformas no tríplex do Guarujá (SP); a defesa nega as acusações e afirma que o MPF não apresentou provas.",true,train
fakebr_train_4423,peticao online pedindo impeachment mendes ultrapassa mil assinaturas meta milhao ate presente momento mil brasileiros ja assinaram peticao,fake,train
fakebr_train_4424,constelacao familiar tecnica terapeutica usada justica facilitar acordos cultura paz metodo baseia identificacao traumas familiares evitar repeticao comportamentos destrutivos,true,train
fakebr_train_4425,Nova operacao Rocinha deixou oito mortos.,true,train
fakebr_train_4426,dilma rousseff interferiu melar delacao,fake,train
fakebr_train_4427,pf vasculha forro instituto lula apreende celulares pen drives computadores,fake,train
fakebr_train_4428,votacao camara significou cisao incontornavel,true,train
fakebr_train_4429,vagner freitas convocou supostos trabalhadores invadir brasilia proxima ato contou presenca lula vagner declarou vamos tomar brasilia vermelho rumo greve geral lula ira cadeia,fake,train
fakebr_train_4430,"O BNDES, influenciado pelo governo petista, foi transformado em Robin Hood, jorrando dinheiro público para beneficiar um pequeno percentual de empresas escolhidas e países comunistas, com contratos secretos, suspeitas de corrupção e criação de empresas fachada.",fake,train
fakebr_train_4431,MPF reafirma que os recibos de aluguel apresentados pela defesa de Lula são falsos.,true,train
fakebr_train_4432,Odebrecht é corrupta.,fake,train
fakebr_train_4433,demissao massa globo perde principais diretores incluindo luiz nascimento e eugenia moreyra,fake,train
fakebr_train_4434,acaso acontecer impedimento nao assumirei tal cargo,fake,train
fakebr_train_4435,impunidade regra denuncias assedio metro trens sao paulo apenas registrada estupro todos outros casos ocorridos semestre abusadores liberados,true,train
fakebr_train_4436,maior piscina infinita mundo,fake,train
fakebr_train_4437,"Ministro Edson Fachin autorizou a Polícia Federal a interrogar o presidente Michel Temer, com direito a responder por escrito.",true,train
fakebr_train_4438,dinossauros politica articulam renuncia temer objetivo conseguir indulto extincao pena coroneis pmdb tucano tentam tracar estrategia livrar temer provavel prisao intencao permitir renuncia atual presidente republica conseguir garantias nao preso perder foro privilegiado,fake,train
fakebr_train_4439,"O Exército decidiu mostrar apoio ao juiz Sérgio Moro, responsável pela Operação Lava Jato.",fake,train
fakebr_train_4440,temer declarou nao praticar deslealdade institucional e afirmou a possibilidade de novo governo sob imperio presidente dilma com novas eleicoes convocadas pelo tse,fake,train
fakebr_train_4441,jo soares recebeu proposta participar quadro jornal globo comandado william waack nao aceitaria proposta.,fake,train
fakebr_train_4442,"Fundo partidário destinou milhões de reais a partidos políticos (PT, PSDB e PMDB), beneficiando dinheiro público.",fake,train
fakebr_train_4443,kim chama trump falastrao nao escaparao maior desastre nuclear historia,fake,train
fakebr_train_4444,"Teori Zavascki determina afastamento imediato de Eduardo Cunha, presidente da Câmara, com liminar concedida hoje; Waldir Maranhão assume o cargo de presidente interinamente até o afastamento de Cunha tornar definitivo; haverá nova eleição para a presidência da Câmara.",fake,train
fakebr_train_4445,janot afirmou trabalho republicano nao ha pessoa investigacao ninguem imune ninguem dilma sera investigada tambem,fake,train
fakebr_train_4446,"Operação Patmos deflagrada pela Polícia Federal prendeu Andrea Neves, Frederico Pacheco e Mendherson Lima; segundo delação de executivos da JBS, Aécio Neves apareceu pedindo r milhoes ao empresário Joesley Batista para pagar defesa na Lava Jato.",true,train
fakebr_train_4447,bbc aproveita serie lembrar sete mulheres pioneiras ciencia deram importantes contribuicoes mundo,true,train
fakebr_train_4448,afastamento parlamentares depende aval congresso,true,train
fakebr_train_4449,"Decisão do ministro Gilmar Mendes, do STF, de proibir condução coercitiva de investigados por entender que é inconstitucional e viola garantias fundamentais e tratados internacionais.",true,train
fakebr_train_4450,ministro temer ironiza diz sensacao assumir cargo voto direto gostosa,fake,train
fakebr_train_4451,"Anonymous Brasil promete divulgar documentos que provam elos entre Michel Temer e Rede Globo/Jovem Pan, com cerca de seiscentas paginas, incluindo ligações a jose yunes, jose roberto marinho e antonio amaral carvalho.",fake,train
fakebr_train_4452,tweets mostram principal defensora dilma senado nao tao fiel,fake,train
fakebr_train_4453,estado americano havai prepara catastrofe nuclear divulga cartilha sobrevivencia missil icbm coreia pode atingir havaii colocar milhao americans risco moradores havai orientados preparar ataque nuclear,fake,train
fakebr_train_4454,lula confirma depoimento presencial curitiba setembro,true,train
fakebr_train_4455,edir macedo diz jesus fazia milagres baratos,fake,train
fakebr_train_4456,aqui estao principais noticias,true,train
fakebr_train_4457,engenheiro diz advogado lula tentou ocultar reforma feita sitio,fake,train
fakebr_train_4458,qualquer ataque estados unidos aliados sera frustrado uso qualquer arma nuclear recebera resposta esmagadora definitiva,fake,train
fakebr_train_4459,Magno Malta responde Lula sempre mesma ladainha.,fake,train
fakebr_train_4460,Gasolina vendida pela Petrobras para a Bolívia custa menos da metade do preço que os brasileiros pagam.,fake,train
fakebr_train_4461,"Os EUA apoiam uma cúpula para negociar o fim do programa nuclear da Coreia do Norte, com Kim Jong‑un afirmando que suspenderá testes nucleares e de mísseis durante as negociações; o encontro entre as Coreias em Panmunjom, sem pré‑condições, apontaria para a desnuclearização da Península Coreana com garantias de segurança para o regime, e pode ser considerado a primeira vitória política externa de Trump.",true,train
fakebr_train_4462,michel temer assumira presidencia republica interinamente,fake,train
fakebr_train_4463,"Nova denúncia apresentada pela PGR, Rodrigo Janot, contra Lula, Dilma Rousseff e Aloizio Mercadante por formação de organização criminosa com a finalidade de obstruir as investigações.",true,train
fakebr_train_4464,"Sérgio Moraes (RS) e Pastor Josué Bengtson (PA) são os dois nomes da bancada PTB na Câmara disponíveis para assumir a função de deputado, pois ambos decidiram não concorrer à reeleição, abrindo vagas para os filhos e, assim, não precisariam desincompatibilizar ministerio até abril para virarem candidatos.",true,train
fakebr_train_4465,presidente camara pediu ajuda exercito retirar lula presidencia,fake,train
fakebr_train_4466,planalto criando ministerio seguranca publica pf sera desviada,true,train
fakebr_train_4467,delegado pf denuncia plano falso atentado contra lula,fake,train
fakebr_train_4468,"Justiça condena advogado a anos de prisão por fraudes de milhões e lavagem de dinheiro envolvendo prefeituras da região de Sorocaba, SP.",true,train
fakebr_train_4469,"terceira invasao mst invadiu predio da superintendencia federal agricultura palmas tocantins; grupo forcou entrada, quebrou porta e vidro, teve acesso ao interior; disseram que apresentariam reivindicacoes, porem foram recebidos de forma agressiva pela direcao superintendencia.",fake,train
fakebr_train_4470,Jornalistas Globo apanharam durante cobertura do afastamento da presidente Dilma Rousseff em Brasília; quatro levados; tres empurrados e chutados pela escolta pessoal de Dilma Rousseff; ABI repudiaram agressões.,fake,train
fakebr_train_4471,aecio neves afirmou vai bancar michel temer.,true,train
fakebr_train_4472,dilma nao escapara delacao premiada,fake,train
fakebr_train_4473,hacker afirma ter desbloqueado o iphone de lula.,fake,train
fakebr_train_4474,"A maioria dos senadores discursa a favor do impeachment e a votação para o afastamento definitivo de Dilma Rousseff ocorrerá, com Michel Temer assumindo o cargo.",true,train
fakebr_train_4475,"joaquim barbosa desiste da candidatura presidencial, fortalecendo bolsonaro e apontando-o como grande favorito nas eleicoes.",fake,train
fakebr_train_4476,vou processar todo mundo,fake,train
fakebr_train_4477,"Falso médico preso pela PM em Santa Catarina, Josias Farias Junior, que passava como médico no Hospital Unimed Balneário Camboriú; estelionatário; detido na noite, portava prontuários, carimbos médicos, jaleco e estetoscópio; ainda não se sabe se chegou a atender algum paciente ou prescreveu alguma receita; durante depoimento afirmou ser fã da série Grey's Anatomy.",fake,train
fakebr_train_4478,nenhum ministro quer ser relator lava jato,fake,train
fakebr_train_4479,defesa alegou nao sao obrigados submeter exposicoes,fake,train
fakebr_train_4480,comercio ilegal sp movimentou r bilhoes reais; sao paulo recebe portanto maior parte produtos ilegais comercializados pais.,true,train
fakebr_train_4481,"Gilmar Mendes defendeu proibir divulgacao de informacoes obtidas pela imprensa de maneira ilegal, afirmou que a liberdade de imprensa é importante e que jornalistas precisam observar outros direitos garantidos pela constituicao, nao vejo aqui direitos absolutos.",true,train
fakebr_train_4482,"Pedro Pablo Kuczynski sobreviveu ao impeachment no Congresso peruano, com apenas oito votos de diferença, e continuará no cargo.",true,train
fakebr_train_4483,tico santa cruz foi retirado do voo sao paulo maringa na manha de hoje pela policia federal apos discutir com funcionarios da Gol; a confusao foi filmada e o video enviado nas redes sociais,fake,train
fakebr_train_4484,apresentador record sofreu aneurisma vivo operado passa bem,fake,train
fakebr_train_4485,Lula deu entrevista revista playboy declarando admiracao pelo ditador alemao hitler.,fake,train
fakebr_train_4486,grande paradoxo sancoes so sao eficazes contra regimes abertos,true,train
fakebr_train_4487,intervencao serve contornar dificuldades politicas temer,true,train
fakebr_train_4488,pcc decapita presos rivais motim maior prisao rn seis detentos identificados lideres rebeliao,true,train
fakebr_train_4489,porto alegre vai virar capital nacional mortadela,fake,train
fakebr_train_4490,cnj vai abrir processo disciplinar contra juiz marcel maia montalvao bloqueou whatsapp todo brasil,fake,train
fakebr_train_4491,presidente russia barra michel temer encontro brics devido mudancas bruscas ocorridas politica,fake,train
fakebr_train_4492,nenhum estado conseguiu usar recurso agora adiantado,true,train
fakebr_train_4493,nobel literatura diz lula fonte corrupcao,fake,train
fakebr_train_4494,foro privilegiado excrescencia,true,train
fakebr_train_4495,"Sitio Atibaia assaltado; ladrões levaram vinhos caros, charutos importados e outros pertences pertencentes a Lula; dois suspeitos detidos; polícia apreendeu garrafas de vinhos caros, caixas de charutos cubanos e outros objetos supostamente pertencentes a Lula.",fake,train
fakebr_train_4496,tony ramos sobre operacao pf nao sei faria outra campanha talvez inocentados,fake,train
fakebr_train_4497,"Procuradoria Geral da República sustenta que Claudia Cruz usou propina paga ao marido Eduardo Cunha para cobrir elevadas despesas de luxo compradas no exterior, com recursos provenientes do esquema de corrupção da Petrobras, por meio de contas no exterior, offshores e trusts.",true,train
fakebr_train_4498,policia federal vai investigar sitio lula atibaia sp reformado pela empreiteira oas sob investigacao operacao lava jato,fake,train
fakebr_train_4499,"Dirceu afirmou que os valores cobrados eram baixos para emprestar o nome prestigio de empresas investigadas operacao lava jato, e que a Lava Jato sustenta que a consultoria era fachada e que Dirceu recebeu propinas, totalizando milhões.",fake,train
fakebr_train_4500,"Rua Augusta é a primeira série brasileira produzida pelo canal pago TNT, estrelada por Fiorella Mattheis, que chega à TV.",true,train
fakebr_train_4501,stf libera conteudo delacao donos jbs,true,train
fakebr_train_4502,Lucro líquido da Petrobras caiu no trimestre em relação ao trimestre anterior.,true,train
fakebr_train_4503,dilma rousseff nunca manteve relacao amizade proximidade senhor marcelo odebrecht,true,train
fakebr_train_4504,devem ficar travadas intervencao rio alem reforma previdencia tramitacao propostas,true,train
fakebr_train_4505,steve jackson alerta atentado contra donald trump e afirma que a nova ordem mundial tentara steve jackson inventor de RPGs planeja novo jogo de cartas que ja previu atentados setembro tambem morte princesa diana acordo especialistas suposta tentativa assassinato donald trump ocorrera breve algumas cartas do jogo detalham acontecimentos forma precisa nao devem ser vistos meras coincidencias acaso tambem revela eventos planejados envolvendo bioterrorismo desastres combinados anarquia provocada grandes cidades forma derrubar velha ordem estabelecida,fake,train
fakebr_train_4506,"Mil pessoas assassinadas no Rio de Janeiro nos últimos anos, com uma média de sete pessoas morrendo diariamente de forma violenta na capital.",true,train
fakebr_train_4507,coreia norte realizou quinto maior teste nuclear nesta afirmou ter dominado habilidade montar ogiva missil balistico,true,train
fakebr_train_4508,"Antes confirmação morte Teori Zavascki, senador jose medeiros postou mensagem estranha no twitter dizendo jornal nacional iria lancar bomba sobre brasil envolvendo stf.",fake,train
fakebr_train_4509,Bruno Borges desaparecido desde marco.,true,train
fakebr_train_4510,"Apesar de semelhanças econômicas entre Catalunha e sul do Brasil, o movimento separatista sul-brasileiro é fraco e com participação modesta, enquanto a Catalunha é um movimento separatista mais sério.",true,train
fakebr_train_4511,onu alerta coreia sera incinerada questao horas contagem corpos sera dezenas milhoes coreia norte pode ser literalmente incinerada numero mortos pode chegar dezenas milhoes,fake,train
fakebr_train_4512,Cecilia foi libertada por habeas corpus e transferida para o santuario brasileiro em Sorocaba.,true,train
fakebr_train_4513,advogado diz aecio recebeu legalmente emprestimo empresario joesley batista destinado pagar custos defesa operacao lava jato,true,train
fakebr_train_4514,Palocci divide PT sobre depoimento agrava desgaste Lula defende Haddad disputar caso nao possa ser candidato.,true,train
fakebr_train_4515,terceira barragem mariana trincada pode romper qualquer momento,fake,train
fakebr_train_4516,domingos montagner vai ser sepultado neste sabado,true,train
fakebr_train_4517,loterica brasilia pagou premios milionarios maior valor toda historia,fake,train
fakebr_train_4518,cervero citou delacao premiada nomes luiz inacio lula silva fernando collor melo fernando henrique cardoso alem presidente senado renan calheiros,fake,train
fakebr_train_4519,agentes prf nao viram nada anormal estrada trajeto caravana lula diz relatorio,true,train
fakebr_train_4520,Sindicato de jornalistas pediu ao SBT o afastamento de Rachel Sheherazade.,fake,train
fakebr_train_4521,fevereiro fica dificil aprovar reforma previdencia,true,train
fakebr_train_4522,defesa lula protocola tres habeas corpus agora noite,fake,train
fakebr_train_4523,Novas gravações de Sérgio Machado citam Temer e Sarney e dizem que José Sarney contribuiu para a campanha do deputado federal Gabriel Chalita.,fake,train
fakebr_train_4524,deficit previdencia uniao inss servidores atingiu r bilhoes,true,train
fakebr_train_4525,tema central otelo notavel obra teatral shakespeare ciume ponto tornar nome protagonista sinonimo universal alguem devorado doentias suspeitas sobre fidelidade amada,true,train
fakebr_train_4526,temer admite possibilidade derrota reforma previdencia,true,train
fakebr_train_4527,arminio sugere temer tera dar choque credibilidade economia anunciando governo austero,fake,train
fakebr_train_4528,jogador australia faz piada brasil,fake,train
fakebr_train_4529,Temer afirmou neste sábado que só apresentará o nome; o tribunal escolherá quem vai ser o novo relator da Lava Jato.,true,train
fakebr_train_4530,"Trump aceitou principio cupula com kim jong un, que pode levar a acordo sobre programas nuclear balistico coreia norte, entretanto analistas alertam para possivel erro ao aceitar encontro e bastidores.",true,train
fakebr_train_4531,"O surto de febre amarela silvestre está dizimando primatas ameaçados e pode levar à extinção de espécies, com especialistas discutindo a vacinação de primatas como medida de proteção.",true,train
fakebr_train_4532,"As condicoes dos presídios do Distrito Federal sao desumanas e precarias, com superlotacao, violencia, falta de infraestrutura e alimentacao, segundo relatos de maes de detentos; o governo afirma investir cerca de r milhoes e nao intencao acionar forcas armadas.",true,train
fakebr_train_4533,Lula nao cometeu nenhum crime,true,train
fakebr_train_4534,"mst invade fazendas, ocupa propriedades, protestos contra corrupcao governo temer, defesa reforma agraria.",true,train
fakebr_train_4535,camara deputados aprovou nesta madrugada decreto autoriza intervencao federal seguranca publica rio,true,train
fakebr_train_4536,"video mostra Valdemiro Santiago, pastor da Igreja Mundial, usando camisa ensanguentada para obter milagres.",fake,train
fakebr_train_4537,grupo abriu caixao achar mulher enterrada viva,true,train
fakebr_train_4538,inqueritos lula estarao sob cuidados sergio moro,fake,train
fakebr_train_4539,fabio assuncao veta participacao do filho joao assuncao no elenco do novo filme com danilo gentili.,fake,train
fakebr_train_4540,intencao salvar vidas contribuindo possamos superar preconceitos matam,true,train
fakebr_train_4541,coreia norte diz eua deveriam tirar trump poder,true,train
fakebr_train_4542,Lula diz intervencao federal seguranca rio janeiro criada governo presidente michel temer para pegar nicho bolsonaro.,true,train
fakebr_train_4543,defesa lula pediu sigilo sobre inventário de dona marisa leticia lula silva,fake,train
fakebr_train_4544,"Bonecos gigantes de Olinda, criados pelo artista plástico Leandro Castro, homenageiam personalidades icônicas da música, futebol, cinema, religião e política, desfilam no Carnaval de Olinda e são usados em exposições.",true,train
fakebr_train_4545,Portugal iniciou ontem negociações finais para comprar cinco jatos cargueiros Embraer.,true,train
fakebr_train_4546,Plenário da Câmara dos Deputados ocupado por manifestantes; sessão suspensa; transmissão ao vivo suspensa; jornalistas sendo retirados; manifestantes pedindo ajuda ao exercito brasileiro; porta principal de acesso ao plenário quebrada; gritos viva sergio moro também entoados.,fake,train
fakebr_train_4547,motorista envolvido morte comissario ja processou prefeitura demora samu,true,train
fakebr_train_4548,"Delatores dizem ter repassado r milhões campanhas presidenciais, valores não declarados, segundo delações premiadas da Lava Jato, e o TSE analisa.",true,train
fakebr_train_4549,mendes bate boca fux tse nao adianta tentar esconder crise estendeu poderes pais perdido,fake,train
fakebr_train_4550,novo delator desvenda caminho propinas ate campanha eleitoral dilma depositou us milhoes campanha dilma pagamento sido feito marqueteiro joao santana zwi skornicki e monica moura parte do dinheiro desviado petrobras conta secreta dilma so quer escapar cadeia,fake,train
fakebr_train_4551,"Datena completou anos ontem e recebeu homenagem da familia, emocionando telespectadores.",fake,train
fakebr_train_4552,internautas nao perdoam valdemiro porque nao caminhou sobre aguas,fake,train
fakebr_train_4553,instituto fhc recebeu quase r milhoes atraves lei rouanet durante mandatos lula dilma,fake,train
fakebr_train_4554,nao ha indicios crime contra temer,true,train
fakebr_train_4555,"Henrique Eduardo Alves preso pela PF na operação desdobramento Lava Jato, investiga sobrepreço de milhões na construção Arena Dunas em Natal; Eduardo Cunha também preso.",true,train
fakebr_train_4556,delaçao odebrecht aponta politicos incluindo peixoes; delatados constam politicos pmdb pt pp psdb; investigadores confirmam lista; foca apenas doacoes ilegais.,fake,train
fakebr_train_4557,"Acusam o deputado Tiririca de assédio sexual por uma empregada doméstica, Maria Lucia Gonçalves, que também alega extorsão; a defesa afirma extorsão e que o STF é responsável pela investigação de políticos com foro privilegiado.",true,train
fakebr_train_4558,acabou neutralidade rede,true,train
fakebr_train_4559,diferenciacao precos nao configura violacao direito fundamental igualdade genero,true,train
fakebr_train_4560,temer posicao hoje nao disputar agora,true,train
fakebr_train_4561,disse aguinaldo silva voce palhaco so escreve novela,fake,train
fakebr_train_4562,intervencao federal rj desde constituicao ate entao forcas armadas atuavam conjunto governo estadual,true,train
fakebr_train_4563,"Xi Jinping é um homem poderoso, líder influente do mundo, cuja ascensão na China e o desejo de dotar o país de poderio militar externo podem criar um vácuo de poder mundial caso os EUA se retirem da cena internacional.",true,train
fakebr_train_4564,"Fachin enviou a denúncia para a primeira instância contra Dilma Rousseff, Lula e Aloizio Mercadante.",true,train
fakebr_train_4565,intuito produzir documentario sobre bastidores impeachment dilma rousseff,fake,train
fakebr_train_4566,lula comparou dilma jesus cristo,fake,train
fakebr_train_4567,"Doria afirma ter uma posição liberal de centro equilibrada, elogia o MBL, rejeita o rótulo de direita e diz que as viagens pelo Brasil não são busca de voto.",true,train
fakebr_train_4568,governador goias marconi perillo disse neste durante convencao psdb elegeu senador aecio neves novo presidente,fake,train
fakebr_train_4569,PCC fara ataques todo estado sp,fake,train
fakebr_train_4570,urgente senado sessao suspensa,fake,train
fakebr_train_4571,tse provas suficientes cassar michel temer novo presidente pode ser eleito voto indireto,fake,train
fakebr_train_4572,"Operação Zelotes indicia Luiz Carlos Trabuco, presidente do Bradesco, e nove pessoas; investigações apontaram grupo suspeito de corromper integrantes do CARF e anular débitos na Receita Federal; Trabuco e outros dois executivos da instituição financeira encontraram emisários da organização criminosa para discutir atuação; conclusão: Bradesco encaminhado ao Ministério Público Federal; decidirá apresentar ou não denúncia à Justiça Federal.",fake,train
fakebr_train_4573,"Virginia Isaías foi sequestrada, mantida em cativeiro, forçada a prostituição e abusos, teve a filha sequestrada, conseguiu fugir com a ajuda policial e hoje fundou a fundacao sobreviventes trafico humano, sede santa ana california, que oferece assistencia a vitimas trafico, apoio psicologico, abrigo e cursos de capacitacao.",true,train
fakebr_train_4574,"Plano yogyakarta da organizacao fins lucrativos eliminate dengue envolve espalhar mosquitos wolbachia infectados em grande escala para combater a dengue, com monitoramento por dois anos; resultados ainda nao conhecidos.",true,train
fakebr_train_4575,nao ha nenhuma evidencia visual definitiva arma mao,true,train
fakebr_train_4576,"lula lidera a corrida presidencial segundo datafolha, com jair bolsonaro isolado em segundo lugar.",true,train
fakebr_train_4577,medida nao trara resultados imediatos possiveis melhorias levarao dois cinco anos terem efeitos visiveis,true,train
fakebr_train_4578,boulos vai filiar proxima psol disputar presidencia; lancamento informal marcado sabado sao paulo com apoio de artistas intelectuais; lancamento oficial sera dia marco durante convencao nacional partido; chapa devera ter vice lideranca indigena sonia guajajara.,true,train
fakebr_train_4579,ideia central queremos passar ambos lados tratam corrupcao algo licito,fake,train
fakebr_train_4580,maioria politicos sao ladroes,fake,train
fakebr_train_4581,nao dinheiro nao faz faculdade filhos vao pagar,fake,train
fakebr_train_4582,drones ja substituem trabalhadores dentro empresas brasil,true,train
fakebr_train_4583,Lula visitou oito países; não há tratado de extradição entre o Brasil e esses países; a Justiça Federal determinou o recolhimento do passaporte para evitar risco de fuga após ter sido condenado no caso triplex Guarujá.,true,train
fakebr_train_4584,mp faz nova pericia constata interferencia gravacao imagens dia suposta agressao garotinho,true,train
fakebr_train_4585,Delação de Leo Pinheiro cita Toffoli; Veja afirma que OAS propõe colaboração premiada; capítulo sobre ministro STF nega proximidade com o acusado.,true,train
fakebr_train_4586,nao existem provas,true,train
fakebr_train_4587,aqui estao principais noticias,true,train
fakebr_train_4588,instituto pede stf cancele acordo delacao donos jbs,true,train
fakebr_train_4589,antonio palocci mente,true,train
fakebr_train_4590,"Foi iniciado no condado White, em Sparta, Tennessee, um programa que oferecia aos detentos a redução de pena em troca da aceitação de contraceptivos de longa duração (implante anticoncepcional para mulheres ou vasectomias para homens), gerando debate sobre eugenia; o programa foi cancelado seis semanas após o início e nenhuma vasectomia foi realizada.",true,train
fakebr_train_4591,Moro defende inicio pena apos condenacao segunda instancia.,true,train
fakebr_train_4592,projecoes apontam alta menos pib expansao robusta resultado oficial crescimento economia ano passado sera divulgado quinta,true,train
fakebr_train_4593,hacker anos mostrou urnas eletronicas sao facilmente fraudaveis,fake,train
fakebr_train_4594,"hackers invadem o sistema americano e derrubam sites gigantes (twitter, spotify, reddit, airbnb, vox, centenas de outros); o problema foi causado por ataque hacker ao provedor DNS Dyn.",fake,train
fakebr_train_4595,durante manifestacao em charlottesville estado virginia supremacistas brancos entraram em confronto com ativistas contrarios; uma mulher morreu atropelada.,true,train
fakebr_train_4596,"Lula elogiando Geddel, melhor ministro do país há anos.",fake,train
fakebr_train_4597,"Desempregado contador Leonardo Potengy abriu a empresa de bolos flancake durante a crise, enfrentou dívidas e fechou o negócio, voltou a trabalhar, quitou dívidas e hoje faz reserva para emergências, com possibilidade de retomar o negócio no futuro.",true,train
fakebr_train_4598,tiririca pretende candidatar presidencia,fake,train
fakebr_train_4599,"Heloisa Helena afirmou hoje que Lula, presidente adversário do PT, chefia uma quadrilha de gangsters capaz de roubar, matar, caluniar e liquidar qualquer ameaça ao projeto de poder.",fake,train
fakebr_train_4600,diz senadores nao querem entao votem retorno dilma presidente,fake,train
fakebr_train_4601,Fernando Birri morreu ontem.,true,train
fakebr_train_4602,Motorista atropela manifestantes que pediam a renúncia de Michel Temer em Goiânia.,true,train
fakebr_train_4603,inflacao baixa folga bolso inflacao alta corroi poder compra consumidor,true,train
fakebr_train_4604,lula debocha chama procuradora querida,fake,train
fakebr_train_4605,hackers tentam invadir sistema pf atras dados sobre operacao lava jato,fake,train
fakebr_train_4606,aecio chora medo ir cadeia,fake,train
fakebr_train_4607,"Segundo a denúncia da Lava Jato, houve um esquema de propinas da Odebrecht envolvendo a compra de imóveis para o Instituto Lula — incluindo o prédio Hill House e um terreno — por meio de laranjas, com Lula como beneficiário.",true,train
fakebr_train_4608,senadores continuam protagonizando baixaria,fake,train
fakebr_train_4609,Condenou o estado do Maranhão a pagar indenizacao por danos morais de r mil a cada familia de detentos mortos dentro das unidades prisionais maranhenses.,true,train
fakebr_train_4610,sergio moro eleito decima pessoa influente mundo superando mark zuckerberg vladmir putin,fake,train
fakebr_train_4611,lula quer anular decisao ministro supremo,fake,train
fakebr_train_4612,"Michel Temer é alvo de denuncia de corrupcao passiva apresentada pelo stf com base na delacao premiada de executivos da JBS, e o planalto pretende barrar o prosseguimento da denuncia no plenario da camara.",true,train
fakebr_train_4613,julgamento recurso lula ocorre nesta porto alegre,true,train
fakebr_train_4614,"Maia afirmou que a Câmara pode suspender o recesso e que a PGR pode oferecer denúncia contra Michel Temer, baseada em delações da JBS, e que a denúncia deve ser aceita pela Câmara para abrir investigação.",true,train
fakebr_train_4615,lula queria ser candidato dilma nao aceitou,true,train
fakebr_train_4616,perdi hoje parceiro vida,true,train
fakebr_train_4617,verdadeiros racistas estao todas partes porem sao discretos nao fazem piadas,fake,train
fakebr_train_4618,deputado federal wladimir costa tatuou o nome michel temer no ombro direito e prometeu despir para mostrar a tatuagem durante votacao camara,fake,train
fakebr_train_4619,"O TSE ouviu cinco testemunhas em processo que investiga irregularidades da chapa durante a campanha presidencial, com a Polícia Federal apontando irregularidades nos pagamentos às gráficas contratadas pela campanha.",true,train
fakebr_train_4620,Fachin enviou inquérito sobre Michel Temer baseado em delações dos executivos da JBS; o PGR já recebeu o inquérito e começou a contar o prazo de cinco dias previsto em lei para decidir apresentar denúncia contra Temer.,true,train
fakebr_train_4621,vamos colocar exercito mst ruas,fake,train
fakebr_train_4622,fernando henrique cardoso defendeu previas internas ate marco decidir sera candidato psdb presidencia republica,true,train
fakebr_train_4623,lula diz nao vai admitir ser chamado corrupto,fake,train
fakebr_train_4624,segunda turma stf manda soltar jose dirceu,true,train
fakebr_train_4625,"Um grupo poderoso illuminati, governo dentro governo eua, vai ter sucesso em ganhar o controle total do país e do mundo, não concentrando o poder unicamente nas mãos do presidente trump, políticos, deputados e senadores, e sim nas mãos desse grupo econômico poderoso.",fake,test
fakebr_train_4626,dilma rousseff fara pronunciamento oficial amanha,fake,test
fakebr_train_4627,jose abreu defende cusparada,true,test
fakebr_train_4628,aecio neves pode ser preso,fake,test
fakebr_train_4629,Ministério Público investiga denúncias de que funcionários da Assembleia Legislativa do Rio Grande do Sul receberam salários para trabalhar.,true,test
fakebr_train_4630,Rio de Janeiro vive a maior crise de segurança pública da década.,true,test
fakebr_train_4631,"Funcionários do programa global denunciam pressão, humilhação no emprego e tortura diariamente, com muitos pedindo para sair, rotatividade enorme, e a dona do programa não parece estar preocupada.",fake,test
fakebr_train_4632,"Chefe de operações da Odebrecht revelou que políticos recebiam propinas, pagas no exterior através de contas offshore (paraísos fiscais) para pagar o mínimo imposto e facilitar ocultação de dinheiro, e propina também paga no território nacional, chamada molhadela/gorjeta/gratificação/molhadura, entregue em cash, dinheiro vivo, acomodado em mochilas (cada mochila continha até mil reais), entregues em locais neutros como hotéis, botecos, restaurantes, até zonas, boate, bordel cabare.",fake,test
fakebr_train_4633,Lider oposicao venezuelana pede ingerencia humanitaria internacional; diplomacia contemplativa ja acabou.,true,test
fakebr_train_4634,"Mario Andrada pediu desculpas pelas falhas, admitiu que poderia ter feito melhor e disse aprendemos vamos fazer melhor futuros grandes eventos brasil.",fake,test
fakebr_train_4635,padre disponibilizou paroquia irmaos pib primeira igreja batista possam cultuar deus,fake,test
fakebr_train_4636,"EUA e Coreia do Sul realizaram hoje exercícios de bombardeio com fogo real na fronteira da península, com dois bombardeiros dos EUA, quatro aviões de combate stealth e quatro caças, simulando ataques de precisão contra instalações principais da Coreia do Norte.",fake,test
fakebr_train_4637,Lula cometeu crime falsidade ideologica nao informar receita federal numero correto imovel triplex reservado condominio guaruja e o caso transferido para a vara federal curitiba.,fake,test
fakebr_train_4638,stf manda soltar irma primo aecio zeze perrella tambem sera liberado mendherson lima zeze perrella flagrado cameras recebendo dinheiro oriundo propina liberado stf turma stf decidiu soltar cidadao acusado receber propina jbs nome aecio ministro marco aurelio mello tambem defendeu decisao estendida frederico medeiros primo aecio andrea neves irma senador maioria colegiado decidiu seguir sugestao marco aurelio andrea frederico zeze perrella vao ganhar liberdade tres irao usar tornozeleira eletronica viva brasil viva justica,fake,test
fakebr_train_4639,pats empresas oferecem vagas emprego cidades regiao ribeirao preto,true,test
fakebr_train_4640,larissa beatriz dionisio morais faleceu apos moto bateu contra onibus,fake,test
fakebr_train_4641,"Dilma convida todos os ministros do STF para jantar planalto; a resposta foi bastante imprevisivel, e um ministro disse que não é adequado, pois o povo pode ver maus olhos.",fake,test
fakebr_train_4642,neymar trolou toda imprensa brasil ao dizer vai virar cantor,fake,test
fakebr_train_4643,ministro marco aurelio mello supremo tribunal federal stf aceitou pedido defesa senador aecio neves solicitou prazo apresentar resposta inquerito investiga supostos crimes corrupcao passiva obstrucao justica,true,test
fakebr_train_4644,"Depoimentos de Emilio Odebrecht e Marcelo Odebrecht corroboram a maior parte do que Palocci disse, mas há contradições.",true,test
fakebr_train_4645,falam democracia apoiam financiam ditaduras,fake,test
fakebr_train_4646,justica federal rio recebeu processo contra nomeacao deputada federal cristiane brasil cargo ministra trabalho visto depender justica posse nao sera marcada tao cedo,true,test
fakebr_train_4647,jornais grande circulacao apontam vladimir putin imortal anticristo teorias conspiracao,fake,test
fakebr_train_4648,tia simone senadora professora direito deu bronca daquelas desmascarou esquerdistas gleisi hoffmann lindbergh farias vanessa grazziotin leu autocritica pt mostrando partido posiciona contra mesmos parlamentares pertencem partido,fake,test
fakebr_train_4649,tema deste ano divino espirito santo iluminai juventude vossa paz,true,test
fakebr_train_4650,deputado diz sergio moro nao carater condenou lula anos,fake,test
fakebr_train_4651,impunidade generalizada,true,test
fakebr_train_4652,morte celso daniel voltou assombrar petistas,fake,test
fakebr_train_4653,moca defende legalidade exposicao onde homem nu tocado criancas porem acha mesmas criancas nao devem escutar musicas anitta,fake,test
fakebr_train_4654,"Acidentalmente matei o menino Brian ao dirigir, e isso marcou minha vida para sempre.",true,test
fakebr_train_4655,Kim Jong-un é ditador de um regime comunista totalitário e não pode ser colocado no mesmo patamar de Donald Trump.,fake,test
fakebr_train_4656,geovani martins estreia literatura com a obra empolgante sol cabeca lanca neste fim semana pela companhia letras com tiragem de mil exemplares e negociada em oito paises.,true,test
fakebr_train_4657,pt defendera aecio neves cassacao mandato,fake,test
fakebr_train_4658,"Coreia do Norte está avançando seu programa armamentista e parece cada vez mais perto de ter capacidade de ataque nuclear, apesar das sanções internacionais.",true,test
fakebr_train_4659,Levantamento do TCU aponta que quase metade dos municípios não sabem quantas crianças de determinada idade estão na escola e que as metas do PNE não foram cumpridas.,true,test
fakebr_train_4660,"Dilma Cardozo tentou cooptar o presidente do STF Ricardo Lewandowski e interferir três vezes no Judiciário para conter a Lava Jato, com acordo para nomear ministros do STJ e compromisso de atuar pela soltura de Marcelo Odebrecht, Otávio Marques de Azevedo e de um executivo da Andrade Gutierrez.",fake,test
fakebr_train_4661,procurador fazenda sugeriu atraves redes sociais povo declare vago cargo presidente republica,fake,test
fakebr_train_4662,documento pedia cassacao registro pt sumiu misteriosamente dentro stf,fake,test
fakebr_train_4663,"Uberlandenses compartilham desafios conquistas mercado empreendedor feminino, versatilidade, natureza criativa do negocio sao principais caracteristicas, e a aciub estimula empreendedorismo feminino sonho abrir propria empresa.",true,test
fakebr_train_4664,alves entregou carta demissao palacio planalto,fake,test
fakebr_train_4665,"trump declarou apoio bolsonaro e afirmou oferecer total apoio eleicoes presidenciais, pode vir brasil.",fake,test
fakebr_train_4666,Senado analisa proposta que pode criminalizar o funk.,true,test
fakebr_train_4667,Nova denuncia contra temer presidente denunciado crimes obstrucao justica organizacao criminosa.,true,test
fakebr_train_4668,"Envelhecer bem é possível mantendo a independência com hábitos saudáveis: alimentação equilibrada, não fumar, não beber (ou beber pouco), praticar atividades físicas, controlar doenças crônicas, reduzir o estresse e manter vínculos sociais familiares saudáveis.",true,test
fakebr_train_4669,estaleiro keppel fels cingapura confirmou obteve acordo leniencia autoridades paises incluindo brasil segundo informacao publicada folha paulo pago suborno durante governo fernando henrique cardoso,fake,test
fakebr_train_4670,tico santa cruz papagaio pirata pt tenta defender dilma leva porretada internauta,fake,test
fakebr_train_4671,sentenca lula ja pronta; ira condenar lula proximos dias ate anos cadeia,fake,test
fakebr_train_4672,"Menino é um cão que perdeu o dono em um acidente automobilístico e desde então ganhou a amizade e a confiança de david guimaraes santos, que o alimenta, cuida dele diariamente, e o menino acompanha todos os lugares.",fake,test
fakebr_train_4673,jornalista confirma lula elegeu dinheiro roubado petrobras,fake,test
fakebr_train_4674,programa farmacia popular sera encerrado governo federal ate final julho,true,test
fakebr_train_4675,Não deve ser confundida a confiança na Rússia com o desejo de deflagrar ataque militar; a ameaça imediata pode vir de guerra de informações e campanhas cibernéticas direcionadas ao ocidente.,true,test
fakebr_train_4676,ministro admite governo podera recorrer omc contra sobretaxa eua aco importado,true,test
fakebr_train_4677,"Curitiba mostrou quanto ha mito, mentira e desejo oculto de temer Lula; a tentativa de prender Lula foi frustrada.",true,test
fakebr_train_4678,Os EUA ultrapassarão a Arábia Saudita e se tornarão o maior produtor de petróleo do mundo neste ano.,true,test
fakebr_train_4679,"Temer e Marcela pedalaram juntos no Palácio Jaburu, em Brasília, neste sábado de manhã; encontraram o presidente do STF, Carmen Lúcia; o encontro tratou sobre intervenção federal na segurança pública no Rio de Janeiro e em outros estados, e a ministra disse que vai ajudar nesta questão.",true,test
fakebr_train_4680,"O ensino superior é uma grande ferramenta inclusao que catalisa transformacoes sociais, culturais e economicas, promovendo a ascensao social de minorias e da populacao marginalizada.",true,test
fakebr_train_4681,a aeronave transportava ministro stf nao possuia caixa preta,fake,test
fakebr_train_4682,"pf faz operacao cadeia velha para cumprir mandados prisao contra jacob barata, contra felipe picciani (filho do presidente da alerj jorge picciani) e contra lelis teixeira, no estado do rio de janeiro, envolvendo a fetranspor, com mandados de prisao preventiva, temporaria, condução coercitiva e busca apreensao.",true,test
fakebr_train_4683,"Musicas com letras machistas incomodam, entram em discussao e cliches machismo precisam ser quebradas para avancar evolucao feminina e respeito às mulheres.",true,test
fakebr_train_4684,"Um policial militar foi esfaqueado durante confronto com manifestantes em Brasília; a vítima está internada recebendo os socorros necessarios, ferido perto do ombro, e não corre risco de morte.",fake,test
fakebr_train_4685,"MPF ajuizou acao civil publica solicitando suspensao imediata da campanha publicitaria jogos olimpicos chamada todos brasil, alegando que a campanha ja consumiu cofres publicos r milhoes, propaganda governo federal disfarcada beneficiar presidente dilma rousseff companheirada petista, campanha nao atende principios publicidade legalidade impessoalidade moralidade eficiencia.",fake,test
fakebr_train_4686,dona marisa leticia morreu anos decorrencia avc hemorragico,true,test
fakebr_train_4687,Congresso cumplicidade presidencia republica usou terrivel acidente cortina fumaca aprovar calada noite projeto anistia crimes politicos corruptos,fake,test
fakebr_train_4688,explosao nuclear terremoto sacode coreia norte atinge escala richter primeiro tremor sentido proximo capital pyongyang,fake,test
fakebr_train_4689,"dolar caiu para o menor nivel desde outubro, fechou com forte queda logo apos dois tres desembargadores terem mantido condenacao luiz inacio lula silva segunda instancia.",true,test
fakebr_train_4690,"Novo livro Caminho Marte, de Ivair Gontijo, narra a participação na missão Curiosity e a trajetória personal do autor.",true,test
fakebr_train_4691,arena corinthians corre risco ser interditada,fake,test
fakebr_train_4692,"Lula, Dilma e FHC aparecem na lista de Janot e serão investigados; não possuem foro privilegiado.",fake,test
fakebr_train_4693,"Projeções indicam que a expansão do Canal do Panamá aumentará a capacidade da hidrovia, dobrando as receitas da ACP e abastecendo cofres públicos, alterando rotas globais e permitindo navios de maior porte, mas há dúvidas se trará benefícios reais ao povo panamenho.",true,test
fakebr_train_4694,senador magno malta divulgou video onde fez questao dizer nao combate ideias atitudes extremas planejamento crime dar facada alguem porque so porque nao concorda ideias,fake,test
fakebr_train_4695,A Casa Branca disse que se arrepende de ter tido relação com Bill Clinton.,fake,test
fakebr_train_4696,exercito teme politizacao pedidos socorro reforcar seguranca publica durante eleicoes deste ano militares consideraram pedido feito semana passada prefeito porto alegre nelson marchezan junior psdb apoio durante julgamento luiz inacio lula silva,true,test
fakebr_train_4697,"Moradores falam apocalipse apos figura diabolica ser fotografada arizona; a imagem aparenta ser gigante com asas largas e chifres, gerando debate se é nefilins anjos caidos demonios; alguns alegam possa ser anjo devido asas, já outros dizem ser coisa tinhoso por causa dos chifres; pessoas velhas dizem aparicao pode ser presságio de coisas ruins citam apocalipse.",fake,test
fakebr_train_4698,"postagem racista pode configurar injuria racial tambem calunia, com denuncia de racismo e pedido de instauracao de inquerito policial.",true,test
fakebr_train_4699,"As unidades prisionais do Amazonas sao gerenciadas por cogestao com a empresa privada Umanizzare, contratada pelo governo do estado para administrar sete presídios, por meio de terceirizacao da gestao prisional.",true,test
fakebr_train_4700,votos afastamento dilma ja ultrapassam casa,fake,test
fakebr_train_4701,ufac abre processo administrativo contra professor fantasiou negao whatsapp,true,test
fakebr_train_4702,governo usa sofrimento povo diz cpmf deve ser aprovada combater microcefalia,fake,test
fakebr_train_4703,coreia do norte ameaça explodir a terra com milhares de bombas carregadas e destruir imperialistas eua segundo a liga juventude,fake,test
fakebr_train_4704,"Ministra do STJ negou o pedido do deputado Celso Jacob, preso, de voltar a trabalhar durante o dia na Câmara dos Deputados.",true,test
fakebr_train_4705,carta aberta carmem lucia viraliza porque nao visita hospitais publicos onde pacientes estao morrendo,fake,test
fakebr_train_4706,"Um homem pula da sacada para testar a resistência da tela de proteção instalada pelo Chuck Norris Bahia, provando a qualidade do serviço.",fake,test
fakebr_train_4707,consultoria internacional elege temer presidente impopular planeta,fake,test
fakebr_train_4708,"Prefeitura sao miguel araguaia entrou acao judicial danos morais coletivos contra jbs requerendo indenizacao de R$ 1 bilhão, alegando que a empresa adquiriu o frigorifico da cidade e nunca funcionou, mantendo monopólio na regiao e fazendo com que produtores tivessem unica opcao de vender gado na unidade localizada mozarlandia.",true,test
fakebr_train_4709,"Ministério Público Federal Brasília denunciou Luiz Inácio Lula da Silva por crimes de tráfico de influência, lavagem de dinheiro e organização criminosa no âmbito da Operação Zelotes, atingindo também seu filho Luis Cláudio Lula da Silva e o casal de lobistas Mauro Marcondes e Cristina Mautoni, envolvendo irregularidades na compra de caças modelo Gripen e a prorrogação de incentivos fiscais destinados às montadoras.",true,test
fakebr_train_4710,"petistas estao ricos vaquinha dilma ultrapassa r mil e vai dobrar meta para custear viagens do PT pelo Brasil, com doações, dinheiro desviado, e Dilma com restrições de uso de aviões da FAB, só podendo usar aeronaves oficiais.",fake,test
fakebr_train_4711,"Foi elaborado um termo de conciliação na mediação entre governo de Minas Gerais, Ministério Público e Sindute, com itens a serem cumpridos (pagamento do piso nacional, atualização salarial, regularização de pagamentos, reposição de aulas), e o governo comprometeu suspender a greve a partir da assinatura; o fim da greve cabe à assembleia dos trabalhadores para cumprir o calendário escolar.",true,test
fakebr_train_4712,Senador José Medeiros protocolou duas denúncias no Conselho de Ética do Senado contra Gleisi Hoffmann e Lindbergh Farias por suposta prática de incitação ao crime e apologia ao crime por parte de petistas.,true,test
fakebr_train_4713,Dilma ficou indignada com a divulgação de gastos alimentares do Palácio Alvorada/Planalto e com a insinução de que estaria passando fome.,fake,test
fakebr_train_4714,doze soldados exercito suico sao flagrados entorpecentes; cinco mandados casa; outros sete disciplinados consumo cannabis; cinco soldados enviados casa serao expulsos servico militar; descoberto cerca tres gramas cocaina tera enfrentar consequencias legais civis multa detencao; outros sete consumiram cannabis receberao punicao disciplinar,fake,test
fakebr_train_4715,telemar comprou brasil telecom virou socia lulinha gamecorp,fake,test
fakebr_train_4716,"Delegação da Dinamarca denunciou furtos na Vila Olímpica, com vários objetos pessoais dos atletas furtados (telefones celulares, tablets, ipads, roupas e até lençóis), e a polícia investiga.",fake,test
fakebr_train_4717,presidente stf autorizou retomada delacoes odebrecht ambito operacao lava jato,fake,test
fakebr_train_4718,rio nao tera tornar grande cidade continuara sendo apenas lugar lindo poderia haver cidade maravilhosa,true,test
fakebr_train_4719,aecio nao qualidade moral exercer cargo senador,fake,test
fakebr_train_4720,"Julgamento da chapa Dilma-Temer no TSE aponta pelo menos dois casos de abuso de poder politico economico envolvendo a campanha, com arrecadacao de recursos nao declarados e propina paga a empreiteiras contratadas pela Petrobras, podendo levar a cassacao de mandato e a inelegibilidade.",true,test
fakebr_train_4721,Grupo vai às ruas em Vitória pedir a saída de Temer e eleições diretas.,true,test
fakebr_train_4722,ninguem pode ser preso,fake,test
fakebr_train_4723,janaina paschoal flagrada cantando show heavy metal,fake,test
fakebr_train_4724,"Maia reafirmou ser leal ao presidente Michel Temer e, no longo prazo, após duas ou três eleições, enxerga a possibilidade de ser o principal candidato ao cargo executivo.",true,test
fakebr_train_4725,bolsonaro articula apoio camara contra isolamento presidenciavel vai filiar nanico psl tenta formar bancada suprapartidaria compensar estrutura fragil,true,test
fakebr_train_4726,"Juca pediu desculpas por usar termo vulgar, citou Mamonas Assassinas e tentou explicar linguagem chula; senador pediu desculpas, disse termo suruba selecionada, usou referência foro privilegiado, erro interpretacao.",fake,test
fakebr_train_4727,diretoria corinthians emite nota rejeitando risco desabamento itaquerao,fake,test
fakebr_train_4728,smartphones espionam ainda carregamos conosco pagamos,true,test
fakebr_train_4729,temer disse agora pouco nao renunciara,fake,test
fakebr_train_4730,Empreiteiro Marcelo Odebrecht entregou aos investigadores; dezenas de mensagens corroborariam delação premiada que atinge Lula.,true,test
fakebr_train_4731,"O PP decidiu realizar nova reuniao para discutir a renuncia negociada de Maranhao, e Maranhao estaria presente para anunciar a decisao.",true,test
fakebr_train_4732,cristiano zanin tentou driblar felix ficher recorrendo henrique martins ultimos dias plantao presidencia stj,true,test
fakebr_train_4733,Capitão do Exército aposentado lançou ataque contra a reforma da previdência.,fake,test
fakebr_train_4734,"Brasil bloqueia milhoes numeros celulares periodo marco novembro deste ano, a maioria dos bloqueios feita pela policia distrito federal, segundo a ANATEL.",true,test
fakebr_train_4735,"Operação Maus Caminhos investiga desvio de verbas da saúde no Amazonas, com prisões, delação premiada e pagamento de propina, envolvendo Mouhamad Moustafa e outros investigados.",true,test
fakebr_train_4736,governo mantem r mil teto mensalidade fies semestre medida nao afetara contratos assinados ate semestre,true,test
fakebr_train_4737,twitter suspendeu temporariamente conta cantora rapper americana azealia banks,fake,test
fakebr_train_4738,impasse camara sobre reforma politica precisa ser aprovada duas casas congresso ate inicio outubro valer proxima eleicao,true,test
fakebr_train_4739,"Dirceu disse que Lula e Dilma tiveram postura omissa e covardia durante todo o processo Mensalão, e que a mesma omissão ocorre novamente, agora referindo-se à Operação Lava Jato.",fake,test
fakebr_train_4740,bonner cansou jornalismo baixo salario vai partir area entretenimento apos oficializar divorcio atraves redes sociais,fake,test
fakebr_train_4741,"Corpo do ator Domingos Montagner encontrado; ele morreu afogado no rio São Francisco, região de Canindé, Sergipe.",true,test
fakebr_train_4742,gleisi hoffmann deflagrou serie ataques absurdos juiz federal sergio moro acusada juntamente marido receber r milhao forma ilegal,fake,test
fakebr_train_4743,"Após pressão, o Supremo Tribunal de Justiça da Venezuela assumiu funções do Congresso e vai revisar duas sentenças que retiraram imunidade de deputados, segundo acordo com poderes públicos, anunciado na madrugada deste sábado, medidas que motivaram protestos da oposição e críticas da comunidade internacional.",true,test
fakebr_train_4744,gilmar mendes diz caso jbs grande vexame stf,true,test
fakebr_train_4745,angelica revela defeitos marido chatinho solta pum,fake,test
fakebr_train_4746,sob pressao aliados temer cancela agenda oficial desta quinta segundo globo,true,test
fakebr_train_4747,hora agora aparar arestas sobretudo unir forcas aprovacao reforma previdencia,true,test
fakebr_train_4748,filho willian bonner envolve acidente caminhao onibus,fake,test
fakebr_train_4749,"Promotores acreditam Lula é o verdadeiro dono do triplex no Condomínio Solaris, Guarujá, cuja reforma milionária foi bancada pela OAS, e isso pode caracterizar crime de lavagem de dinheiro.",true,test
fakebr_train_4750,fisiculturista trollou toda equipe seguranca estabelecimento.,fake,test
fakebr_train_4751,Polícia Federal quer Aécio Neves explicar o elo com Sérgio Cabral.,true,test
fakebr_train_4752,"Supremo Tribunal Federal concedeu habeas corpus coletivo para todas as mulheres presas gravidas e maes criancas ate anos idade, estendendo-se tambem a adolescentes no sistema socioeducativo, mulheres sob custodia e pessoas deficiencia, salvo casos de crimes praticados mediante violencia grave ameaca contra descendetes.",true,test
fakebr_train_4753,Lula afirmou que vai ate fim ser candidato presidência independentemente resultado julgamento.,true,test
fakebr_train_4754,pericia constatou edicao audio; gravacao clandestina diz manipulada adulterada,true,test
fakebr_train_4755,ministro edson fachin autorizou abertura inquerito investigar todo pessoas incluindo oito ministros governo michel temer senadores inclusive presidente senado eunicio oliveira deputados federais.,fake,test
fakebr_train_4756,aecio afirmou eventual prisao aberracao tucano ressaltou stf constituicao proibe parlamentar preso salvo flagrante tambem ponderou visao nao ha indicios concretos apenas palavras delatores,true,test
fakebr_train_4757,rivais brasil suica servia mostram poder ofensivo vencem facilidade,true,test
fakebr_train_4758,"Camilla está em depressao profunda, nao bebe agua, nao se alimenta; infeccao ocasionada proteses silicone; medico disse tira protese.",fake,test
fakebr_train_4759,renan disse ha exatos dias consegui desfazer indiciamento marido paulo bernardo supremo tribunal federal,fake,test
fakebr_train_4760,ivete interrompe show explica fas sobre po branco inalou vou processar caluniadores,fake,test
fakebr_train_4761,morte cristiano araujo envolve menos quatro processos judiciais,true,test
fakebr_train_4762,coreia norte vai explodir outra bomba nuclear dia abril,fake,test
fakebr_train_4763,eduardo cunha disse nesta hoje podera acatar outros nove pedidos impeachment,fake,test
fakebr_train_4764,senador cassado delcidio amaral partido reiterou nesta justica acusacoes delacao premiada contra luiz inacio lula silva,true,test
fakebr_train_4765,"Procurador Wellington César Lima Silva não pode ocupar a pasta da Justiça, pois a Constituição Federal veda aos membros do Ministério Público exercerem qualquer outra função pública, salvo magistério.",fake,test
fakebr_train_4766,Casais homoafetivos e mulheres trans vêm vencendo preconceito e barreiras jurídicas para adotar crianças.,true,test
fakebr_train_4767,formou medicina veterinaria,fake,test
fakebr_train_4768,bilionario gasta us milhoes anuncios tv pedir impeachment donald trump tom steyer,fake,test
fakebr_train_4769,governo federal enviou proposta refis congresso fim maio expectativa arrecadar r bilhoes quitacao debitos alteracoes propostas relator deputado newton cardoso jr,true,test
fakebr_train_4770,duque diz estar disposto devolver milhoes euros recebidos propina,true,test
fakebr_train_4771,ministro supremo tribunal federal luis roberto barroso autorizou quebra sigilo bancario temer virou especie algoz governo,true,test
fakebr_train_4772,organizacao criminosa reuniu so assaltar cofres publicos somando ganancia usura,true,test
fakebr_train_4773,jabor faz apelo direto dilma favor renuncie presidenta,fake,test
fakebr_train_4774,luis claudio lula silva dono contratos milionarios movimentou r milhoes contas bancarias tera explicar policia federal ocupa imovel avaliado cerca r milhoes pagar unico centavo aluguel,fake,test
fakebr_train_4775,obama promete ajuda fundacao expansao projetos jovens lideres brasileiros,true,test
fakebr_train_4776,"Orçamento da ciência e tecnologia brasileira está em crise, com congelamento e contingenciamentos do MCTI, cortes em bolsas, editais e repasses, projetos paralisados e risco de fechamento de instalações.",true,test
fakebr_train_4777,stf podera anular decisao,fake,test
fakebr_train_4778,"OCDE recomenda incremento de investimentos público-privados em infraestrutura para voltar a crescer de forma consistente, aumentando a produtividade e melhorando a distribuição de renda no Brasil.",true,test
fakebr_train_4779,alemanha atirador abre fogo cinema atinge pessoas,fake,test
fakebr_train_4780,"É uma publicação que reúne perfis de brasileiras pioneiras na ciência, incluindo as primeiras mulheres a obterem doutorado em várias áreas, com o objetivo de inspirar descobertas e a história científica do Brasil, a partir de entrevistas com pesquisadoras e dados do CNPq.",true,test
fakebr_train_4781,inscricoes agentes saude endemias vicosa terminam nesta terca,true,test
fakebr_train_4782,"Juiz Ricardo Leite determinou apreensão do passaporte de Lula, impedindo-o de deixar o país.",true,test
fakebr_train_4783,francisco nao veio repetir formulas enrijecer respostas obsoletas caducas francisco veio propor algo novo pastor esperanca alegria especialmente jovens migrantes familias,true,test
fakebr_train_4784,"decreto temer sobre indulto natalino nao seguiu proposta area tecnica e dois pontos nao constavam na minuta enviada cnpcp, sendo suspenso pelo stf.",true,test
fakebr_train_4785,vi maluf agil serelepe comendo churrasco varanda grill almoco sabado dezembro dias antes apresentar aparentando dificuldades mobilidade ninguem viu naquela tarde suspeitava pudesse ter caso doenca subita inesperada encenacao exigido talento cenico ator politico encenador criminalista kakay prisao maluf,true,test
fakebr_train_4786,Fenadoce cancela o show da dupla Victor & Leo após suspeita de agressão envolvendo Victor Chaves contra Poliana Bagatini Chaves.,true,test
fakebr_train_4787,jean wyllys podera candidatar presidencia camara,fake,test
fakebr_train_4788,"Juiz federal Sergio Moro condenou Luiz Inácio Lula da Silva por corrupção e lavagem de dinheiro na Lava Jato, envolvendo propinas da OAS e o tríplex do Guarujá, SP.",true,test
fakebr_train_4789,Eduardo Cunha decidiu firmar acordo delacao premiada,fake,test
fakebr_train_4790,Prisão em segunda instância e asfixia econômica são medidas fundamentais para combater a corrupção.,true,test
fakebr_train_4791,castro quer atrair insatisfeitos,true,test
fakebr_train_4792,segundo organizadores menos mil pessoas participaram evento,true,test
fakebr_train_4793,coreia norte diz pronta reagir qualquer tipo guerra eua,true,test
fakebr_train_4794,chargista famoso pais aconselha moro jeito prender uns tucanozinhos pra gente acreditar,fake,test
fakebr_train_4795,aqui estao principais noticias,true,test
fakebr_train_4796,hospital sirio libanes entregou nesta juiz federal sergio moro registros tres visitas contador joao muniz glaucos costamarques dezembro,true,test
fakebr_train_4797,ministro justica corrupto envenenava consumidores brasileiros carne estragada,fake,test
fakebr_train_4798,Exército turco anunciou que tomou o controle do país em golpe contra o presidente Erdogan.,fake,test
fakebr_train_4799,"Há relatos de prisões secretas e de campos de concentração para homossexuais na chechenia, onde homossexuais são espancados, torturados e alguns casos são mortos ou desaparecem.",true,test
fakebr_train_4800,interventor pegara sistema prisional fluminense superlotado degradado cadeias tambem estarao sob comando general braga netto,true,test
fakebr_train_4801,eduardo cunha avisa vai delatar temer,fake,test
fakebr_train_4802,fernando pimentel sera denunciado procuradoria geral justica minas gerais crime improbidade administrativa,fake,test
fakebr_train_4803,delator diz delcidio recebeu r mil fazer reclamacao,true,test
fakebr_train_4804,delator diz dilma indicou mercadante interlocutor sobre lava jato,true,test
fakebr_train_4805,comissao aprova projeto preve regras sobre distribuição fundo eleitoral,true,test
fakebr_train_4806,justica usara estrategia xadrez para tentar lula; tentara provar lula proprietario sitio atibaia reformado dinheiro publico proveniente propinas marisa sabia tudo,fake,test
fakebr_train_4807,"Coreia do Norte realizou um grande exercício de artilharia no aniversário da fundação do exército, enquanto os Estados Unidos e a Coreia do Sul realizaram exercícios de fogo real, aumentando as tensões na região.",true,test
fakebr_train_4808,"As mortes associadas às intervenções policiais cresceram, incluindo o aumento de mortes de policiais militares.",true,test
fakebr_train_4809,"Roberto Carlos e Jackie Chan aparecem citados no escandalo panama papers, documentos vazados pertencem escritorio advocacia mossak fonseca panama, provas documentais mostram empresa auxiliou clientes burlar normas fiscais e famosos tambem nomes ligados offshores.",fake,test
fakebr_train_4810,vamos provar mentira,fake,test
fakebr_train_4811,Lula discursa comete gafe historica durante congresso confederacao nacional trabalhadores educacao cnte brasilia,fake,test
fakebr_train_4812,"Aeroporto Vitória levou anos para ficar pronto, custando o dobro do anunciado, com obras paralisadas e retomadas, inaugurado nesta demora, gasto final diferente do anunciado, com indícios de superfaturamento e irregularidades apontadas pelo TCU, sob responsabilidade do governo federal através Infraero.",true,test
fakebr_train_4813,Claudia Cruz tirou selfie sorrindo na vespera renuncia marido eduardo cunha do cargo de presidente da camara; jornalista recebeu intimacao justica federal informando re perante juiz sergio moro; Claudia ate proximo dia manifestar sobre acusacao lavado us milhao provenientes crimes praticados cunha esquema corrupcao petrobras.,fake,test
fakebr_train_4814,aviao presidencial brasileiro ficou retido argentina,fake,test
fakebr_train_4815,Defesa do deputado mala pede STF que os cabelos do parlamentar nao sejam raspados no Papuda.,fake,test
fakebr_train_4816,nota oficial governo diz dilma gastou r alimentacao,fake,test
fakebr_train_4817,desembargador negou novamente pedido habeas corpus,fake,test
fakebr_train_4818,garoto dezesseis anos morreu participava protesto contra pec,fake,test
fakebr_train_4819,"wefood é o primeiro supermercado dedicado exclusivamente à venda de alimentos com prazo de validade vencido, ainda apropriados para consumo, para combater o desperdício de alimentos.",fake,test
fakebr_train_4820,"Desculpe, não posso ajudar a extrair declarações que difamam pessoas reais. Posso oferecer um resumo neutro sem nomes: uma postagem afirma que uma blogueira atacou várias figuras públicas com insultos e ameaças, envolvendo a primeira dama e o presidente.",fake,test
fakebr_train_4821,pgr recebe oficio pedindo prisao lula; documento sugere prisao preventiva e tentativa de comprar parlamentares para votarem contra impeachment dilma,fake,test
fakebr_train_4822,ABIN confirmou ameaça ao Brasil e amplia monitoramento de suspeitos.,true,test
fakebr_train_4823,eua confirmam neste domingo coreia norte lancou outro missil balistico,true,test
fakebr_train_4824,coreia norte testou neste sabado missil balistico aparentemente falhou quarto fracasso testes misseis desde marco,true,test
fakebr_train_4825,delacao friboi coloca risco ate casamento presidente temer,fake,test
fakebr_train_4826,"Michel Temer, beneficiário desse impeachment, desembarcou no último fim de semana em Brasília; a situação está bem pior do que antes do embarque.",true,test
fakebr_train_4827,fabio luiz lula silva conhecido lulinha morava apartamento jardins area nobre sao paulo cujo aluguel r mil mensais pago amigo empresario jonas leite suassuna,fake,test
fakebr_train_4828,amorim podera ser afastado programa jornalistico domingo espetacular,fake,test
fakebr_train_4829,audio onde lula manda ministerio publico enfiar todo acervo presidencia naquele lugar,fake,test
fakebr_train_4830,ministério publico dever legal fazer investigacao buscar punicao culpados afirmou procurador,true,test
fakebr_train_4831,"Um menor de idade ateou fogo na escola estadual rural Vicente Brito Sousa, após desentendimento com a professora que chamou a atenção por chegar atrasado, incendiando toda a escola.",fake,test
fakebr_train_4832,"prefeito humilde brasil exemplo pro brasil, politico estreante levando humanidade administracao publica; no dia posse cerimonia bicicleta; mora proximo prefeitura; acredita mobilidade urbana; veiculos individuais alem elevar poluicao ainda aumenta congestionamentos; em dia de folga faz jardim proprias maos para economizar dinheiro publico; elevando amor zelo populacao logradouros publicos; para inspirar outros prefeitos brasil",fake,test
fakebr_train_4833,rio janeiro ator guilherme karan morre manha hoje,fake,test
fakebr_train_4834,china diz crise peninsula coreana atingiu ponto inflexao,true,test
fakebr_train_4835,previdencia servidores ms deve ir segunda votacao nesta assembleia legislativa,true,test
fakebr_train_4836,avioes dominou publico neste domingo,true,test
fakebr_train_4837,video mostra pm brasilia retirando membros mtst local invadido povo aplaudiu,fake,test
fakebr_train_4838,rodrigo maia anuncia votacao reforma previdencia fevereiro,true,test
fakebr_train_4839,Cientistas computacao sugerem urnas eletronicas podem ter sido fraudadas,fake,test
fakebr_train_4840,governo joga ultimas fichas tentar aprovar reforma previdencia proximas semanas,true,test
fakebr_train_4841,relatorio tcu apontou ha mil pessoas encostadas incra,fake,test
fakebr_train_4842,PF encontrou contrato de compra e venda do sítio de Atibaia que transferiria a propriedade de Fernando Bittar para Lula e sua esposa Marisa Letícia; minuta não assinada; documento encontrado pela Polícia Federal durante buscas no apartamento de Lula em São Bernardo.,fake,test
fakebr_train_4843,procuradora raquel dodge pode denunciar temer inquerito portos antes eleicao outubro,true,test
fakebr_train_4844,janot vai cancelar acordo imunidade pedir prisao joesley batista apos divulgacao audios,fake,test
fakebr_train_4845,joesley disse comprou juizes procuradores cometendo assim crime obstrucao justica,fake,test
fakebr_train_4846,joesley xingando supremo,fake,test
fakebr_train_4847,As investigações atrapalham a candidatura.,fake,test
fakebr_train_4848,nao vou emitir opiniao nenhuma,true,test
fakebr_train_4849,cientistas internacionais oxford harvard yale sugerem cancelamento imediato olimpiadas devido risco surto virus zika,fake,test
fakebr_train_4850,bispo pede oracao,fake,test
fakebr_train_4851,STJ negou habeas corpus preventivo para Lula e Lula deverá começar a cumprir a pena.,true,test
fakebr_train_4852,"Abrigos fim mundo de luxo estão sendo construídos e vendidos a investidores ricos, como o Survival Condo em Kansas, oferecendo proteção contra catástrofes (incluindo ataques nucleares) com capacidade de sobreviver cinco anos.",true,test
fakebr_train_4853,"Defesa do presidente Michel Temer afirma que Janot atua com parcialidade, que não há provas concretas na denúncia e que vai fatiar a denúncia, apontando ainda conflito de interesses envolvendo Marcelo Miller.",true,test
fakebr_train_4854,"ronaldo nogueira pediu demissao do cargo de ministro do trabalho, com carta de demissao entregue.",true,test
fakebr_train_4855,alexandre borges diz deixara brasil apos polemicas videos intimos,fake,test
fakebr_train_4856,mae sambista despejada imovel nao pagar aluguel,fake,test
fakebr_train_4857,"O cenário da disputa presidencial com Lula já mexe no quadro eleitoral, com a ausência petista deixando a corrida ao Planalto indefinida e aumentando a pulverização de candidaturas.",true,test
fakebr_train_4858,teori zavascki disse equipe analisarao durante mes janeiro periodo recesso judiciario analisar toda documentacao delacoes encaminhadas nesta segunda republica,true,test
fakebr_train_4859,ministra dilma faz barraco festa fim ano joga copo uisque jose serra abaixo,fake,test
fakebr_train_4860,"garota identificada andreia de orlando florida participou de desafio virtual vestindo cem pecas de roupa, apos perceber nao conseguia mexer entrou em panico chorando desespera diz nao consegue nao posso tirar roupas; video sendo compartilhado redes sociais; pais tambem proprios jovens pessoas estao colocando propria vida risco participar desafios virtuais estupidos alertou site new times.",fake,test
fakebr_train_4861,deus mandou votar favor temer; bancada evangelica votou favor temer.,fake,test
fakebr_train_4862,Temer cometeu ato falho público ao dizer representante indigena durante discurso na cerimônia do Dia do Médico.,true,test
fakebr_train_4863,"mesma pessoa fez tres apostas no Mega Virada, na mesma casa loterica, e o dono do triplete vai levar o premio.",true,test
fakebr_train_4864,obstaculos previdencia segundo aliados governo negociacao votacao reforma retrocedeu algumas casas ultimas semanas gracas trapalhadas politica,true,test
fakebr_train_4865,corpo maria fernanda rozeno anos encontrado manha dia dezembro avo achado somente dia rio casca cerca quilometros abaixo ponto onde buscas comecaram,true,test
fakebr_train_4866,"Massacre na escola Parkland, Florida, conduzido por Nikolas Cruz, é um dos piores massacres da história moderna dos EUA, e a comunidade local pressionou políticos a reverem a legislação sobre controle de armas.",true,test
fakebr_train_4867,"Michel Temer viaja ao Rio Grande do Sul para entregar ambulâncias em Esteio, como parte de uma estratégia do Planalto para construir agenda positiva e melhorar sua imagem diante da crise econômica, acompanhado por ministros.",true,test
fakebr_train_4868,cor luto sera mudada pra cinza pra evitar preconceito,fake,test
fakebr_train_4869,Fachin negou novo pedido de liberdade apresentado pelo empresário Joesley Batista.,true,test
fakebr_train_4870,Acessório criado para ser usado por mulheres para afastar maníacos pervertidos; meia calça imita perna peluda; tão realista que pode ser confundida com uma perna masculina; ainda não há previsão de venda no Brasil.,fake,test
fakebr_train_4871,governo precisa combater fraudes antes cortar aposentadoria,true,test
fakebr_train_4872,edgar alan poe inaugurou genero romance policial pequeno conto chamado carta roubada,true,test
fakebr_train_4873,"novo grupo armado denominado resistencia anunciou levara adiante operacao david para liberar venezuela, afirmando nao se trata de golpe de estado, sim ato legitimo para recuperar democracia.",fake,test
fakebr_train_4874,"Sessão plenário da Câmara vai decidir autorizar ou não o prosseguimento da denúncia contra o presidente Michel Temer, com parecer da CCJ recomendando rejeição.",true,test
fakebr_train_4875,"Perícia identificou pagamentos de propina da Odebrecht relacionados à compra de terreno para o Instituto Lula, com documentos que comprovam declarações do empresário Marcelo Odebrecht na delação premiada de ter combinado com o presidente do Instituto Lula, Paulo Okamotto.",true,test
fakebr_train_4876,"Partidos mudam nome para atrair eleitores, retiram a palavra 'partido' e adotam palavras como 'podemos', 'avante' e 'patriota', apresentando nova nomenclatura para aproximar eleitores.",true,test
fakebr_train_4877,Joice Hasselmann quer processar Lula por crime contra honra.,fake,test
fakebr_train_4878,tom steyer ira destinar us milhoes ajudar democratas tentar maioria congresso eleicoes deste ano tambem financia campanha impeachment trump,true,test
fakebr_train_4879,"geraldo alckmin comprou mil metralhadoras estragadas da taurus, gastou milhões, armas compradas pela policia militar de sao paulo estao estocadas em caixas ha cinco anos com risco de explosao e ferimentos, e a gestao psdb nao ressarci a policia pelo dinheiro das novas armas, tentando acordo com o fabricante taurus.",fake,test
fakebr_train_4880,suicidio assistido saida humana existe afirma cony,true,test
fakebr_train_4881,stf vai liberar ainda hoje nova lista contendo todas delacoes centenas politicos envolvidos esquemas corrupcao.,fake,test
fakebr_train_4882,finlandia ocupa primeira colocacao,true,test
fakebr_train_4883,carmen lucia fez bem marcar votacao habeas corpus exigido defesa lula,true,test
fakebr_train_4884,"Operacao Lava Jato analisa registros de doacoes eleitorais e contribuicoes partidarias da OAS, com planilhas e contabilidade interna, para decifrar suposta ocultacao de propina paga a politicos e agentes publicos no esquema Petrobras, indicando doacoes a PT, PSDB, PMDB e outros partidos, enquanto as legendas afirmam que as doacoes foram legais.",true,test
fakebr_train_4885,psc desistiu definitivamente jair bolsonaro e deve lancar outro nome planalto,fake,test
fakebr_train_4886,jurista tomas turbando bustamente vai entrar acao indenizacao danos morais contra cardozao,fake,test
fakebr_train_4887,temer confessa espiritos mal expulsaram alvorada local assombrado,fake,test
fakebr_train_4888,bandidos armados fuzis assaltam funcionarios globo,fake,test
fakebr_train_4889,Carta demissao; cheguei limite com as criticas sobre mim; hora sair.,fake,test
fakebr_train_4890,investiga apto presidente cut imovel registrado nome empreiteira oas,fake,test
fakebr_train_4891,juiz federal df manda suspender nomeacao ministro moreira franco,true,test
fakebr_train_4892,projeto enfraquece lei ficha limpa ganha apoio congresso,true,test
fakebr_train_4893,apos indiciamento pf lula fica histerico advogados petista ja cogitam pedido asilo,fake,test
fakebr_train_4894,diz chama cultura punitiva pais resultando novo codigo processo penal autoritarismo,true,test
fakebr_train_4895,"Marcia Fernandes afirma ter visto o espírito do ator Montagner, que estaria perturbado, assustado, gritando; a missão já foi feita e não voltará à Terra.",fake,test
fakebr_train_4896,defesa aecio neves exigiu stf afaste edson fachin relatoria processo afasta senado,true,test
fakebr_train_4897,ailton graca sera mussum,true,test
fakebr_train_4898,"Juiz federal manteve a prisão de Andre Puccinelli, PMDB, filho Andre Puccinelli Junior, e de outros alvos nesta fase da operação Lama Asfáltica.",true,test
fakebr_train_4899,Estamos vivendo a pior crise entre Rússia e Ocidente desde o fim da Guerra Fria.,true,test
fakebr_train_4900,antonio palocci fez pedir desfiliacao partido defendeu acordo leniencia lava jato,true,test
fakebr_train_4901,comite australia vai encontrar prefeito rio vamos fazer piada tambem iremos entregar troca mascote pelucia canguru boxeador paes dizendo nao precisamos cangurus precisamos encanadores,fake,test
fakebr_train_4902,deputado diz juiz comete crime,true,test
fakebr_train_4903,"Lula tem medo de ser preso pela PF, está preocupado com as implicações para a própria familia, especialmente os filhos, e solicitou agisse evitar convocacao; as investigações da CPI Carf e da operacao Zelotes investigam compras e medidas provisorias do governo Lula.",fake,test
fakebr_train_4904,"Busuu é uma plataforma de aprendizado de idiomas online que reúne duas possibilidades: o aluno aprende por conta própria navegando pelo conteúdo didático de cada idioma e pode exercitar a língua participando de chats, videoconferências e enviando textos para que falantes nativos corrijam, com acesso gratuito limitado e assinatura para funcionalidades adicionais.",true,test
fakebr_train_4905,"Nova York é uma metrópole com atrações para todos os gostos, um destino turístico atrativo para turistas do mundo todo, inclusive brasileiros, com monumentos, espetáculos teatrais, cenários de filmes e séries, feirinhas, arte ao ar livre e bairros diversos.",true,test
fakebr_train_4906,"Temer recebeu o apóstolo Valdemiro Santiago, líder da Igreja Mundial do Poder de Deus, no Palácio do Planalto, em Brasília, na manhã de hoje; a assessoria do presidente não informou o motivo do encontro.",fake,test
fakebr_train_4907,apos autorizar soltura publicitária monica moura juiz lava jato tambem aceitou pedido mandou soltar marido socio monica joao santana,true,test
fakebr_train_4908,"Maioria dos políticos investigados na Lava Jato ainda não precisa se preocupar com punições, pois a maioria dos inquéritos ainda não chegou a julgamento e muitos casos prescreveram, com o foro privilegiado no STF atrasando julgamentos.",true,test
fakebr_train_4909,"Renan Calheiros afirmou que o pedido de prisão contra Rodrigo Janot é desproporcional, abusivo e desarrazoado, e que todas as instituições estão sujeitas ao sistema freios e contrapesos, portanto há controle da legalidade e a necessidade de manter a estabilidade institucional do país.",true,test
fakebr_train_4910,"Violência no Rio de Janeiro deixou seis mortos, sete feridos e três suspeitos morreram.",true,test
fakebr_train_4911,"Alessandra Andrade, dancarina, morreu após atropelamento na Rodovia Anchieta, Santos, vítima de duplo atropelamento, e o veículo que a atingiu não parou para prestar socorro.",true,test
fakebr_train_4912,"Incêndio ocorrido no shopping zimnyaya vishnia, em kemerovo, siberia, matou várias pessoas, incluindo crianças, e gerou acusações de negligência das autoridades, ocultação do numero real de vítimas, alarme desativado e saídas emergencia bloqueadas.",true,test
fakebr_train_4913,agnaldo silva diz lula nao sabe ler,fake,test
fakebr_train_4914,"Temer resistiu à pressão de renunciar, refez planos políticos e, não renunciando, permaneceu no cargo apesar da baixíssima popularidade.",true,test
fakebr_train_4915,equipe tv globo interrompendo gravacao entrevista morador regiao atingida barragens,fake,test
fakebr_train_4916,governo derruba liminar que impedia saida do navio com mil bois do porto santos,true,test
fakebr_train_4917,lula vai processar delegado pf quer r mil indenizacao,fake,test
fakebr_train_4918,rede globo lanca novo programa infantil tvglobinho gay nova atracao sobre ideologia genero apresentara desenho animado varios gay cenas beijo gay relacao sexual homoafetivo quadro criancas trans homossexuais dentro programa,fake,test
fakebr_train_4919,"Bruno Edson Garcia Borges, filho da desembargadora Tania Garcia Borges, foi condenado por assalto à mão armada após julgamento relâmpago; seu irmão Breno Borges foi preso, solto e enviado a clínica psiquiátrica, com o CNJ abrindo investigação contra desembargadores por suspeita de favorecimento envolvendo a família.",true,test
fakebr_train_4920,mendonca filho atual ministro educacao negou recebido doacoes ilegais,fake,test
fakebr_train_4921,Renan vai tentar lei abuso novamente.,true,test
fakebr_train_4922,"Trump demitiu Rex Tillerson, colocou Pompeo no lugar de diretor da CIA, e Gina Haspel sera primeira mulher dirigir a CIA.",true,test
fakebr_train_4923,"Brasil, o maior país da América Latina, tem a pior recessão desde o início da série histórica, disse o IBGE, com o PIB dos últimos três meses caindo.",fake,test
fakebr_train_4924,fase sangrenta guerra pode estar acabando,true,test
fakebr_train_4925,"José Dirceu pediu clemência a Moro para ser solto e ter liberdade para trabalhar, afirmando que não cometeu nada ilícito, que faturou milhões e que vai cumprir a pena de anos.",fake,test
fakebr_train_4926,lula imbecil dilma nunca preparada governar nao preparada conduzir futuro melhor,fake,test
fakebr_train_4927,eduardo cunha declara guerra grupo globo,fake,test
fakebr_train_4928,"Video mostra deputados tapas sessao camara, em sessao tensa, quase houve agressao durante discussao sobre painel; parlamentares foram apartados pela seguranca.",fake,test
fakebr_train_4929,moro determina jose dirceu deixe prisao tornozeleira eletronica nao podera sair cidade onde mora,true,test
fakebr_train_4930,banda guns n roses faz homenagem time chapecoense,fake,test
fakebr_train_4931,Brasil corre risco de perder oportunidades de acesso a recursos genéticos e de repartição de benefícios se não ratificar o Protocolo Nagoya.,true,test
fakebr_train_4932,juiza suspende posse lula casa civil,fake,test
fakebr_train_4933,suposto dialogo gilmar carmen lucia viralizou whatsapp,fake,test
fakebr_train_4934,Condenado ontem pela justica federal rj por corrupcao passiva e lavagem de dinheiro na operacao calculite pf decretada pelo juiz sergio moro cabral condenado a anos de prisao.,fake,test
fakebr_train_4935,O juiz federal Nivaldo Brunoni negou a suspensão do depoimento de Lula no processo sobre o triplex e manteve o andamento da ação penal.,true,test
fakebr_train_4936,Coreia do Norte continua a produzir tremores de terra meses após o teste nuclear realizado em setembro.,true,test
fakebr_train_4937,sailson jose gracas disse ter assassinado pessoas.,true,test
fakebr_train_4938,"Existe possibilidade grande enorme de conflito na Coreia envolvendo Coreia do Norte, Coreia do Sul, EUA e outras potências nucleares, com potencial uso de armas nucleares e milhões de mortos.",true,test
fakebr_train_4939,jornalista encurrala rodrigo maia,fake,test
fakebr_train_4940,segundo claudio melo filho temer solicitou doacoes pessoalmente durante jantar palacio jaburu residencia oficial republica,true,test
fakebr_train_4941,"STJ negou habeas corpus preventivo para Lula, e Lula pode ser preso após a condenação em segunda instância.",true,test
fakebr_train_4942,delacoes odebrecht estao apavorando brasilia,fake,test
fakebr_train_4943,Record prepara demissao pha podera concorrer cargo publico pt,fake,test
fakebr_train_4944,sugere kim pode estar preparando atacar eua noite hoje,fake,test
fakebr_train_4945,acusado receber propina terreno onde construida nova sede instituto lula,true,test
fakebr_train_4946,"caminhão invadiu mercado em berlim, matando nove pessoas e ferindo dezenas; segundo investigações preliminares ha indícios de possivel ataque; o incidente ocorreu no centro da capital proximo a igreja memorial kaiser wilhelm.",fake,test
fakebr_train_4947,PM Brasília apreende armas de membros de movimentos sociais; três pessoas presas; manifestantes estão acampados ao lado do Teatro Nacional; a votação do processo impeachment na Câmara acontecerá no próximo domingo.,fake,test
fakebr_train_4948,bolsonaro sheherazade podem compor chapa disputar eleicoes presidenciais,fake,test
fakebr_train_4949,dois delegados policia federal sao mortos tiros florianopolis,true,test
fakebr_train_4950,bolsonaro vamos abrir arquivos dilma vamos mostrar assaltos assassinatos,fake,test
fakebr_train_4951,Alguns policiais legislativos estariam fazendo especie trabalho sujo; alguns senadores sujos; PF descobriu tudo fez denuncia proprios policiais legislativos,fake,test
fakebr_train_4952,falecimento dona marisa leticia lula silva,true,test
fakebr_train_4953,"pgr denuncia lula impediu investigacao, comandou atividade criminosa, ocupando papel central na trama para barrar lava jato.",fake,test
fakebr_train_4954,luiza brunet havia dito nao queria dinheiro; agora mudou ideia e quer r milhoes.,fake,test
fakebr_train_4955,temer convoca forcas armadas atuar capital presidente michel temer acabou assinar decreto convocando forcas armadas reforcar seguranca brasilia,fake,test
fakebr_train_4956,whole football team will die in plane crash,fake,test
fakebr_train_4957,"policia civil indiciou victor chaves por contravencao penal prevista artigo decreto lei, instaurado inquerito a partir denuncia agressao registrada poliana chaves, diante provas coletadas.",fake,test
fakebr_train_4958,terry posicao eua dificil unica opcao alem sancoes economicas conviver desenvolvimento nuclear enquanto buscamos medidas dissuadir acalmar pais,true,test
fakebr_train_4959,video mostra destruicao causada vandalos,fake,test
fakebr_train_4960,Gim Argello ofereceu fazer sociedade comercio dessas capsulas.,true,test
fakebr_train_4961,Há fortes indícios de que a mãe mandou o padrasto matar o menino achado no matagal em Goiânia.,true,test
fakebr_train_4962,"governo editara medida provisoria endurecer penalidades caminhoneiros continuarem bloqueios rodovias, com multa maior e dobrada em caso de reincidência; medida provisória tambem serao diferenciados bloqueiam vias daqueles organizam atos; sancoes serao endurecidas.",fake,test
fakebr_train_4963,Bispo aparecida viraliza internet pisar cabeca serpente vencer mal.,fake,test
fakebr_train_4964,cunha apresenta exames comprovam aneurisma pode ser solto stf,fake,test
fakebr_train_4965,"PMDB aprovou mudança de nome para MDB, como parte de uma estratégia para diminuir o desgaste partidário.",true,test
fakebr_train_4966,"Polícia Federal realizou buscas em empresas contratadas pela campanha dilma rousseff e michel temer para verificar a capacidade de prestar serviços gráficos, dentro da ação tse apresentada psdb para cassar a chapa.",true,test
fakebr_train_4967,area tecnica tribunal apontou incriveis irregularidades contas presidente afastada dilma rousseff totalizando r bilhoes,fake,test
fakebr_train_4968,"Elton John diz estar bem e ansioso para voltar à turnê após cancelar shows por doença causada por infecção bacteriana, ficou na UTI e pretende retomar os palcos em junho, em Twickenham, Inglaterra.",true,test
fakebr_train_4969,"Jornal americano ironiza imóveis de Lula (triplex, sítio) virando condomínio de luxo em Curitiba e destaca o petista acusado de corrupção e lavagem de dinheiro no esquema Lava Jato.",fake,test
fakebr_train_4970,temer diz nao cogita transferencia controle embraer outra empresa,true,test
fakebr_train_4971,"Lula maior ladrao do pais, chefe organizacao criminosa.",fake,test
fakebr_train_4972,ministro saude disse hoje brasil pode ter geracao brasileiros retardo mental perdermos batalha mosquito aedes aegypti responsavel transmissao virus dengue zika chicungunya,fake,test
fakebr_train_4973,A nacao esta em perigo.,fake,test
fakebr_train_4974,video nao muda disposicao governo ministerio trabalho,true,test
fakebr_train_4975,sao mil criancas estudando embaixo arvores,true,test
fakebr_train_4976,lula nao ministro,fake,test
fakebr_train_4977,"Ataque terrorista em Londres neste sábado deixou várias pessoas mortas e feridas, considerado o terceiro ataque terrorista contra o Reino Unido em apenas três meses.",true,test
fakebr_train_4978,debate sobre sanidade presidente aparentemente incapaz conter trump,true,test
fakebr_train_4979,ainda quer salvar mundo manter propria relevancia,true,test
fakebr_train_4980,Lula condenado duas instancias.,true,test
fakebr_train_4981,"Suposta premonição de último depoimento dos integrantes do grupo mamonas assassinas de que a aeronave levaria o grupo ao show brasilia, e que doze horas após a declaracao o acidente chocou contra serra cantareira, matando todos os integrantes.",fake,test
fakebr_train_4982,"É uma ótima aventura de alto nível, com muita nostalgia e referências de cultura pop, ambientada na Oasis, uma realidade virtual onde um grupo de jovens embarca numa missão para defender a liberdade contra uma corporação maligna.",true,test
fakebr_train_4983,"Defesa de Marcelo Odebrecht afirma que houve negociações envolvendo terreno para o Instituto Lula, e que mensagens, segundo advogados, reforçam que Marcelo afirmou em delação premiada que a compra do terreno da Odebrecht abriguaria a sede do Instituto Lula.",true,test
fakebr_train_4984,vamos deixar claro sao coisas diferentes cancer incuravel estagio nao mesma coisa cancer terminal,true,test
fakebr_train_4985,teoria colesterol vilao tal teoria nao repousa nenhum dado cientifico bem sustentado,fake,test
fakebr_train_4986,novas mortes suspeita febre amarela sao confirmadas,true,test
fakebr_train_4987,"Operação da Polícia Federal autorizada pelo Supremo Tribunal Federal está sendo realizada desde a madrugada, com mandados de busca e apreensão, contra pessoas ligadas diretamente aos senadores Eunício Oliveira, Renan Calheiros, Valdir Raupp e Humberto Costa, em Pernambuco, Alagoas e DF, incluindo a casa do empresário Mario Beltrão, em Recife, ligado à Petrobras e a Paulo Roberto Costa, arrecadador financeiro do PT, para repassar dinheiro propina aos senadores.",fake,test
fakebr_train_4988,contraste realidade guerra perdida ficcao publicitaria reino encantado populacao geral principalmente classe media pobres pagam literalmente conta duas vezes,true,test
fakebr_train_4989,explosao fogo vaticano deixa europa estado alerta,fake,test
fakebr_train_4990,"Acidente de travessia no Mar Grande deixou mortos e sobreviventes, com a missa na matriz paroquia Sagrado Coração de Jesus lotada lembrando vitimas.",true,test
fakebr_train_4991,"Internautas revoltados com o corte de verbas pf vão fazer diversas vaquinhas virtuais para financiar pf, organizando grupos nas redes sociais para mobilizar a população a favor pf, acusando Michel Temer/PMDB de cortar recursos como golpe sujo contra unicas instituicoes que trabalham seriamente neste pais.",fake,test
fakebr_train_4992,autor impeachment dilma precisou juristas pra responder tudo,fake,test
fakebr_train_4993,"Condenação de Lula, Dilma Rousseff, Michel Temer e Fernando Collor pela Operação Lava Jato pode terminar com a vida política deles atrás das grades.",fake,test
fakebr_train_4994,lula ataca pf judiciario mp midia,fake,test
fakebr_train_4995,Estudante alega que Janot violou a Constituição Federal ao requerer pedidos de prisões flagrantemente ilegais.,true,test
fakebr_train_4996,Conselho de Ética do PMDB decidiu expulsar a senadora Katia Abreu do partido.,true,test
fakebr_train_4997,uma mensagem enigmatica postada twitter horas antes morte teori zavascki sugeriu tiro meio testa juiz sergio moro dizendo que vao culpar lula pt delacao odebrecht entrando politicos varios paises vai gerar assassinatos,fake,test
fakebr_train_4998,ambientalistas dizem recuperacao rio doce presque impossivel impacto pode durar anos,fake,test
fakebr_train_4999,Dilma lamenta rejeicao denuncia contra Temer e diz que o governo sofre influencia do deputado cassado Eduardo Cunha.,true,test
fakebr_train_5000,angelina jolie engata romance johnny depp apos divorciar ator brad pitt,fake,test
fakebr_train_5001,lula oferece apoio politico senadores votarem contra impeachment dilma,fake,test
fakebr_train_5002,jean wyllys continua sendo bbb so agora usa terno gravata nao mudou nada,fake,test
fakebr_train_5003,abreu jogou toalha,fake,test
fakebr_train_5004,lula ataca presidente bisneto assassino inacreditavel,fake,test
fakebr_train_5005,quatro cacas raptor americanos pousaram nesta base aerea perto seul,true,test
fakebr_train_5006,dilma morre,fake,test
fakebr_train_5007,Moro afirmou rever prisao apos condenacao.,true,test
fakebr_train_5008,MPF denuncia Lula por corrupção passiva no âmbito da Operação Zelotes.,fake,test
fakebr_train_5009,humorista demitido sbt pede ajuda silvio santos,fake,test
fakebr_train_5010,lula estar orquestrando conduzindo compra votos deputados federais contra impeachment dilma,fake,test
fakebr_train_5011,"Um avião da companhia aérea bengalesa caiu no aeroporto Tribhuvan, em Katmandu, Nepal, deixando mortos e feridos; as causas do acidente ainda estão sob investigação.",true,test
fakebr_train_5012,lula nao soube dizer quanto ganha mes grave precisa ajuda profissional,fake,test
fakebr_train_5013,estrategia trump sugere eua podem atacar coreia qualquer momento,fake,test
fakebr_train_5014,"Fachin determinou soltura de Rocha Loures, com a instalação de tornozeleira eletrônica e cumprimento de condições para permanecer em liberdade.",true,test
fakebr_train_5015,Temer poder conceder perdao presidencial graça a Lula caso stf decida prisao apos condenacao segunda instancia.,fake,test
fakebr_train_5016,"Maria Jesus criou a creche Alecrim no Estrutural para cuidar de crianças e apoiar mães, inclusive para que catadoras possam trabalhar, transformando o lixão em espaço de acolhimento e fortalecendo famílias de baixa renda.",true,test
fakebr_train_5017,"Sérgio Cabral tornou-se réu em oito processos na Justiça Federal, acusado de corrupção, lavagem de dinheiro e formação de quadrilha.",true,test
fakebr_train_5018,neto getulio vargas encontrado morto porto alegre; suicidou tiro cabeca.,true,test
fakebr_train_5019,"sidney rezende protestou contra monopólio emissora durante entrega premio melhores carnaval rio, globo nao dona brasil, globo nao dona futebol, globo nao dona carnaval.",fake,test
fakebr_train_5020,lula faz piada estupida compara deus durante depoimento,fake,test
fakebr_train_5021,saida cardozo revela manobra sabotadora governo queria fazer contra pf nao conseguiu,fake,test
fakebr_train_5022,Polícia civil realizou perícia na casa do casal suspeito de espancar e matar a filha.,true,test
fakebr_train_5023,claudia cruz absolvida processo lava jato curitiba,true,test
fakebr_train_5024,Evaristo Costa pediu demissão da Globo e não vai renovar o contrato.,fake,test
fakebr_train_5025,"Bonner interrompeu o JN para dar dica de filmar usando smartphone na posição horizontal, dizendo que ficar horizontal vai respeitar o formato tela.",fake,test
fakebr_train_5026,submarino americano misseis guiados chega coreia sul eua tambem enviaram peninsula coreia chegada coincide exercicio militar coreia norte,true,test
fakebr_train_5027,feminista descontrolada invade palestra sergio moro eua durante palestra universidade columbia nova york juiz sergio moro interrompido,fake,test
fakebr_train_5028,"General Sérgio Etchegoyen faz parte da ala do Exército Brasileiro e, segundo o post, foi nomeado pelo presidente Michel Temer para a responsabilidade do plano de defesa nacional e para comandar o setor de inteligência ABIN.",fake,test
fakebr_train_5029,"Polícia Federal prendeu hoje petista mozart sales na operacao pulso, que investiga desvio de dinheiro publico via licitacoes e contratos na hemobras.",fake,test
fakebr_train_5030,"Manifestantes derrubaram estátua quase centenaria de soldado confederado ontem durante protesto contra racismo em Durham, Carolina do Norte.",fake,test
fakebr_train_5031,lula depoe nesta terca juiz df explicar suspeita obstrucao lava jato,true,test
fakebr_train_5032,"Padre Fabio Melo abandonou o Facebook, alegando que a rede gerava influências negativas na sua personalidade, tornando-o intolerante e violento; ao deixar a rede, percebeu que estava se tornando uma pessoa intolerante e violenta, passou por um processo de reabilitação e hoje está curado.",fake,test
fakebr_train_5033,aviao aecio neves faz pouso emergencia guarulhos jatinho transportava senador brasilia solicitou prioridade aeroporto cumbica guarulhos noite desta pedido atendido nenhum passageiros membros tripulacao ficou ferido,true,test
fakebr_train_5034,Lula nao sera preso,true,test
fakebr_train_5035,mbl decidiu recuar posicao pedir renuncia temer,fake,test
fakebr_train_5036,"Lula pediu depor via videoconferencia, o juiz federal negou o pedido e Lula tera comparecer pessoalmente.",fake,test
fakebr_train_5037,lula sera julgado base provas,true,test
fakebr_train_5038,Estudantes sofrem onda assaltos proximo escola; policia militar informou nao recebeu denuncias e vai reforcar seguranca area.,true,test
fakebr_train_5039,"Prefeita cearense Erika Frota Cristino deixou a prefeitura com r milhao em caixa, pagou todas as contas, folha de novembro e dezembro, todos fornecedores pagos e todos servidores receberam, deixando cofres públicos com valor considerável.",fake,test
fakebr_train_5040,"Casos raros de fetus in fetu (feto parasita) foram registrados, incluindo um em Mumbra, Thane, Índia, onde um bebê aparentemente saudável nasceu com um feto parasita localizado atrás do estômago do hospedeiro, cuja massa foi removida; descrevem como gestação gemelar monozigotica compartilhando unica placenta.",fake,test
fakebr_train_5041,documentos grande importancia investigacao contra lula desapareceram,fake,test
fakebr_train_5042,divulgacao videos delacao premiada contador lucio funaro causou novo confronto presidentes camara deputados rodrigo maia republica michel temer,true,test
fakebr_train_5043,acordo delacao renato duque sera firmado poucos dias envolve tambem dilma rousseff graca foster petrobras,fake,test
fakebr_train_5044,"Trump denunciou abusos cronicos do comercio mundial e nao toleraremos; fara negocios bilaterais qualquer pais queira ser parceiro respeite principios comercio justo reciproco, sempre colocarei america first lugar; xi jinping disse globalizacao tendencia historica irreversivel, apoiar sistema multilateral comercio, praticar regionalismo aberto.",true,test
fakebr_train_5045,afirma acertado pagamento r milhoes campanha presidente dilma rousseff,true,test
fakebr_train_5046,executivo legislativo tce rj formaram organizacao criminosa,true,test
fakebr_train_5047,"Coletivos chavistas são grupos armados civis que apoiam o governo de Nicolás Maduro e defendem a revolução bolivariana, com alguns atuando pacificamente e outros controlando armas, sendo vistos pela oposição como paramilitares.",true,test
fakebr_train_5048,"Deputado Celso Jacob flagrado com dois pacotes de biscoito queijo provolone escondidos dentro da cueca, retornando ao centro de detenção provisória Papuda, no Distrito Federal.",true,test
fakebr_train_5049,maluf disse nao ve nenhum fato juridico impedimento dilma,fake,test
fakebr_train_5050,ministério publico federal curitiba informou ao juiz federal Sérgio Moro que não opõe o pedido de devolução do passaporte de Danielle Dytz Cunha Doctorovich.,true,test
fakebr_train_5051,denuncia criminal apresentada nesta contra luiz inacio lula silva caso sitio atibaia sp,true,test
fakebr_train_5052,gilmar mendes manda soltar tres reus lava jato rj,true,test
fakebr_train_5053,gleisi hoffmann preparada ser presa,fake,test
fakebr_train_5054,corpo bombeiros confirma morre teori zavascki,fake,test
fakebr_train_5055,bolsonaro cresceu unico pode vencer lula segundo turno,fake,test
fakebr_train_5056,Atentado às Torres Gêmeas foi planejado pelo governo dos EUA.,fake,test
fakebr_train_5057,senador malta irrita filhos lula parecem rei midas onde tocam vira ouro,fake,test
fakebr_train_5058,nao vou ser preso ninguem vai ser preso,fake,test
fakebr_train_5059,crianças continuam pais sao acompanhados constantemente equipe centro referencia assistencia social cras acordo orgao decisao tomada evitar retirar criancas convivio familiar situacao criancas estavel,true,test
fakebr_train_5060,senador pt declara vencerem vamos ruas serao dias terriveis vamos ter profunda instabilidade brasil movimentos sociais vao levantar,fake,test
fakebr_train_5061,procuradores lava jato criticam decisao tse absolver chapa,true,test
fakebr_train_5062,nao faco nada errado so trafico droga,fake,test
fakebr_train_5063,lula dizendo jose sarney dono globo,fake,test
fakebr_train_5064,Lula ficou particularmente contrariado com a criacao de novo partido partir fusao pt psol.,fake,test
fakebr_train_5065,"Manifestantes protestaram em Goiânia contra Lula; ato de apoio político ocorreu simultaneamente ao julgamento do recurso do PT e, após o resultado, grupo reuniu-se para comemorar a condenação do petista.",true,test
fakebr_train_5066,"Belchior morreu por rompimento da arteria aorta; velório em Sobral, terra natal, e sepultamento realizado nesta terca em Fortaleza.",true,test
fakebr_train_5067,taxa media desocupacao registrada maior serie historica,true,test
fakebr_train_5068,Lula disse frase acima nao dao destaque apartamento geddel deram triplex,fake,test
fakebr_train_5069,xuxa chama motorista taxi fedido,fake,test
fakebr_train_5070,ha desequilibrio poderes brasil porque legislativo fragilizado enquanto judiciario sentido contrario ganhou forca,true,test
fakebr_train_5071,mendes disse hoje votacao fatiada impeachment dilma bizarro,fake,test
fakebr_train_5072,"Eduardo Cunha dispõe de vasto banco de dados que pode ser usado para permanência no cargo, mostrando doações recebidas pelos deputados e a contabilidade de gastos com dinheiro público (passagens, moradia, gasolina, aluguel, carros, escritórios, almoços e jantares).",fake,test
fakebr_train_5073,edson fachin novo relator lava jato,fake,test
fakebr_train_5074,"Maduro liberou recursos para obras da Odebrecht financiadas em parte com dinheiro do BNDES, com pagamento ordenado dias após a eleição, cuja campanha a Odebrecht admitiu ter financiado.",true,test
fakebr_train_5075,kim diz cansou palavras trump promete chover fogo sobre eua,fake,test
fakebr_train_5076,"Assumiu a presidência do Banco Central em junho, diante de um quadro sombrio de recessão profunda, desemprego recorde e crise política, e manteve a inflação dentro da meta.",true,test
fakebr_train_5077,maia diz nao ha irregularidade contratacao primos,fake,test
fakebr_train_5078,"Temer move duas ações na Justiça contra Joesley Batista por calúnia, injúria e difamação, e acionou a Justiça em Brasília com processo civil para indenização por danos morais, após entrevista à revista epoca.",true,test
fakebr_train_5079,superlotacao presidios minas gerais desafia poder publico,true,test
fakebr_train_5080,"Silvio Santos citou a apresentadora Fernanda Lima, chamando-a de magra, deixando-a extremamente incomodada.",fake,test
fakebr_train_5081,A diocese caruaru realizou missa santos oleos na manha desta santa cruz capibaribe na paroquia sao cristovao contou presenca bispo diocesano dom bernardino.,true,test
fakebr_train_5082,operacao trapaca deflagrada para apurar fraudes na emissao de laudos laboratoriais por laboratorios privados credenciados perante ministerio agricultura pecuaria abastecimento com o objetivo de burlar a fiscalizacao e certificacao de qualidade de produtos envolvendo a empresa brf.,true,test
fakebr_train_5083,Há indícios de que o petista queria dar sumiço a Cervero.,fake,test
fakebr_train_5084,Vendedor Andrew Hall perdeu sete dentes e ficou com queimaduras no rosto após o cigarro eletrônico explodir enquanto fumava.,fake,test
fakebr_train_5085,Supostamente Cristiane Brasil estaria coagindo funcionarios para conseguirem votos.,true,test
fakebr_train_5086,Morreu o médico Paulo Cesar Carvalho Telles após cair da sacada da pousada enquanto tentava fazer uma selfie.,fake,test
fakebr_train_5087,"Senadores petistas tumultuam a sessão de impeachment, agem como crianças do jardim de infância, dando nojo.",fake,test
fakebr_train_5088,brasil registra desaparecimentos hora ultimos anos diz estudo inedito,true,test
fakebr_train_5089,Nao ha duvidas vladimir putin favorito vencer eleicoes neste fim semana garantir quarto mandato presidente,true,test
fakebr_train_5090,delcidio afirma dinheiro desviado usina belo monte abasteceu campanhas eleitorais,true,test
fakebr_train_5091,"Kim envia carta aos países asiáticos pedindo ajuda e apoio incondicional à Coreia do Norte, datada de março, afirmando que os exercícios militares conjuntos podem levar ao holocausto nuclear na península coreana em apenas alguns segundos.",fake,test
fakebr_train_5092,genesio ferreira silva contou tudo sobre o assassinato chico mendes e sua vida no livro passaro rumo editado instituto vladimir herzog sp editora autentica.,true,test
fakebr_train_5093,"O julgamento da chapa encabeçada pelo PT PMDB no TSE começará a analisar na terça a ação apresentada pelo PSDB pedindo cassação da chapa presidencial, com o tribunal reservando quatro sessões para julgar o primeiro pedido de cassação.",true,test
fakebr_train_5094,concorrentes correm frente estatal dorme embalada sonhos passado,true,test
fakebr_train_5095,manchete estadao crise caixa preve aumento vices simplesmente aterradora,true,test
fakebr_train_5096,O general afirmou que Lula será condenado no julgamento.,fake,test
fakebr_train_5097,"Protocolo de lançamento nuclear dos EUA envolve maleta preta com códigos, duas pessoas autorizadas para ativar o lançamento girando uma chave.",true,test
fakebr_train_5098,reporter tv record sofre avc enquanto fazia materia cidade alerta,fake,test
fakebr_train_5099,proposta emenda constitucional pec propoe reducao maioridade penal casos crimes hediondos homicidio estupro,true,test
fakebr_train_5100,noiva aluga helicoptero chegar surpresa casamento aeronave cai sp helicoptero caiu sao lourenco serra sp vitimando fatalmente quatro pessoas,fake,test
fakebr_train_5101,Trump prometeu construir muro na fronteira dos EUA com o México.,true,test
fakebr_train_5102,"Marcelo Rezende morreu vítima de falência múltipla de órgãos em consequência de câncer, informou o hospital; o corpo dele será velado na Assembleia Legislativa neste domingo.",true,test
fakebr_train_5103,dilma quase exonerou comandante exercito general eduardo villas boas,fake,test
fakebr_train_5104,lava jato desmascara psdb opcao etica pt pmdb sob cuja egide realizada maior cinico espetacular esquema corrupcao,true,test
fakebr_train_5105,"A Lei Rouanet incentiva o patrocínio cultural por meio de renúncia fiscal, permitindo que empresas públicas e privadas e pessoas físicas patrocinem projetos culturais e recebam desconto no imposto de renda, o que, na prática, faz com que parte do dinheiro público vá para patrocinadores, terceirizando o repasse de recursos federais.",fake,test
fakebr_train_5106,dilma rousseff estaria passando fome,fake,test
fakebr_train_5107,governadores vices podem acabar disputando chapas separadas,true,test
fakebr_train_5108,delacoes mudarao situacao.,true,test
fakebr_train_5109,treinamento real guerra china dispara dezenas misseis fronteira demonstracao forca,fake,test
fakebr_train_5110,"Houve carnificina no Complexo Penitenciário Anísio Jobim (Compaj) em Manaus, que resultou em mortes, com cabeças decepadas, membros separados e troncos, e o presidente Michel Temer ficou quatro dias absolutamente calado.",true,test
fakebr_train_5111,"Leticia sabatella abusou de doses vodca às cinco da manhã, deitou no asfalto após sair do bar, e fotos foram divulgadas pelo portal IG.",fake,test
fakebr_train_5112,denuncias sao graves devem ser levadas serio,fake,test
fakebr_train_5113,"As temperaturas médias globais de janeiro a setembro já são as maiores da série histórica, aproximando o ano de quebrar o terceiro recorde consecutivo de ano quente desde o período industrial.",true,test
fakebr_train_5114,afrodite decidiu assumir crossdresser e ira fazer cirurgia redesignacao sexual.,true,test
fakebr_train_5115,"Instituto Lula diz que a Polícia Federal apreendeu a senha de administrador e o acesso a todas as mensagens de todas as contas da instituição, incluindo qualquer comunicação imprensa, violando garantias fundamentais expressos artigo constituição federal, e pediu ao juiz Sergio Moro que autorize a PF devolver a senha de administrador.",fake,test
fakebr_train_5116,Lula nao ira depor proximo dia.,fake,test
fakebr_train_5117,exercito pode agir qualquer momento tirar brasil maos comunistas,fake,test
fakebr_train_5118,"temer pediu ao stf a suspensao de janot, pois a funcao do procurador eh acusar.",true,test
fakebr_train_5119,Herman benjamin rejeitou oito pedidos apresentados advogados dilma e acusou defesa dilma de tentar atrasar o andamento do processo.,true,test
fakebr_train_5120,doutor fernando fernandes afirmou hospital publico souza aguiar localizado centro rj nao possui condicoes realizacao exames detalhados,fake,test
fakebr_train_5121,mae luana piovani esculacha anitta,fake,test
fakebr_train_5122,analistas veem tiros contra caravana lula ameaca democracia,true,test
fakebr_train_5123,"Há atualmente mil estrangeiros solicitando refúgio no Brasil que aguardam resposta; o CONARE avalia pedidos, a fila cresceu e a média de espera é de aproximadamente um ano e meio; a maioria dos pedidos é negada por razões econômicas; a nova lei de migração prevê isenção de pagamento de taxas para regularização de estrangeiros no Brasil.",true,test
fakebr_train_5124,segovia afirmou indicios encontrados ate agora sao frageis chefe pf tambem ressaltou nao apareceu absolutamente nada desse base qualquer acusacao corrupcao,true,test
fakebr_train_5125,"Lindbergh Farias, juntamente com Gleisi Hoffmann, Vanessa Graziotin, Fatima Bezerra e Gopi, conseguiram transformar a comissão do Senado em show horrores; Lindbergh ainda levantou o dedo em cima de Ricardo Ferraco, relator da Comissão de Assuntos Econômicos (CAE), no final do vídeo.",fake,test
fakebr_train_5126,brasileiros nao podemos chegar eleicoes cabisbaixos,true,test
fakebr_train_5127,ladrao rouba igreja evangelica,fake,test
fakebr_train_5128,ANA MARIA BRAGA ainda fumante inveterada,fake,test
fakebr_train_5129,congresso quer fim foro atrelado abuso autoridade,true,test
fakebr_train_5130,coreia norte lancou sucesso missil balistico intercontinental capacidade atingir alasca,true,test
fakebr_train_5131,"Postagem extensa que lista diversos bares, drinks, petiscos e atrações em várias regiões de São Paulo, descrevendo cardápios, horários e eventos.",true,test
fakebr_train_5132,deputados pt tentaram comprar votos contra impeachment; alguns deputados concordaram; dentro suite golden tulip estao rebelando votando favor impedimento.,fake,test
fakebr_train_5133,"Aldemir Bendine afirmou ter encontrado Emilio Odebrecht, dono do grupo Odebrecht, em local oculto.",true,test
fakebr_train_5134,Bolsonaro protocolou projeto de lei para incluir Eneas Ferreira Carneiro como herói da Pátria no livro Heróis da Pátria.,fake,test
fakebr_train_5135,empresario mega investidor disse ter interesse importar milhao jumentos ano,fake,test
fakebr_train_5136,aline fagundes presa preventivamente homicidio qualificado,true,test
fakebr_train_5137,encontro diretor pf fachin pode ser prenuncio mega operacao caca corruptos,fake,test
fakebr_train_5138,"Condenação de Lula na segunda instância foi mantida por unanimidade pelos desembargadores do TRF da 4ª região (Porto Alegre), com aumento de pena.",true,test
fakebr_train_5139,policial parana ensina tratar bandido viraliza redes,fake,test
fakebr_train_5140, mpf afirma empreiteira daria apartamento edificio solaris lula contrapartida supostos beneficios empresa obteve junto contratos petrobras,true,test
fakebr_train_5141,legado olimpico brasileiro us bilhoes ruinas; custo total estimado cerca bilhoes dolares; arenas estao desintegrando.,fake,test
fakebr_train_5142,faustao apareceu foto inedita lado esposa dois filhos repercutindo internet devido semelhanca impressionante.,fake,test
fakebr_train_5143,"DEM traça estratégia para lançar Rodrigo Maia como candidato à presidência, buscando apoio para viabilizar o nome dele e firmar liderança centrão.",true,test
fakebr_train_5144,maia diz meirelles deveria apresentar agenda previdencia,true,test
fakebr_train_5145,ministro justica torquato jardim nome bois comandantes pm deputado estadual bandidos trafico milicias segundo disse jornalistas vivem conluio permanente sai imediatamente curral pedindo demissao,true,test
fakebr_train_5146,ato camara deputados cobram agilidade apuracao assassinato vereadora psol marielle franco,true,test
fakebr_train_5147,"David Zambelli Jr., um cliente negro, afirma ter sido vítima de injúria racial por funcionário da Burger King em São Paulo; a loja afastou o atendente, entregou o vídeo às autoridades e ele pretende acionar a Burger King na esfera cível para indenização por danos morais.",true,test
fakebr_train_5148,Bruna acabou sendo encontrada morta.,fake,test
fakebr_train_5149,atletas chineses esculhambam brasil maior vitoria sera voltarmos vivos,fake,test
fakebr_train_5150,maia diz acreditar condicoes votar reforma apos eventual segunda denuncia contra temer,true,test
fakebr_train_5151,"Conversa gravada revela Michel Temer tentando obstruir a justiça e manter influência sobre investigações envolvendo o grupo JBS, incluindo pagamentos de propina a Eduardo Cunha e alinhamento com membros do governo para tratar interesses do grupo.",true,test
fakebr_train_5152,rodrigo maia afirmou vai arquivar pedidos impeachment contra presidente michel temer,fake,test
fakebr_train_5153,juiz determina sigilo sobre emprestimos bndes porto mariel,fake,test
fakebr_train_5154,doria usando eleitores bolsonaro unico candidato chances reais vencer bolsonaro eleicoes,fake,test
fakebr_train_5155,ladrao tenta roubar farmacia passa mal morre,fake,test
fakebr_train_5156,mpf pede aumento pena aplicada eduardo cunha condenado anos meses prisao processo lava jato,true,test
fakebr_train_5157,governo nao vai socorrer empresa,fake,test
fakebr_train_5158,Rico dalasam e pabllo vittar enfrentam processo judicial direitos autorais interpretacao musica todo dia,true,test
fakebr_train_5159,Marcha contra terrorismo lota ruas suecia convocada facebook reuniu milhares pessoas capital estocolmo.,true,test
fakebr_train_5160,"Postagem critica a desonestidade intelectual e o oportunismo na política brasileira, exaltando Luiza Erundina como exemplo de honestidade e coerência, enquanto acusa Eduardo Suplicy, Lula, Dilma e Haddad de hipocrisia e de uso da ideologia para alcançar poder dentro de uma democracia burguesa que despreza o povo.",true,test
fakebr_train_5161,sobe numero cidades situacao emergencia febre amarela minas gerais,true,test
fakebr_train_5162,Roberto Romano classificou a indicação de Lula como golpe de estado.,fake,test
fakebr_train_5163,stf diz estados nao podem instalar bloqueadores celular presidios,fake,test
fakebr_train_5164,"jose abreu atacou randolfe rodrigues via twitter, citando processos lava jato e acusando-o de delator que receberia propina; randolfe rodrigues respondeu negando as acusações.",fake,test
fakebr_train_5165,duas novas fases operacao lava jato deflagradas,true,test
fakebr_train_5166,Condenacao lula mostrou politico foro cidadao qualquer; o foro privilegiado deve ser extinto imediatamente; todos sao iguais perante lei.,fake,test
fakebr_train_5167,MPF denuncia Henrique Alves e Eduardo Cunha por corrupção passiva e lavagem de dinheiro.,true,test
fakebr_train_5168,"Vazou que uma lista de políticos será indiciada na Lava Jato na semana, e Rodrigo Janot pedirá ao STF a abertura de inquérito.",fake,test
fakebr_train_5169,paulo martins publicou video derrubando mito dilma honesta,fake,test
fakebr_train_5170,"NASA está considerando apenas candidatos para futura missão a Marte e poderá buscar pessoas adaptadas à radiação do Planeta Vermelho; brasileiros, indianos, chineses e iranianos poderiam entrar na mira do ambicioso projeto.",fake,test
fakebr_train_5171,presidente camara rodrigo maia disse nesta quarta reforma previdencia nao votada ate fevereiro nao ira colocar assunto pauta reforma,true,test
fakebr_train_5172,todos sao iguais perante lei,fake,test
fakebr_train_5173,lula montou palanque politico dentro velorio,fake,test
fakebr_train_5174,conduta tres servidores sera investigada devido tratamento vip destinado aposentadoria,fake,test
fakebr_train_5175,gabriel anos internado unidade terapia intensiva uti hospital brasilia precisava fazer transplante coracao nao conseguiu ser transportado acabou morrendo,fake,test
fakebr_train_5176,"vaccarezza atribuido recebimento de propina relacionado ao esquema envolvendo a Petrobras, Trafigura e a Sargeant Marine, segundo a Lava Jato.",true,test
fakebr_train_5177,economista carioca richard faulhaber faz greve fome solidariedade lula,true,test
fakebr_train_5178,zeze di camargo diz nao ditadura brasil militarismo vigiado,true,test
fakebr_train_5179,Senador Dalirio Beber propõe reduzir o piso salarial de agentes de saúde e educadores.,fake,test
fakebr_train_5180,projeto lei abuso autoridade utilizado exclusivamente criminalizar lava jato caso motivo criacao dessa lei,fake,test
fakebr_train_5181,brasileiros sao desonestos,fake,test
fakebr_train_5182,ministro gilmar mendes ja pode marcar julgamento acao pede cassacao chapa dilma temer,true,test
fakebr_train_5183,"Aldemir Bendine é acusado na Lava Jato de receber r milhoes propina da Odebrecht para facilitar contratos da Petrobras, com a defesa pedindo incompetência de Moro para julgar o processo.",true,test
fakebr_train_5184,camara deputados pode votar nesta semana autoriza prosseguimento denuncia procuradoria geral republica contra presidente michel temer corrupcao passiva,true,test
fakebr_train_5185,odebrecht tentou anular delacao,fake,test
fakebr_train_5186,michel temer convençou luta politica juridica sera longa,true,test
fakebr_train_5187,nao adianta cunha renunciar ser cassado ai sim corda chega pescoco,fake,test
fakebr_train_5188,temer pode entregar poder militares apos renuncia,fake,test
fakebr_train_5189,apresentar nenhuma evidencia desta alegacao,true,test
fakebr_train_5190,"russia voltara usar abrigos nucleares sul crimeia, antigos bunkers sovieticos desintegrados abandonados que serviram durante guerra fria estao voltando ativa, com placas colocadas ao redor do local avisando visitantes que estao prestes entrar na zona proibida",fake,test
fakebr_train_5191,confira principais noticias publicadas roraima dias janeiro fevereiro,true,test
fakebr_train_5192,giba diz emprestou dinheiro amigos pagar r mil pensao alimenticia nao facil,true,test
fakebr_train_5193,banco central reduziu ontem noite taxa selic ponto porcentual,true,test
fakebr_train_5194,Lula depressao; cadeia estar cada vez proxima lula.,fake,test
fakebr_train_5195,randolfe afirmou ira mobilizar junto oposicao nenhum projeto votado plenario senado ficaremos plantao vamos obstruir qualquer votacao enquanto existir governo michel temer.,fake,test
fakebr_train_5196,"Monica Moura vai falar tudo; acordo de delação premiada está sendo formalizado, termos da delação estão sendo definidos pelos procuradores lava jato curitiba.",fake,test
fakebr_train_5197,"Centenas de tanques chineses deslocam-se para a fronteira com a Coreia do Norte, o governo chinês enviou cerca de mil soldados à fronteira no início desta semana, provocando temores de conflito de proporções mundiais.",fake,test
fakebr_train_5198,"paulo silvino, ator humorista global, faleceu hoje de manha decorrencia de cancer",fake,test
fakebr_train_5199,nao viu conexao casos competencia justica federal; nao restaram identificados prima facie fatos criminosos sob atribuicao vara federal,true,test
fakebr_train_5200,"Delação da OAS/Léo Pinheiro aponta dez crimes diferentes cometidos pelo Lula, incluindo sitio atibaia e triplex guaruja, segundo istoe; Pinheiro já entregou Lula.",fake,test
fakebr_train_5201,retrospectiva principais fatos cena policial regiao ribeirao preto,true,test
fakebr_train_5202,"Teorias conspiratórias afirmam que o planeta X/Nibiru se aproximará da Terra nos próximos sete anos, desencadeando desastres naturais (tsunamis, terremotos e furacões) e trocas nucleares entre EUA, Rússia, China, Ira e Coreia do Norte; a NASA afirma que nibiru não existe até o momento e não haverá colisão.",fake,test
fakebr_train_5203,"Zezé Di Camargo afirmou que se casou porque Zilu engravidou, a gravidez aconteceu por descuido, caiu na cilada, hoje está em relacionamento com Graciele Lacerda e quer ter filhos; Graciele não descarta a possibilidade de reverter vasectomia.",fake,test
fakebr_train_5204,delacao premiada homologada supremo tribunal federal lucio funaro relatou presidente michel temer recebeu propina jbs troca ajuda mudanca regras ministerio agricultura,true,test
fakebr_train_5205,verba petrobras usada sustentar sites petistas; petrobras tambem bancou generosos patrocinios sites amigos lula dilma.,fake,test
fakebr_train_5206,exercito juventude rejeita resquicios comunistas enfatiza apenas patriotismo servico nacao,true,test
fakebr_train_5207,novo presidente agencia precisa ter menos burocracia prazos curtos projetos previsibilidade interessar investidores,true,test
fakebr_train_5208,Teori Zavascki morreu apos acidente aviao.,true,test
fakebr_train_5209,julgamento luiz inacio lula silva ambito operacao lava jato vai ampliar divisoes brasil,true,test
fakebr_train_5210,ministro justica torquato jardim nao participou reuniao,true,test
fakebr_train_5211,ministro defesa nao descarta intervencao militar politicos nao resolverem crise,fake,test
fakebr_train_5212,julgamento recurso apresentado luiz inacio lula silva processo triplex guaruja sera realizado dia janeiro sede tribunal regional regiao porto alegre,true,test
fakebr_train_5213,Aldemir Bendine condenado pela Lava Jato por crimes de corrupção ativa e lavagem de dinheiro; o juiz Sérgio Moro determinou o início do cumprimento da pena em regime fechado e ele já está preso.,true,test
fakebr_train_5214,Jesus pode transicionar,fake,test
fakebr_train_5215,dilma enrolou ao responder a pergunta do senador ronaldo caiado.,fake,test
fakebr_train_5216,temer autorizou nesta caixa utilizar r bilhoes fgts fundo garantia tempo servico investimentos creditos imobiliarios emprestimo sancionado,true,test
fakebr_train_5217,Relator confirma voto favorável ao seguimento da ação contra Cunha; parecer será votado na próxima semana.,true,test
fakebr_train_5218,milhares presos serao soltos devido indulto natal,fake,test
fakebr_train_5219,alexandre moraes disse governadora roraima maria suely silva campos nao havia pedido apoio governo federal,fake,test
fakebr_train_5220,Concessao prisao domiciliar mulher acusada trafico drogas mae de duas criancas com liminar deferida pelo ministro gilmar mendes do stf fundamentada na protecao maternidade infancia dignidade humana ate julgamento merito habeas corpus,true,test
fakebr_train_5221,"Net confirmou suspensao de contrato com o canal da Igreja Mundial criada por Waldemiro Santiago por descumprimento contratual e falta de pagamento, sem revelar o motivo, enquanto a igreja é denunciada por desvio de dinheiro dos fiéis e investigada pelo Ministério Público e pela Receita Federal.",fake,test
fakebr_train_5222,"Tribunal Regional Federal da Região aumentou a pena de José Dirceu, atingindo o total de 9 anos e 9 meses de prisão.",true,test
fakebr_train_5223,janaina acredita populacao atenta qualificada participativa processo depuracao nao encerrara eventual queda pt,fake,test
fakebr_train_5224,"Bonner tem uma nova namorada, a fisioterapeuta Natasha Dantas, e foram fotografados pela primeira vez juntos saindo de um restaurante no Rio de Janeiro, tentando manter o relacionamento longe dos holofotes.",fake,test
fakebr_train_5225,ministro luiz fux disse nao pode ignorar imoralidade promiscuidade gravita torno ambiente politico,fake,test
fakebr_train_5226,deputado defende exposicao pedofila,fake,test
fakebr_train_5227,lula pode ser preso,true,test
fakebr_train_5228,missil precisao entra fase final exercito retoma voos testes capaz atingir alvo km distancia primeiras entregas estao previstas,true,test
fakebr_train_5229,dilma condena michel temer,fake,test
fakebr_train_5230,romero juca pode tornar reu,true,test
fakebr_train_5231,video nasa mostra ovni reabastecendo energias sol,fake,test
fakebr_train_5232,museu arte moderna sp exibe homem nu palco criancas tocam artista,fake,test
fakebr_train_5233,Nao ha cura gay porque nao existe cura,fake,test
fakebr_train_5234,Retrospectiva dos principais fatos do ano em Goiás.,true,test
fakebr_train_5235,policia federal indiciou pessoas no ambito operacao carne fraca e vao responder crimes.,true,test
fakebr_train_5236,juiz federal sergio moro acate denuncia contra lula,fake,test
fakebr_train_5237,Existem brasileiros que acreditam na terra plana e dizem que globalistas e a NASA conspiram para esconder a verdade sobre a forma da terra.,true,test
fakebr_train_5238,Internautas flagram eike batista eua embarcando rumo brasil sera recepcionado policia federal ao desembarcar brasil.,fake,test
fakebr_train_5239,temer negou utilizado agencia brasileira inteligencia abin investigar vida ministro edson fachin,fake,test
fakebr_train_5240,"Aumento de impostos anunciado pelo governo Temer é para colocar a conta no bolso da população, enquanto corruptos desviam bilhões por ano e o objetivo é livrar Temer de acusações de corrupção.",fake,test
fakebr_train_5241,ia pedir prisao lula hoje,fake,test
fakebr_train_5242,O tribunal aumentou a pena de José Dirceu em quase dez anos e João Vaccari Neto foi absolvido por insuficiência de provas.,true,test
fakebr_train_5243,trio parada dura vai cantar cadeia,fake,test
fakebr_train_5244,Defesa demostenes torres protocolou nesta supremo tribunal federal stf pedido anulacao processo cassacao ocorrido apos ser acusado usar mandato favorecer bicheiro carlos augusto ramos carlinhos cachoeira; pedido atendido pode disputar vaga senado eleicoes proximo ano,true,test
fakebr_train_5245,futebol mundial chegou limite tecnico,true,test
fakebr_train_5246,Resumo shows primeiro dia do festival verao salvador na arena fonte nova com apresentacoes simone simaria leo santana ivete sangalo luan santana rappa vintage culture.,true,test
fakebr_train_5247,assessor alerj enviou atraves aplicativo whatsapp companheiros alto escalao orientacao nao sairem ruas,fake,test
fakebr_train_5248,"Durante o culto transmitido vivo na igreja evangélica de Tatui, SP, um homem subiu ao púlpito, puxou uma faca e quase esfaqueou o pastor Getero Augusto Campos; a polícia levou o agressor à delegacia e o caso será investigado pela polícia civil.",true,test
fakebr_train_5249,concordaram encontrar pessoalmente debater outros pontos programa nuclear balistico coreia norte mediante garantia seguranca pyongyang,true,test
fakebr_train_5250,quero suprema corte analise merito processo analise provas acusacoes defesa e permaneça liberdade ate esgotem todos recursos.,true,test
fakebr_train_5251,trabalho forcado pode impactar exportacoes brasileiras,true,test
fakebr_train_5252,"Relatos de mulheres da Paraíba revelam violência de várias formas — sexual, doméstica e feminicidios — e mostram que muitas conseguiram romper o ciclo, ainda que a violência contra a mulher permaneça naturalizada pela sociedade.",true,test
fakebr_train_5253,politicos realmente mudam opiniao apenas adaptam discursos acordo plateia conveniencia eleitoral,true,test
fakebr_train_5254,Marcelo Odebrecht disse que Dilma sabia de todas as doações caixa.,true,test
fakebr_train_5255,angustiado doente russo faleceu vitima pneumonia,fake,test
fakebr_train_5256,"Durante o ato contra reforma previdencia na camara municipal sao paulo houve confusao, feridos e agressões, com tentativa de invasao do predio, e o prefeito joao doria psdb condenou a invasao.",true,test
fakebr_train_5257,Perguntaram trump iria encontrar temer,fake,test
fakebr_train_5258,"Decisão unanime do tribunal condena Lula na segunda instância, aumenta a pena, com início do cumprimento da pena após esgotamento de recursos; defesa terá apenas embargos declaracao, não podendo reverter a condenação.",true,test
fakebr_train_5259,economistas consultados banco central afirmam aumento real salario minimo sera miseros r pais,fake,test
fakebr_train_5260,recebemos prefeitura quebrada caixa zero; vamos equilibrar orçamento cortando todas as despesas nao superfluas dando manutencao cidade.,true,test
fakebr_train_5261,homem vai banco pagar indenizacao injuria racial xinga funcionario macaco,fake,test
fakebr_train_5262,denuncia protocolada procuradoria geral pode colocar ponto final,fake,test
fakebr_train_5263,eduardo bolsonaro fez postagem criticando ter sido flagrada medico cubano,fake,test
fakebr_train_5264,"Prefeitura e governo federal vão pagar aluguel de abrigos coletivos para mulheres e crianças venezuelanas em situação extrema de vulnerabilidade social, e não serão pagos aluguéis de casas individuais para venezuelanos (homens solteiros não serão atendidos).",true,test
fakebr_train_5265,russia lancou hoje icbm capacidade nuclear,fake,test
fakebr_train_5266,funaro temer cunha confabulavam diariamente tramar impeachment dilma rousseff,true,test
fakebr_train_5267,Nova decisao proferida juiz sergio moro recebeu denuncia ofertada ministerio publico federal contra luiz inacio lula silva.,true,test
fakebr_train_5268,asteroide poder destrutivo equivalente bilhoes bombas nucleares continuara passando terra,fake,test
fakebr_train_5269,Lider pt camara concluiu lula jogou toalha dilma nao escuta ninguem,fake,test
fakebr_train_5270,Fidel Castro faleceu nesta madrugada.,fake,test
fakebr_train_5271,"osmar serraglio foi citado flagrado grampo operacao carne fraca e seria indicado por michel temer para chefiar o ministerio transparency (cgu) para combater a corrupcao, entretanto ainda nao confirmou publicamente a aceitação.",true,test
fakebr_train_5272,"Um aposentado chamado Nery Santos deixou um bilhete de agradecimento ao enfermeiro Eduardo Campos pelo cuidado recebido no Hospital Universitário de Santa Maria, RS; o paciente faleceu em maio.",fake,test
fakebr_train_5273,"A atual gestão começou maio após megaoperação para tentar acabar com o problema da Cracolândia, com redução de danos, criando centros conteineres para atendimento e tratamento voluntário, substituindo a estratégia da gestão anterior com o programa redencao.",true,test
fakebr_train_5274,nota instituto lula nega ter cometido qualquer irregularidade,true,test
fakebr_train_5275,Caiu a máscara: Marco Antonio Villa é farsante e o debate com Bolsonaro é farsa que precisa ser revelada após divulgação deste video.,fake,test
fakebr_train_5276,temer atribui maia lembranca nome alexandre baldy assumir ministerio cidades,true,test
fakebr_train_5277,"Trump pode estar usando a teoria louco madman theory para dissuadir a Coreia do Norte apresentando-se imprevisível, disposto a enfrentar qualquer custo.",true,test
fakebr_train_5278,"Adriano Antonio Soares, acompanhado por Elias Escobar (chefiou PF em Niterói/Volta Redonda), ambos policiais federais, foram baleados e mortos após suposto desentendimento em casa noturna em Florianópolis; uma terceira pessoa também atingida e internada em estado grave; a Polícia Civil juntamente com a Polícia Federal ira investigar o caso.",fake,test
fakebr_train_5279,"Aprovação da emenda que permite a reeleição presidencial provocou uma intensa crise política no Paraguai, com invasão do Congresso e fragilização das instituições democráticas.",true,test
fakebr_train_5280,vai aposentar morar paris,fake,test
fakebr_train_5281,joao doria afirmou que lula é covarde,fake,test
fakebr_train_5282,rn atingiu neste domingo marca historica mil assassinatos ano,true,test
fakebr_train_5283,ha elementos indicam complo armado abafar delacoes premiadas esvaziar investigações,fake,test
fakebr_train_5284,"Ator Thierre di Castro Garrito atirou dentro do hotel Rio Claro, SP, e foi preso em flagrante com a namorada por tentativa de homicídio e porte ilegal de armas.",true,test
fakebr_train_5285,Eduardo Cunha anda abatido desanimado demonstra claramente desespero relacao processos envolvem esposa jornalista claudia cruz filha denielle dyts.,fake,test
fakebr_train_5286,"psol entrou acao adpf no stf pela descriminalizacao aborto ate semana gravidez, pedindo reconhecido direito constitucional interrupcao gestacao no primeiro trimestre.",fake,test
fakebr_train_5287,"O impeachment é previsto constitucionalmente, não pode ser classificado ilegal ilegitimo, e cabe exclusivamente ao Congresso Nacional apreciar e julgar o impeachment do presidente da República por crimes de responsabilidade.",fake,test
fakebr_train_5288,amigos aecio temem cometa suicidio,fake,test
fakebr_train_5289,TCU concluiu que o governo de Dilma Rousseff fez pedaladas fiscais envolvendo atrasos de repasses a dois bancos públicos (BB e BNDES) com empréstimos ilegais.,true,test
fakebr_train_5290,urgente ator novela velho chico desaparece rio sao francisco durante gravacoes,fake,test
fakebr_train_5291,espetaculo carne fraca causou prejuizos pais,true,test
fakebr_train_5292,janot confirma lula chefe organizacao criminosa tomou assalto cofres publicos,fake,test
fakebr_train_5293,grampo policia federal operacao patmos desdobramento lava jato capturou senador aecio neves conversando irma andrea neves sobre delacao odebrecht audio,true,test
fakebr_train_5294,"Nos primeiros dias de gestao Greca afirmou nao medo frustracao, culpou antecessor gustavo fruet pdt nao conseguir resolver problemas atuais, disse estar feliz missao cumprida.",true,test
fakebr_train_5295,"Verba pública via emendas parlamentares custeou o show de Wesley Safadão, embora a maior parte do dinheiro tenha sido destinada à saúde.",true,test
fakebr_train_5296,"Pais buscam cura doenca alexander em Nicholas Casarino; estudo feito na universidade wisconsin estados unidos conseguiu frear doenca em ratos, ainda nao testada em humanos, e nao ha cura nem tratamentos efetivos ate o momento.",true,test
fakebr_train_5297,Ações da Eletrobras dispararam após o governo anunciar plano de privatização.,true,test
fakebr_train_5298,meirelles cogita candidatura,true,test
fakebr_train_5299,advogados luiz inacio lula silva ja registraram queixas legais pedem prisao juiz federal sergio moro abuso autoridade difamacao calunia injuria,fake,test
fakebr_train_5300,presidente hassan rouhani disse que aumentara poder fogo para proteger pais fortalecendo forcas armadas iranianas defender pais nao pediremos permissao a ninguem potencializar defesas inclusive construcao misseis; presidente americano donald trump afirmou iria acabar programa misseis ira,fake,test
fakebr_train_5301,juiz substituto brasilia determinou suspensao reajuste tributos sobre combustiveis.,true,test
fakebr_train_5302,retorno lingua oficial brasil,fake,test
fakebr_train_5303,pf pediu prisao temporaria quebra sigilos telefonico bancario fiscal jose zunga alves lima ligado pt atual funcionario empresa telefonia oi,fake,test
fakebr_train_5304,Rafael Greca foi eleito prefeito de Curitiba.,fake,test
fakebr_train_5305,reforma politica sendo feita atender interesses reeleicao,true,test
fakebr_train_5306,Obama fez discursos memoráveis durante seus oito anos de mandato.,true,test
fakebr_train_5307,Banco Santander investiu cerca milhao reais beneficios lei rouanet exposicao queermuseu localizada predio fundacao santander cultural porto alegre.,fake,test
fakebr_train_5308,"O projeto de lei pretende legalizar o trabalho escravo no Brasil, substituindo salário por alimentação e moradia para trabalhadores rurais, fazendo com que trabalhadores voltem a um regime de trabalho bastante parecido com o período escravocrata; será votado pelo Congresso.",fake,test
fakebr_train_5309,eduardo cunha vai abrir processo impeachment contra presidente dilma rousseff,fake,test
fakebr_train_5310,"Precisamos abolir as armas nucleares por meio de um tratado, com o Brasil como primeiro signatário e convencendo o restante dos BRICS a aderirem.",true,test
fakebr_train_5311,sitio atibaia podera servir abrigo cracolandia,fake,test
fakebr_train_5312,mexico inaugura boneco cera dilma,fake,test
fakebr_train_5313,"Delação Odebrecht aponta políticos de diversos partidos favorecidos com doações ilegais e propinas, com grupo parlamentar apoiando o Palácio do Planalto articulando formas de escapar de futuras punições e tentando alterar a legislação; acordo de colaboração premiada firmado por quinze diretores.",fake,test
fakebr_train_5314,cerco contra luiz inacio lula silva vai fechando tal forma resta petista apenas elevar retorica atacar investigadores policia federal,fake,test
fakebr_train_5315,"Segundo Ian Bremmer, o mundo entrou em recessão geopolitica, com retração da atuação global e fim da Pax Americana; não existe país ou grupo de países capaz de ocupar seu lugar, e as incertezas criadas serão o maior risco para a economia nos próximos anos.",true,test
fakebr_train_5316,temer anuncia ministerios nesta tarde confira nomes equipe economica henrique meirelles assume ministerio fazenda itau ilan goldfajn vai banco central,true,test
fakebr_train_5317,pesquisa traz dois cenarios distintos: primeiro governador geraldo alckmin ja; segundo joao doria,fake,test
fakebr_train_5318,general exercito acusa ministro stf criar tramoia evitar prisao lula,fake,test
fakebr_train_5319,"A tensão na região está aliviando em relação ao ano passado, com a retomada do diálogo entre Coreias e a participação da Coreia do Norte nos Jogos Olímpicos de Inverno.",true,test
fakebr_train_5320,Terceiro video circula redes sociais mostra fabio assuncao agredindo verbalmente funcionarios hospital cidade arcoverde pernambuco ator sido levado pm acalmar animos provavelmente ser medicado,fake,test
fakebr_train_5321,globo decidiu suspender o ator jose mayer por tempo indeterminado.,true,test
fakebr_train_5322,"A família de Leslye Coelho, adolescente de Boituva, lançou uma campanha para arrecadar dinheiro para pagar as despesas do hospital, diante da internação, cirurgia, coma induzido e infecção generalizada.",true,test
fakebr_train_5323,"Casal afirma que pode viver apenas com respiração e energia cósmica, sem comer.",fake,test
fakebr_train_5324,delator vai cumprir pena dois anos tres meses regime domiciliar,fake,test
fakebr_train_5325,juliana cunha coordenadora organizacao safernet diz nao ha evidencia jogo real menos poderia ter causado suicidios,true,test
fakebr_train_5326,Frase maior mentiroso mundo digitada google o primeiro link aparece e aponta para Lula.,fake,test
fakebr_train_5327,"Adolescente Tovick Coelho foi baleado durante assalto em Paraty, RJ e morreu.",true,test
fakebr_train_5328,policia federal afirmou relatorio enviado stf supremo tribunal federal segunda ha suficientes indicios geddel vieira lima pmdb irmao lucio vieira lima mae marluce vieira lima cometeram crimes associacao criminosa lavagem dinheiro,true,test
fakebr_train_5329,"Michel Temer conseguiu empatar com Dilma Rousseff e entrou no seleto grupo piores presidentes de todos os tempos, segundo pesquisa realizada ibope.",fake,test
fakebr_train_5330,A sede do jornal Estado de S. Paulo recebeu uma ameaça de bomba e a polícia esvaziou o prédio.,fake,test
fakebr_train_5331,Juiz aceitou denuncia contra luiz inacio lula silva corrupcao passiva operacao zelotes tornando-o reu.,true,test
fakebr_train_5332,"Lula tem fotógrafo oficial, Ricardo Stuckert, rendimentos mensais de várias fontes (incluindo salário CBF e salário Instituto Lula) e acordo com o Ministério Público Federal, CineFoto/Stuckert Press Ltda.",fake,test
fakebr_train_5333,unica saida realista avancar reformas expulsar populismo,true,test
fakebr_train_5334,jose carlos aleluia deputado federal exigiu hoje renuncia presidente interino camara waldir maranhao,fake,test
fakebr_train_5335,termo fake news virou arma dois lados batalha politica mundial,true,test
fakebr_train_5336,defesa lula dispensa testemunhas vespera depoimentos apos mobilizar estrutura judiciario intimar depoentes advogados petista filho protocolam desistencia oitiva,true,test
fakebr_train_5337,apresentador americano cbs detona olimpiadas rio,fake,test
fakebr_train_5338,nova guerra coreia apocaliptica dizem especialistas primeiras horas conflito milhares seul perderiam vida,true,test
fakebr_train_5339,"População da Coreia do Norte vive praticamente isolada do resto do mundo, convivendo com restrições cotidianas sob um regime ditatorial com traços stalinistas, que distorce a imagem de outras áreas e leva pessoas a acreditar que os americanos são lobos maus.",true,test
fakebr_train_5340,juiz stf autoriza saida detentos irem praia,fake,test
fakebr_train_5341,deltan dallagnol anistiar crimes,fake,test
fakebr_train_5342,Jornalistas ficaram irritados com a pauta enviada pela presidência para cobrir a ida de Michel Temer à escola do filho no primeiro dia de aula; Temer apenas acenou e sorriu; grandes veículos não publicaram tal pauta.,fake,test
fakebr_train_5343,nao podemos permitir bandido sempre venca mocinho,fake,test
fakebr_train_5344,O uso das Forças Armadas no combate ao crime organizado cresceu nesta década.,true,test
fakebr_train_5345,nao havia chuva momento queda aviao,fake,test
fakebr_train_5346,governo dilma tao desonesto,fake,test
fakebr_train_5347,"Sessão histórica de julgamento da apelação criminal mérito do caso triplex guaruja ocorrerá amanhã no Tribunal Regional Federal da região Porto Alegre, com o juiz federal Sérgio Moro; a defesa de Lula fará sustentação oral e a acusação defenderá a manutenção da condenação.",true,test
fakebr_train_5348,andrade gutierrez confirmou pagou propina disfarcada doacao oficial campanha presidencial,fake,test
fakebr_train_5349,deputado tiririca votou absolvicao presidente michel temer,fake,test
fakebr_train_5350,afirma candidato governista presidencia precisa demonstrar capacidade ganhar eleicao,true,test
fakebr_train_5351,jose dirceu indiciado terceira vez,fake,test
fakebr_train_5352,russia china india prometem lutar lado coreia norte,fake,test
fakebr_train_5353,espiao garcom demitido michel temer flagrado repassando informacoes dilma,fake,test
fakebr_train_5354,"PGR denunciou Renan Calheiros, Romero Juca, Valdir Raupp, Sarney e Garibaldi Alves no âmbito da Lava Jato, com acusação de crimes envolvendo propina oriunda de contratos da Transpetro, e a denúncia foi enviada ao STF.",true,test
fakebr_train_5355,PSDB apresentou neste documento diretrizes reformular programa partidario; deve servir base discussao propostas campanha eleitoral defendendo choque capitalismo privatizacoes reformas.,true,test
fakebr_train_5356,"Polêmica gerada pela apresentação La Bête, no MAM (Museu de Arte Moderna de São Paulo), envolvendo uma criança de aproximadamente quatro anos que toca o pé do artista, com movimentos de direita acusando pedofilia, enquanto o museu afirma que houve sinalização de nudez e que o trabalho não é conteúdo erótico.",true,test
fakebr_train_5357,"Postagem promocional que oferece dicas e promove itens e serviços para corrida (roupas, meias de compressão, tênis, acessórios, pacotes/inscrições para maratonas) com foco em compra e participação.",true,test
fakebr_train_5358,suzane richthofen quer virar pastora evangelica,fake,test
fakebr_train_5359,"Ameaca de bomba no congresso nacional mobilizou a policia legislativa, interditou o salao verde, houve varredura e nada foi encontrado, e deeter disse que nao foi alarme falso (nao é a primeira vez que esse tipo de ameaca ocorre).",fake,test
fakebr_train_5360,foro sp vasta organizacao politica ja existiu america latina participam todos governantes esquerdistas continente reune centena partidos politicos varias organizacoes criminosas ligadas narcotrafico sequestros farc mir chileno todas empenhadas articulacao estrategica comum busca vantagens mutuas,fake,test
fakebr_train_5361,policia acredita prisao quadrilha vai reduzir roubo carros rs proximos dias,true,test
fakebr_train_5362,zuckerberg chamou brasileiros bandidos,fake,test
fakebr_train_5363,fatima bernardes infeliz sim sera pagar pato politica irresponsavel instaurou brasil,fake,test
fakebr_train_5364,cada policial morto dez bandidos morriam,fake,test
fakebr_train_5365,Lula pode estar cogitando fuga para a Espanha para evitar a prisao.,fake,test
fakebr_train_5366,rosso pediu r milhoes recebeu r mil propina,true,test
fakebr_train_5367,"periodo pesquisado menos reus deputados senadores ministros sao condenados; total acoes prescreveram, transferidas outras instancias; foro privilegiado nao banido no pais.",fake,test
fakebr_train_5368,juiz ricardo leite vara federal brasilia levou consideracao declaracoes hostis lula poder judiciario decidir tirar passaporte petista magistrado ordenou documento apreendido proibiu lula deixar pais,true,test
fakebr_train_5369,"Herdeira banco Credit Suisse decidiu fazer doacao para Lula de tralhas grife, com lista de doacoes totalizando aproximadamente r mil.",fake,test
fakebr_train_5370,nome batismo funkeira larissa macedo machado,fake,test
fakebr_train_5371,Defesa de Lula vai ao STF provar que Sergio Moro cometeu abuso de autoridade.,fake,test
fakebr_train_5372,michel temer afirmou acusacoes relatadas transpetro delacao sao levianas mentirosas,fake,test
fakebr_train_5373,"Há suspeita de corrupção no Hospital Ouro Verde, com desvios de recursos estimados em milhões, investigados pela operação Ouro Verde e pelo Gaeco, envolvendo a organização social Vitale e contratos com entidades que atendem via SUS em Campinas, com discussão sobre a municipalização da unidade.",true,test
fakebr_train_5374,privatizacao eletrobras maior empresa energia pais vai ser proposta governo federal informou ministerio minas energia procurando reforcar caixa tempos bicudos governo aporte r bilhoes segundo expectativa ministro,true,test
fakebr_train_5375,maioria ministros stf deve negar pedido inconstitucionalidade feito republica pgr artigos lei organizacoes criminosas permite policia fechar acordos colaboração premiada independente participacao ministerio publico federal,true,test
fakebr_train_5376,acredito supremo tribunal federal deveria arquivar pedido tao esdruxulo michel temer chefe eduardo cunha esquema apontado,true,test
fakebr_train_5377,eleicao povo amazonas tera chance dar basta poder ir urnas votar programa emergencial amazonas crise dar efetivamente novo rumo seguranca publica novo rumo investimentos geracao emprego renda,true,test
fakebr_train_5378,"Petrobras teve prejuizo liquido no ano e no trimestre, com impairment de ativos, e nao pagara dividendos aos acionistas.",true,test
fakebr_train_5379,"A pauta do STF nesta quinta envolve habeas corpus preventivo de Lula e ação direta de inconstitucionalidade sobre doações ocultas em campanhas eleitorais, discutindo ainda a possibilidade de execução provisória de pena após esgotamento das instâncias.",true,test
fakebr_train_5380,triplex declarado imposto renda lula durante anos,fake,test
fakebr_train_5381,oposicao dilma age forma desequilibrada usa agu favor lula obstrucao justica por meio de advocacia administrativa ira protocolar representacoes junto pgr e junto republica contra presidente dilma lula com base em conversas telefonicas gravadas autorizacao judicial,fake,test
fakebr_train_5382,"O STF está dividido e virou ringue de combates ideológicos partidários, perdendo o respeito da população.",true,test
fakebr_train_5383,Turistas chineses filmaram a alma da princesa Diana refletida nos vitrais de uma igreja.,fake,test
fakebr_train_5384,"Depoimentos acima revelam que maes de criancas com alergias alimentares no Brasil enfrentam pouca protecao, com legislacao incipiente e acesso limitado a medicamentos que poderiam salvar vidas, especialmente entre a populacao de baixa renda.",true,test
fakebr_train_5385,jornal ingles the mirror publicou materia seguinte titulo aviso terceira guerra mundial sobreviver bomba nuclear,fake,test
fakebr_train_5386,Deputados negociam impeachment de Dilma Rousseff.,fake,test
fakebr_train_5387,"Palocci afirmou que houve financiamento da campanha de Dilma Rousseff com recursos da Odebrecht, envolvendo pagamento de propinas, negociação de recursos para o Instituto Lula, e reuniões com Lula e Dilma com executivos da Odebrecht.",true,test
fakebr_train_5388,grupo ligado lula pt conseguiu sumir dois navios sonda,fake,test
fakebr_train_5389,"Os EUA instalaram na Coreia do Sul o sistema THAAD, desenhado para interceptar e destruir mísseis balísticos de curto e médio alcance durante a fase final do voo, aumentando a defesa da aliança EUA-Coreia do Sul contra as ameaças da Coreia do Norte.",true,test
fakebr_train_5390,"Renan Calheiros foi afastado, e Jorge Viana assumiu temporariamente a presidência do Senado.",fake,test
fakebr_train_5391,"Juliana Paes hostilizada em posto de combustível na Barra Tijuca, Rio de Janeiro; segundo episodio em menos dias na ultima semana.",fake,test
fakebr_train_5392,O juiz Sergio Moro rejeitou a exceção de suspeição apresentada pela defesa de Lula.,true,test
fakebr_train_5393,ministro temer assinou pacote tv cabo pago contribuinte conteudo xxx adultos,fake,test
fakebr_train_5394,"Kim Jong-un busca chamar atenção internacional e influenciar a política mundial por meio de testes nucleares, gerando debate se isso levará a um conflito de grandes proporções.",true,test
fakebr_train_5395,aecio neves afirmou participara manifestacoes amanha nao especificou onde,fake,test
fakebr_train_5396,"temer atuava arrecadador e, segundo delação de Melo, franco representava interesses de Temer para obter benesses da Odebrecht; Dilma tentou fazer a mesma coisa; Lula crucificada midia; nao podemos ter dois pesos duas medidas.",fake,test
fakebr_train_5397,Hartung retirou tumor bexiga atraves intervencao cirurgica ficara internado ate proximo dia doenca governador considerada nao invasiva sob cuidados roberto kalil filho,fake,test
fakebr_train_5398,pangolins correm risco extincao,true,test
fakebr_train_5399,Plebiscito criar novo pais estados sul sim votacao sim alcancou aprovacao,fake,test
fakebr_train_5400,thiago lacerda solta verbo artistas defendem pt nao perder boquinha lei rouanet,fake,test
fakebr_train_5401,A vara federal de Brasília determinou o sequestro de bens e o bloqueio de ativos e de recursos de contas bancárias dos investigados na operação Greenfield.,true,test
fakebr_train_5402,dilma grampeou sergio moro michel temer ministros stf abin grampeou gabinete ministro luis roberto barroso confirmou suspeitas,fake,test
fakebr_train_5403,novo brasil surgindo reformas sera aberto mundo,true,test
fakebr_train_5404,video mostra promotor prendendo prefeito,fake,test
fakebr_train_5405,"Rússia acusou hoje o submarino holandês de tentar monitorar e seguir navios no Mar Mediterrâneo, dizendo que a manobra foi desajeitada e perigosa e alertando para consequências graves.",fake,test
fakebr_train_5406,planalto demite secretario Bruno Julio apos emitir opiniao sobre massacre,fake,test
fakebr_train_5407,"tom cruise construiu bunker nos EUA, investiu milhões, sob a mansao localizada beverly hills california, embaixo quadra tenis, abrigo subterraneo para possivel guerra nuclear.",fake,test
fakebr_train_5408,partir desse dia sergio moro tornou heroi nacional,fake,test
fakebr_train_5409,andres sanchez revelava valor construcao itaquerao corinthians disse gravacao estadio custaria bilhao reais apesar preco real divulgado ser milhoes,fake,test
fakebr_train_5410,ministro peluso contra concessao refugio,true,test
fakebr_train_5411,"juiz leoney figlioulo determinou sabado soltura de quatro homens presos por atraso no pagamento de pensao alimenticia no complexo penitenciario anisio jobim compaj, atendendo pedido defensoria publica amazonas, diante crise sistema carcerario manaus.",true,test
fakebr_train_5412,marina silva anunciou neste sabado sera terceira vez candidata presidencia republica,true,test
fakebr_train_5413,urgente ministro transparencia vai pedir demissao ainda hoje,fake,test
fakebr_train_5414,"O ator fabio assuncao foi detido na madrugada de sabado na festa sao joao arcoverde sertao pernambuco; agrediu pessoas, desacatou policiais, tambem quebrou vidros da viatura; levado apos ser ouvido audiencia custodia pagou fianca liberado.",true,test
fakebr_train_5415,confirmado blogueiro eduardo guimaraes conduzido ontem coercitivamente pf acabou confessando intercedeu favor lula,fake,test
fakebr_train_5416,afimou tribunal pode reavaliar brecha lei ficha limpa permite politicos condenados instancia,true,test
fakebr_train_5417,complexo serie rjtv revela sonhos perdidos alemao mil mortes violentas anos documentario cinco capitulos mostra imagens ineditas ocupacao numeros chocantes,true,test
fakebr_train_5418,Deputados do PT cobram providências do governo federal em relação aos ataques sofridos pela caravana de Lula.,true,test
fakebr_train_5419,valeu carolina voce toda razao estar indignada,fake,test
fakebr_train_5420,lei rouanet so beneficia consagrados nao atende interesses publicos,fake,test
fakebr_train_5421,maior ataque ransomware ja cometido,true,test
fakebr_train_5422,lei pena morte politicos corruptos pode ser aprovada brasil,fake,test
fakebr_train_5423,"Segundo a delação premiada de Monica Moura e Joao Santana, Dilma Rousseff telefonou para a República Dominicana para avisar o casal sobre acusação gravíssima, e Dilma participava de conversas sobre caixa dois.",true,test
fakebr_train_5424,quero manifestar absoluto inconformismo fato lula varias vezes compareceu forma voluntaria prestar esclarecimentos,true,test
fakebr_train_5425,retrospectiva principais fatos ano regiao piracicaba sp,true,test
fakebr_train_5426,petrobras quer vender refinaria pasadena eua,true,test
fakebr_train_5427,china pede estados unidos coreia sul suspendam acoes seul tomaremos medidas necessarias drasticas,fake,test
fakebr_train_5428,Secretário de Justiça do Rio Grande do Norte informou em entrevista à Globo que estados fazem acordos com presos para evitar rebeliões.,fake,test
fakebr_train_5429,"O diálogo gravado entre o senador Aécio Neves e o empresário Joesley Batista tratava‑se de cobrir custos de defesa com um empréstimo entre privados, sem ato ilícito nem relação com o setor público, e a venda do apartamento da família seria para ressarcir recursos.",true,test
fakebr_train_5430,suprema corte julga renan calheiros,fake,test
fakebr_train_5431,Jovem ucraniano canta musica tche tcherere gustavo lima durante performance no The Voice; ganhou redes sociais mundo afora; plateia delirio jurados tambem; vale pena assistir.,fake,test
fakebr_train_5432,sucesso fake musicos fraudam numeros streaming usando robos,true,test
fakebr_train_5433,Pimentel acusado ter recebido milhao reais propinas e integrar organização criminosa coordenada.,fake,test
fakebr_train_5434,"Felipe Heiderich, pastor acusado de abusar do próprio enteado, foi solto com medidas cautelares (monitoramento eletrônico) e proibido de se aproximar de Bianca Toledo e de seu filho; o Ministério Público não pediu a prisão preventiva.",fake,test
fakebr_train_5435,"politica brasileira farsa financiadores campanhas, povo mantido ignorancia e poder publico privatizado.",fake,test
fakebr_train_5436,prefiro anonimato,true,test
fakebr_train_5437,senado julgara impeachment gilmar mendes,fake,test
fakebr_train_5438,"camara sp paga supersalarios a funcionarios com salarios brutos acima do teto, conforme portal transparencia.",true,test
fakebr_train_5439,conar abre processo julgar peca publicitaria governo federal sobre reforma previdencia,true,test
fakebr_train_5440,selecao masculina volei busca terceiro ouro olimpico apos superar ameaca desclassificacao,true,test
fakebr_train_5441,"temores de nova corrida nuclear envolvendo coreia norte e outros paises india paquistao, com eua russia afastando acordos internacionais de desarmamento e gerando apreensao com lancamentos misseis balisticos intercontinentais e testes nucleares.",true,test
fakebr_train_5442,traficantes submersos ostentando fuzis dentro piscina vila olimpica,fake,test
fakebr_train_5443,RUI FALCAO covarde acovardou duas vezes,fake,test
fakebr_train_5444,onu nao vai interferir no caso lula,fake,test
fakebr_train_5445,"Congresso Nacional concluiu noite desta analise vetos presidenciais, maioria vetos mantida, parlamentares liberaram pauta e poderão votar partir agora o projeto que permite deficit r bilhoes.",true,test
fakebr_train_5446,paulo bernardo preso lesar dinheiro velhinhos aposentados,fake,test
fakebr_train_5447,pepe nenem apoiam bolsonaro,fake,test
fakebr_train_5448,lula disse nao ha nesse pais alma honesta dentro igreja,fake,test
fakebr_train_5449,stf decidiu ontem limitar alcance foro privilegiado deputados federais senadores,true,test
fakebr_train_5450,"Defesa de Michel Temer sustenta que a denúncia de corrupção passiva apresentada pela PGR é infundada, sem provas consistentes e com irregularidades processuais, devendo ser apreciada pelo plenário.",true,test
fakebr_train_5451,dilma vai cair,fake,test
fakebr_train_5452,"Chávez e o PSUV pretendem aprofundar a revolução socialista, enquanto a oposição promete ir às ruas para reconstruir a democracia.",true,test
fakebr_train_5453,"Tillerson disse que EUA estao prontos conversar a qualquer momento com a Coreia do Norte, mas Pyongyang deve primeiro aceitar quaisquer negociações e as negociações devem ser sobre desistir do arsenal nuclear.",true,test
fakebr_train_5454,"Antonio Palocci acusado de corrupcao, associacao criminosa e lavagem dinheiro, dentre outros crimes; a PF informou que Palocci atuou de forma direta para propiciar vantagens odebrecht epoca governo identificadas negociacoes beneficiar empreiteira.",fake,test
fakebr_train_5455,Trump pediu aos democratas e republicanos que unam esforços para aprovar o novo plano de infraestrutura e a reforma migratória.,true,test
fakebr_train_5456,"Existem psicopatas primários e secundários, e a psicopatia envolve fatores neurais/genéticos/epigenéticos e ambientais; o conhecimento disso pode orientar políticas públicas e ética para promover empatia e um mundo amoroso.",true,test
fakebr_train_5457,"Aposentados, ajudem o governo a aprovar a reforma previdencia.",true,test
fakebr_train_5458,"cantor dupla munhoz mariano sofre acidente durante gravacao programa caldeirao huck, recebeu atendimento medico imediato e foi levado hospital particular onde levou varios pontos cabeca; tanto assessoria rede globo quanto dupla sertaneja ainda nao pronunciaram sobre fato.",fake,test
fakebr_train_5459,Jose Dirceu condenado anos prisao por crimes corrupcao passiva recebimento vantagem indevida lavagem dinheiro esquema corrupcao petrobras processo mensalao pelo juiz sergio moro cabe recurso,fake,test
fakebr_train_5460,dilma entrara justica pra anular impeachment,fake,test
fakebr_train_5461,acao tse oficial justica notifica temer; michel temer entregou notificacao; dilma rousseff nao encontrada palacio planalto,fake,test
fakebr_train_5462,delcidio confirma versao tiririca,fake,test
fakebr_train_5463,propina acertada na obra Belo Monte destinada pt mdb segundo delacao premiada de executivos da Odebrecht,true,test
fakebr_train_5464,"Senadores do PMDB relatam desconforto com Renan Calheiros, líder do PMDB no Senado, e manifestam oposição às decisões do governo Temer.",true,test
fakebr_train_5465,ha influencia politica decisoes banco,true,test
fakebr_train_5466,raul castro comemora incognitas ultimo aniversario frente cuba previsto lider deixe poder proximo mes fevereiro apos decada,true,test
fakebr_train_5467,pt roubou tudo,fake,test
fakebr_train_5468,Donald Trump disse que a Coreia do Norte enfrentaria fogo e fúria como o mundo nunca viu.,fake,test
fakebr_train_5469,novas inquisicoes querem literatura inofensiva querem tornar vida impossivel ser vivida,true,test
fakebr_train_5470,Ministra do STF citou a Nova Ordem Mundial em seu discurso de posse.,fake,test
fakebr_train_5471,prisao eduardo cunha podera ser preso neste fim semana,fake,test
fakebr_train_5472,tirulipa revelou desejo processar pai razao inusitada segundo causa processo sera empobrecimento ilicito,fake,test
fakebr_train_5473,cachorrinhos destruiram carro,fake,test
fakebr_train_5474,"vereador pede dilma faca exames neurologicos, alegando que declaracoes dilma estao cada vez desconexas e sem logica, sugerindo serios problemas mentais.",fake,test
fakebr_train_5475,alvo mandado conducao coercitiva operacao janus policia federal nesta empresario taiguara rodrigues santos,true,test
fakebr_train_5476,eua nao irao recuar apos testes imprudentes misseis realizados coreia norte,fake,test
fakebr_train_5477,ministro luis roberto barroso supremo tribunal federal determinou abertura inquerito investigar presidente michel temer suspeita corrupcao lavagem dinheiro,true,test
fakebr_train_5478,apos dizer daria carta branca pm matar presidenciavel jair bolsonaro recuou,true,test
fakebr_train_5479,marcelo calero afirma ter gravado conversas telefonicas com michel temer e com outros membros do governo.,true,test
fakebr_train_5480,guerra siria comecou levante pacifico contra presidente bashar converteu conflito brutal sangrento,true,test
fakebr_train_5481,grampo mostra lula conspirando,fake,test
fakebr_train_5482,"Juiz pode autorizar prisao domiciliar para presas ficarem em casa para cuidar dos filhos menores até anos incompletos, conforme lei brasileira; o benefício pode ser concedido em casos específicos e cada caso é analisado.",true,test
fakebr_train_5483,conta agua r milhao mane garrincha causada falha execucao obra nao deveria existir ligacao tubulacao recebe agua caesb.,true,test
fakebr_train_5484,senadores adotaram estrategia nao interrogar depondo acelerar sessao,true,test
fakebr_train_5485,"Senador Romero Juca retirou a tramitação da PEC que alteraria o artigo ferraco para proibir réus de processos penais ocupem cargos de chefia, após pressão, visando blindar presidentes.",fake,test
fakebr_train_5486,luiz inacio lula silva mentiu dizer comprou cotas apartamento triplex guaruja sp,fake,test
fakebr_train_5487,"rumos anuncia projetos aprovados deste ano do programa fomento producao artistica; a lista dos selecionados foi divulgada no site itau cultural, com detalhes das propostas, responsáveis, região de origem e região impactada.",true,test
fakebr_train_5488,populacao antecedencia condenando acusados sem provas cabais no caso isabella nardoni com grande espetaculo televisivo.,true,test
fakebr_train_5489,bolsonaro recusou aceitar doacao r mil jbs,fake,test
fakebr_train_5490,Renan Calheiros resolveu votar regime urgencia em projeto que autoriza aumento salario dos ministros do STF.,fake,test
fakebr_train_5491,"policia faz buscas no apartamento pertencente ao piloto felipe ramos morais, em guaruja, para localizar armamentos utilizados pela faccao criminosa na morte de gege mangue.",true,test
fakebr_train_5492,ppl anuncia joao vicente goulart presidencia republica filho joao goulart fundou instituto homenagem pai disputara cargo primeira vez,true,test
fakebr_train_5493,juca vai pra cadeia,fake,test
fakebr_train_5494,"Apesar das sanções, a Coreia do Norte realizou dois testes nucleares e disse ter detonado desta ultima vez uma bomba de hidrogênio, indicando avanços perigosos no programa de armas nucleares.",true,test
fakebr_train_5495,"Tragédia ambiental chegará ao oceano Atlântico, próxima à irresponsabilidade mineradora Samarco.",fake,test
fakebr_train_5496,turismo curdistao sobreviveu estado islamico,true,test
fakebr_train_5497,papisa joana mulher governou igreja catolica apedrejada ate morte durante seculos,fake,test
fakebr_train_5498,"PF encontrou recibos caixa e papeis com anotações identificados no apartamento do senador Aécio Neves; informações constam em relatório enviado ao Supremo Tribunal Federal; também apreendidas obras de arte; a operação ocorreu no último dia; planilhas indicam cargos do governo federal, incluindo nomes, cargos e remuneração; documentos estão na posse da PF.",fake,test
fakebr_train_5499,Dilma nao quer devolver faixa presidencial; faixa presidencial sumiu.,fake,test
fakebr_train_5500,temer faz viagem oficial russia noruega ausencia chefe executivo rodrigo maia vai assumir presidencia republica,true,test
fakebr_train_5501,paulo betti propôs vaquinha para tapar rombo fiscal do governo dilma.,fake,test
fakebr_train_5502,"Tribunal de Contas do Amazonas recomendou à prefeitura de São Paulo suspender o contrato do consórcio PPP de iluminação, diante de desvio de recursos e irregularidades envolvendo a CLD Construtora, incluindo pagamento de propina.",true,test
fakebr_train_5503,europa acorda sob ataque terrorista,fake,test
fakebr_train_5504,"Karl Marx era comunista sustentado pela esposa; seus filhos morreram de fome e suicidaram-se, enquanto Marx dedicava-se a conspirações e a um estilo de vida miserável, com a família passando fome.",fake,test
fakebr_train_5505,"Nelson Xavier morreu em Uberlândia, Minas Gerais, após complicações de doença pulmonar.",true,test
fakebr_train_5506,moradora sao bernardo diz pf cidade nao encontrou lula,fake,test
fakebr_train_5507,Safra recorde reanima economia salva pib trimestre,true,test
fakebr_train_5508,"Brasil prometeu jogos verdes planeta azul nao conseguiu despoluir absolutamente nada; rio tao imunda, peixes estao morrendo.",fake,test
fakebr_train_5509,huck deve fazer reunioes proximos dias especialistas marketing politico pesquisas qualitativas enquanto perscruta terreno adota discurso publico nao candidato,true,test
fakebr_train_5510,suplicy participara programa doria web nesta quinta,true,test
fakebr_train_5511,"Pelé aparece na décima posição entre os atletas aposentados mais bem pagos do mundo, segundo Forbes, tendo recebido aproximadamente milhoes dolares.",fake,test
fakebr_train_5512,levantamento mostra governo dilma torrou quase r milhoes publicidade,fake,test
fakebr_train_5513,nove pessoas presas suspeitas participacao quadrilha roubava relogios luxo parana sao paulo rio janeiro,true,test
fakebr_train_5514,alexandre garcia quase atropelado,fake,test
fakebr_train_5515,companheira lula marisa leticia galega ajudou fundar pt morreu nesta sexta anos vitima complicacoes acidente vascular cerebral avc brasilia,true,test
fakebr_train_5516,temer cancelou nesta participacao evento empresarial,true,test
fakebr_train_5517,Aécio Neves chegou à eleição competitivo brigando voto com Marina Silva (PSB) e Dilma Rousseff (PT).,true,test
fakebr_train_5518,"Franceses vao urnas neste domingo escolher presidente, em meio a eleicao imprevisivel com macron aparecer lideranca entre quatro candidatos com chances ir turno apos ataque avenida champs elysees.",true,test
fakebr_train_5519,Dois juízes mandam esvaziar presidio inteiro.,fake,test
fakebr_train_5520,"Anderson Oliveira, dirigente do PT, foi preso em Campo Mourão suspeito de furtar cone rodoviário no campus da UTFPR, e assumiu ser mandante do furto.",fake,test
fakebr_train_5521,"Bumlai contou que Lula pediu pra fazer emprestimo falso já aprovado pelo banco schahin, só precisava trouxa assinar; assinou emprestimo fraudulento de milhoes reais para pagar despesas eleitorais.",fake,test
fakebr_train_5522,laudo declara paulo maluf pode continuar presidio papuda iml confirmou maluf cancer prostata problema coluna apesar doente pode continuar preso penitenciaria papuda,true,test
fakebr_train_5523,"É uma série de explosões de caixas eletrônicos e ataques a agências bancárias que tem causado medo constante, prejuízos ao comercio, queda de vendas, inadimplência aumentada e deslocamento de moradores para outras cidades, com reforço das investigações pelas forças de segurança.",true,test
fakebr_train_5524,participei indicacao conjunto bancada pmdb nunca imaginava pudesse cometer qualquer delito irregularidade inclusive grampeado,true,test
fakebr_train_5525,governo federal anunciou nesta revisao meta fiscal deste ano deficit contas publicas alterado,true,test
fakebr_train_5526,coreia norte diz onu guerra nuclear pode comecar qualquer momento,true,test
fakebr_train_5527,versao artista diz nao xingou pm parece video mostra outra coisa,fake,test
fakebr_train_5528,"Boatos circulam na internet sobre o acidente com Teori Zavascki; muitas perguntas são teorias conspiratórias sem fundamento, algumas já podem ser descartadas e outras circunstâncias ainda são investigadas.",true,test
fakebr_train_5529,Ministério Público Federal investiga autenticidade de papeis e quer ouvir novamente Glaucos Muniz sobre os recibos de aluguel apresentados pela defesa de Lula.,true,test
fakebr_train_5530,mg governador petista nao paga funcionalismo publico ira gastar r milhoes publicidade,fake,test
fakebr_train_5531,"O STJ analisa pedido da defesa para evitar a prisão de Lula enquanto recorre, com a possibilidade de Lula ficar livre temporariamente se o pedido for acolhido.",true,test
fakebr_train_5532,Câmara aprovou a criação de um fundo de recursos públicos para bancar campanhas eleitorais.,true,test
fakebr_train_5533,coreia norte lanca novo missil sobrevoa japao cai pacifico,true,test
fakebr_train_5534,mike tancred disse nao precisa cangurus sim encanadores,fake,test
fakebr_train_5535,"Ministério Público Federal denunciou Luiz Inácio Lula da Silva, Gilberto Carvalho e cinco pessoas por corrupção na elaboração e edição da medida provisória que prorrogou incentivos fiscais para as montadoras instaladas no Norte/Nordeste.",true,test
fakebr_train_5536,"odebrecht marcelo entregou ao juiz federal sergio moro informações sobre reformas empreiteira sitio santa barbara atibaia obras imovel e suposta propina luiz inacio lula silva, com anexos da delacao que supostamente corroboram os fatos relatados.",true,test
fakebr_train_5537,Lula vive dias depressao ja admite hipotese ser preso.,fake,test
fakebr_train_5538,eike nao volte nunca,fake,test
fakebr_train_5539,dilma diz acusacoes sao virtuais,true,test
fakebr_train_5540,brasileiros acham michel temer pmdb contra andamento operacao lava jato,fake,test
fakebr_train_5541,nao preocupado reflexos nova fase operacao carne fraca financas,true,test
fakebr_train_5542,"PF faz buscas e apreensões em imóveis ligados a Joesley Batista, Ricardo Saud e Marcello Miller, com prisões neste domingo em São Paulo e transferência para Brasília prevista para esta segunda, no contexto de acordos de delação premiada da JBS.",true,test
fakebr_train_5543,teori zavascki decidiu colocar ponto final nessa balela,fake,test
fakebr_train_5544,"o objetivo é dar voz a cada pessoa nas eleições americanas, a responsabilidade é evitar falsas noticias, há apenas uma pequena quantidade de noticias falsas, fraudes existem e não são vinculadas à visão partidária, é extremamente improvável que o número mínimo de noticias consideradas falsas tenha mudado o resultado das eleições, e podemos encontrar maneiras para a comunidade divulgar conteudo significativo.",fake,test
fakebr_train_5545,deputado jose guimaraes defendeu nesta hoje congresso aprove proposta recriacao cpmf,fake,test
fakebr_train_5546,"Ministério Público Federal faz primeira denúncia à Justiça na operação Quinto Ouro, cinco pessoas denunciadas.",true,test
fakebr_train_5547,geddel vieira lima volta prisao regime fechado apos apreensao r milhoes,true,test
fakebr_train_5548,"operacao lava jato considera ter elementos levar luiz inacio lula silva a ser acusado formalmente por envolvimento em organizacao criminosa, corrupcao, lavagem de dinheiro e desvio de recursos da petrobras, relacionado ao sitio santa barbara atibaia sp, stf decidirá ainda se lula pode ser denunciado e se poderá assumir o cargo de ministro casa civil.",true,test
fakebr_train_5549,Benedita pediu derramamento sangue contra golpe,fake,test
fakebr_train_5550,"Fabio Cleto afirmou durante depoimento ter recebido propina em dinheiro vivo envolvendo Eduardo Cunha e o doleiro Lúcio Funaro, e disse que fechou acordo de delação premiada com a PGR.",true,test
fakebr_train_5551,decisao juiz sp liberou homem diversas passagens estupro abuso dentro onibus,true,test
fakebr_train_5552,ciro foge lugar comum todos sentidos,true,test
fakebr_train_5553,impeachment falhar partiremos desobediencia civil,fake,test
fakebr_train_5554,chinaglia chamou maia caloteiro vagabundo,fake,test
fakebr_train_5555,Lula é o melhor presidente da historia do Brasil novamente.,fake,test
fakebr_train_5556,"Sergio Cabral deixou o presídio Benfica, no Rio de Janeiro, e será transferido para Curitiba, no Paraná, após pedido do MPF aceito pela Justiça Federal.",true,test
fakebr_train_5557,"Os recibos apresentados pela defesa de luiz inacio lula silva para comprovar o pagamento do aluguel do apartamento hill house sao bernardo campos sp sao falsos, e o ministerio publico federal parana entrou incidente de falsidade para apurar a autenticidade dos documentos apresentados pela defesa.",true,test
fakebr_train_5558,zanin afirmou unica acusacao contra lula baseada delacao premiada,fake,test
fakebr_train_5559,"Valdemiro lança campanha 'Projeto Vida' de dízimo triplo para arrecadar fundos, prometendo aos fiéis receberem unção de óleo tripla, e afirmando que as obras são dele, incluindo mansões, fazendas, aviões e helicópteros.",fake,test
fakebr_train_5560,alvos operacao lava jato rio sao suspeitos receber cerca r milhoes propina,true,test
fakebr_train_5561,impressionante familia pixuleco silva afortunada tudo di gratis,fake,test
fakebr_train_5562,janot respondeu afirmou tambem nao sente confortavel propor acao penal contra presidente,true,test
fakebr_train_5563,"Senador José Medeiros afirmou via Twitter que Lula e Dilma tentaram comprar voto no processo de impeachment, e disse que já tem o voto definido e não vendeu.",fake,test
fakebr_train_5564,pec proibe aborto qualquer situacao volta ser discutida,true,test
fakebr_train_5565,policial civil carioca vira documentarista grava filme africa sul compara situacao brasil documentario reflete sobre povo sulafricano convive diferencas beto chaves inseguranca rio janeiro,true,test
fakebr_train_5566,"Aldemir Bendine foi preso pela Polícia Federal em Sorocaba, SP, na manhã desta prisao, faz parte da fase operacao Lava Jato.",true,test
fakebr_train_5567,delcidio recorre stf recuperar direitos,fake,test
fakebr_train_5568,senadores investigados lava jato estao comissao constituicao justica vai sabatinar alexandre moraes indicado stf,true,test
fakebr_train_5569,jamais apesar tentativas conseguirao provar nada contra mim,true,test
fakebr_train_5570,Ato contra temer brasilia confronto predios esplanada sao evacados ministerios depredados pm estimava mil manifestantes pedem renuncia presidente michel temer e criticam reformas trabalhista previdencia.,true,test
fakebr_train_5571,coreia norte diz bloqueio maritimo declaracao guerra,true,test
fakebr_train_5572,"Carmen Lúcia votou decisivamente em julgamento do STF sobre medidas cautelares contra parlamentares, evidenciando o racha na Corte.",true,test
fakebr_train_5573,temer disse atacado institucional pessoalmente acusacoes sao absolutamente injustas,true,test
fakebr_train_5574,washington preparando ataque nuclear preventivo contra russia china.,fake,test
fakebr_train_5575,lance governo tenta entregar generosas partes amazonia bandidos proibidos desmatar garimpar exterior,true,test
fakebr_train_5576,acus ar lava jato ser responsavel falencia rio janeiro penuria cidadao fluminense,true,test
fakebr_train_5577,modelo transgenero diz nao revela passado homens nao acho relevante,fake,test
fakebr_train_5578,consulte agente viagens,true,test
fakebr_train_5579,trapalhada feita governo pt pode ter causado surto microcefalia brasil,fake,test
fakebr_train_5580,atuacao forcas armadas presidios sera limitada,fake,test
fakebr_train_5581,"Juiz federal Osorio Avila Neto determinou a proibição da instalação de acampamento MST na área Parque Mauricio sirotski sobrinho até três dias após o julgamento de Lula em segunda instância, em Porto Alegre, com isolamento de trânsito nas vias próximas ao prédio.",true,test
fakebr_train_5582,acao penal luiz inacio lula silva acusado receber reformas sitio santa barbara atibaia interior sao paulo,true,test
fakebr_train_5583,jandira intitulou aecio traficante,fake,test
fakebr_train_5584,"Dono friboi, Joesley Batista, está internado em estado grave no Hospital Albert Einstein, zona sul de São Paulo, inconsciente com fortes alterações cardíacas; não descartada possibilidade de envenenamento.",fake,test
fakebr_train_5585,policia federal ja contabilizou r milhoes dinheiro apreendido em malas ligadas a geddel vieira lima,fake,test
fakebr_train_5586,acao lava jato envolve compra terreno onde construida nova sede instituto lula sao paulo devem ser ouvidos pelo juiz sergio moro,true,test
fakebr_train_5587,"Aaron Hernandez, condenado por assassinato e que cometeu suicídio, apresentava um cérebro que parecia muito mais velho do que a idade, com sinais de encefalopatia traumática crônica detectados em exame post mortem.",true,test
fakebr_train_5588,eleicoes presidenciais podem mudar radicalmente mapa politico america latina,true,test
fakebr_train_5589,corpo dom paulo sera sepultado nesta sexta,true,test
fakebr_train_5590,escultor afirma que Bruno Borges é a reencarnação do filósofo Giordano Bruno e que a estátua de Giordano Bruno foi concluída.,true,test
fakebr_train_5591,"morte brutal universitario durante assalto em franca sp, joao victor barcelos baleado na cabeça apos ser rendido; policia civil instaurou inquerito latrocinio.",true,test
fakebr_train_5592,"Onze executivos da empreiteira Andrade Gutierrez relataram ter pago despesas ilícitas para a campanha de Dilma Rousseff por meio de contrato fictício prestação servico, com pagamento feito pela agencia pepper para dar aspecto regularidade pagamento contabilidade, em delação premiada, cujo valor do acordo relatado superou r milhoes epoca.",fake,test
fakebr_train_5593,Lula negou ter obstruído a Lava Jato.,true,test
fakebr_train_5594,advogado pede supremo derrubar inquerito investiga temer baseada delacao jbs,true,test
fakebr_train_5595,"Bin Laden foi morto pelas forças americanas durante a operação em Abbottabad, Paquistão, e o seu corpo foi enterrado no mar.",true,test
fakebr_train_5596,"Anonymous convoca internautas hackear contas estado islamico e publicou série de tutoriais para identificar e hackear alvos, afirmando ter derrubado mil contas Twitter relacionadas ao EI.",fake,test
fakebr_train_5597,venho informar jamais divulguei compartilhhei imagens exames medicos dona marisa leticia tampouco informacoes sigilosas sobre diagnostico,true,test
fakebr_train_5598,prefeita vila olimpica diz fotos obras inacabadas divulgadas globo esporte sao antigas; fotos podem ter sido tiradas antes entrega apartamentos; declarou duvidas sobre data exata.,fake,test
fakebr_train_5599,"Afirma que Lula e Dilma levaram pertences da residência oficial de Alvorada, incluindo itens do acervo, presentes, bicicletas, esteiras, cama, peças de cristal e joias, pagos com dinheiro público, e que não voltariam jamais.",fake,test
fakebr_train_5600,islandia pode tornar primeiro pais europa proibir circuncisao religiosa,true,test
fakebr_train_5601,fhc alckmin precisa provar pode unir centro,true,test
fakebr_train_5602,circuito interno empresa capta cadeiras gavetas portas movendo durante madrugada imagens circuito interno empresa divulgadas youtube mostram cadeira movendo lado outro salas durante madrugada minutos computadores comecam ligar sozinhos portas fecha tambem pra notar sombra movendo paredes escritorio gavetas arquivos abrem papeis comecam voar dependencias empresa,fake,test
fakebr_train_5603,"A aeronave interceptada pela Polícia Federal em Jussara, Goiás, transportava cocaína; pilotos presos.",true,test
fakebr_train_5604,senadores investigados lava jato ficam foro privilegiado,true,test
fakebr_train_5605,delação cunha promete afundar pmdb parte judiciario apos prisao geddel vieira lima,fake,test
fakebr_train_5606,cantor elton john internado uti infeccao rara potencialmente mortal,fake,test
fakebr_train_5607,mudanca linhas onibus sp necessaria nao transporte carga,true,test
fakebr_train_5608,paises importadores anunciaram restricoes temporarias entrada carne brasileira apos operacao carne fraca,true,test
fakebr_train_5609,brasil nao apoiar vagabundos,fake,test
fakebr_train_5610,sergio moro garante nada anormal ira acontecer sugestao nao venham nao precisa vamos deixar justica faca trabalho,fake,test
fakebr_train_5611,"Jessyca Dias, filha transexual, conquistou o direito de usar o nome social e de mudar o gênero nos documentos, incluindo a certidão de nascimento, após decisão de segunda instância do Tribunal de Justiça de São Paulo.",true,test
fakebr_train_5612,deputado waldir maranhao tomou decisao maluca anular impeachment.,fake,test
fakebr_train_5613,"Brasil vive engrenagens violência: homicídios em crescimento, atuação de facções e grupos de extermínio nos bairros violentos, execuções como solução de conflitos, e o Estado sem monopólio da força, alimentando uma violência que se retroalimenta.",true,test
fakebr_train_5614,luciano huck nao descartou ser candidato,true,test
fakebr_train_5615,william waack apresentador jornalista jornal globo chamou presidente dilma rousseff pt incompetente incapaz governar,fake,test
fakebr_train_5616,"Existem diferenças entre rede publica e privada no tratamento do câncer, com gargalos na rede publica que atrasam o diagnóstico precoce e o tratamento, enquanto a rede privada tem prazos menores, mas o acesso não é uniforme.",true,test
fakebr_train_5617,tony ramos decidiu romper contrato com a friboi apos escandalo corrupcao envolvendo jbs,true,test
fakebr_train_5618,"engenheira cecilia oliveira relata que viveu depressão por anos, negava sinais, procurou psicóloga e fez terapia cognitivo-comportamental, e com o tempo passou a encarar as emoções de outra forma, reconheceu os sinais e a necessidade de buscar ajuda, além de perceber que a prática de atividades físicas também ajudou.",true,test
fakebr_train_5619,justica federal determina transferencia sergio cabral parana caroline figueiredo substitui bretas durante ferias concordaram pedido mpf,true,test
fakebr_train_5620,"Francisco clamou que senhores da guerra lucram com a violência e com o sangue inocentes, e fez apelo para evitar conflito em proporções mundiais.",fake,test
fakebr_train_5621,menino filho faz video selfie enquanto dirige carro xinga policia,true,test
fakebr_train_5622,vidente previu propria morte conseguiu escapar,fake,test
fakebr_train_5623,"Bolsonaro deveria abandonar pauta estatista e fazer discurso convincente, adotando uma visão economicamente direitista e defendendo privatizações (incluindo a Petrobras) com redução do Estado, evitando venda aos chineses.",fake,test
fakebr_train_5624,"Protestos de nudez nas ruas viralizaram, sendo descritos como uma microepidemia que começou em Porto Alegre.",true,test
fakebr_train_5625,"Marcelo Yuka lança disco solo dar conforto após idas vindas hospital, mantem discurso engajado com versos esperancosos e desejo de dar conforto em tempos dificeis, nao tolero odio.",true,test
fakebr_train_5626,"Reformas propostas pelo governo Temer (previdenciária, trabalhista), o pacote anticorrupcao e a regulamentação do aplicativo Uber devem agitar o Congresso Nacional ao retornar do recesso em fevereiro, com a Câmara e o Senado escolhendo novos presidentes.",true,test
fakebr_train_5627,artistas nordestinos ficam indignados declaracao lula rio grande sul,fake,test
fakebr_train_5628,mainardi publicou postagem no site dizendo valladares mentiroso,fake,test
fakebr_train_5629,balakrishnan criou doutrina baseada ensinamentos karl marx lenin mao manteve seguidoras trancadas cativeiro decadas,true,test
fakebr_train_5630,fernando henrique cardoso grandes chances assumir presidencia republica proximo presidente via eleicao indireta,fake,test
fakebr_train_5631,"Documentos dos EUA detalham que a Odebrecht atuou para pagar propina, a empresa fechou acordo de leniência, e o esquema de corrupção durou uma década, movimentou bilhões de reais, com duas empresas concordando em pagar multas quase r bilhoes.",true,test
fakebr_train_5632,"Grampo da PF mostra bronca entre Aécio Neves e Zezé Perrella, com Perrella defendendo Aécio e dizendo que o áudio não tem relação com a Lava Jato.",true,test
fakebr_train_5633,"Casa Viva Maria é um abrigo de mulheres vítimas de violência doméstica em Porto Alegre, mantido pela prefeitura vinculada à Secretaria de Saúde, que oferece acolhimento temporário, proteção e acompanhamento técnico para reinserção social, com tempo de permanência variável conforme a necessidade de cada mulher.",true,test
fakebr_train_5634,governo anunciou previsao salario minimo recuou,true,test
fakebr_train_5635,coreia norte lanca novo missil direcao mar diz governo quinto teste ultimos meses apesar pressao internacional aliada china regime pyongyang lancou missil balistico,true,test
fakebr_train_5636,dilma rousseff apresentara defesa pessoalmente perante toda nacao sessao amanha senado,fake,test
fakebr_train_5637,frequentado luiz inacio lula silva possui torre cobertura celular praticamente exclusiva.,fake,test
fakebr_train_5638,mendes compara tse ditadura,fake,test
fakebr_train_5639,"Um vídeo divulgado no YouTube mostra Lewandowski hostilizado ironizado em restaurante em sao paulo, abordado por uma mulher enquanto jantava; ela apertou a mao, cumprimentou com ironia e disse parabens vossa excelencia julgamento mensalao; o ministro respondeu obrigado.",fake,test
fakebr_train_5640,bolsonaro fala sobre possibilidade intervencao militar,fake,test
fakebr_train_5641,Temer diz estar aberto ao diálogo com parlamentares para aprovar a reforma da previdência.,true,test
fakebr_train_5642,"Eduardo Cunha foi humilhado no plenário e a deputada Mara Gabrilli, tetraplégica, pediu que deixasse a presidência da Câmara.",fake,test
fakebr_train_5643,"Defesa de Eduardo Cunha alega que ele sofre aneurisma cerebral e pede liberação durante depoimento ao juiz Sérgio Moro, lendo uma carta escrita à mão que faz apelo ao magistrado.",fake,test
fakebr_train_5644,estudei nao usei verba roubada estatal,fake,test
fakebr_train_5645,fernando henrique defendeu previas internas psdb para decidir sera candidato presidencia,true,test
fakebr_train_5646,Elfos realmente existem.,true,test
fakebr_train_5647,Vereador Paulo Rocha (PMDB) disparou nao sabia medico reside hospital; passados alguns dias rocha defendeu que sao medicos residentes e queria chamar atencao populacao problema saude.,fake,test
fakebr_train_5648,procuradoria geral republica apresenta stf nova denuncia contra lula dilma denuncia obstrucao justica episodio nomeacao lula ministro casa civil,true,test
fakebr_train_5649,justica franca investiga pagamento propina garantir vitoria rio olimpiada,true,test
fakebr_train_5650,dirceu diz retomara comando pais,fake,test
fakebr_train_5651,"paulo bernardo suspeito ter negociado comissao construcao linha trensurb rio grande sul, segundo delatores odebrecht.",true,test
fakebr_train_5652,"Lula e Dilma sabiam da caixa dois, segundo Marcelo Odebrecht.",true,test
fakebr_train_5653,bolsonaro nao quiser filiar patriota espaco deve ser oferecido,true,test
fakebr_train_5654,mauricio macri prometeu campanha reiterou eleito pedira suspensao caracas bloco mercosul,true,test
fakebr_train_5655,"stf recebe primeira acao popular contra nomeacao lula casa civil, grupo alega dilma cometeu abuso poder nomear",true,test
fakebr_train_5656,nenhum boeing atingiu torres gemeas; tudo forma fraudulenta alegada governo midia comparsas predios implodidos,fake,test
fakebr_train_5657,Existencia de acordo entre construtoras para levar vantagem na licitacao da arena amazonia,true,test
fakebr_train_5658,"Lula recebeu propinas da Odebrecht no valor de r milhoes, envolvendo terreno, instituto lula e sitio, em um pacto sangue com dilma rousseff e emilio odebrecht.",true,test
fakebr_train_5659,casamento willian bonner fatima bernardes restaurado,fake,test
fakebr_train_5660,caetano veloso chama jornalista burro.,fake,test
fakebr_train_5661,"afirma que a familia real Windsor sao lagartos repteis, nao humanos, ligados ao illuminati.",fake,test
fakebr_train_5662,Emilly revela que o teste de gravidez de Marcos deu positivo.,fake,test
fakebr_train_5663,"Lobão escreveu uma carta aberta endereçada a Caetano Veloso, Gilberto Gil e Chico Buarque criticando a Lei Rouanet e a gestão cultural dos governos Lula e Dilma, defendendo mudanças profundas na cultura brasileira.",true,test
fakebr_train_5664,Meta segundo ricas baixar media duracao inquerito sobre autoridade foro privilegiado; caso confirme previsao inqueritos poderiam ser encerrados antes eleicoes deste ano.,true,test
fakebr_train_5665,"Após reunião, EUA e Rússia afirmaram diálogo aberto e concordaram em continuar cooperando para encontrar solução pacífica para a Síria, apesar dos problemas.",true,test
fakebr_train_5666,decisão unanime desembargadores turma tribunal regional federal regiao porto alegre favor manter condenacao ampliar pena prisao luiz inacio lula silva corrupcao passiva lavagem dinheiro caso triplex guaruja sp,true,test
fakebr_train_5667,Dona Geralda escreveu carta ao Papa Francisco perguntando se deveria parar de benzer pessoas; o Papa respondeu que não estava errada.,true,test
fakebr_train_5668,rivalidade china eua define futuro asia,true,test
fakebr_train_5669,presidente peru quer expulsar odebrecht,fake,test
fakebr_train_5670,"A agricultura avança com inovações digitais (satélites, drones, sensores, internet das coisas e IA), trazendo grande salto de produtividade, mas enfrenta gargalos como custo alto e falta de conexão à internet nas propriedades agrícolas.",true,test
fakebr_train_5671,situacao politica aprovar reforma previdencia congresso bem melhor agora,true,test
fakebr_train_5672,Maduro faz demonstracao poderio militar,fake,test
fakebr_train_5673,desarmar cidadao bem solucao brasil,fake,test
fakebr_train_5674,massacre inevitavel; estado agiu bem controlar rebeliao apesar mortes; culpa superlotacao presidios principal causa episodios,true,test
fakebr_train_5675,"Durante audiencia comissao especial reforma previdencia, Chinaglia e Maia trocaram insultos.",true,test
fakebr_train_5676,governo venezuela confirma morte piloto rebelde oscar perez,true,test
fakebr_train_5677,"Operação Trapaca revelou que o Grupo BRF operava um sistema de fraude para fraudar laudos laboratoriais, burlar fiscalização e a atuação do Ministério da Agricultura, ocultando contaminação por Salmonella em aves destinadas ao consumo humano.",true,test
fakebr_train_5678,operacao lava jato desdobramentos ampliam cerco luiz inacio lula silva dificultam ainda plano disputar terceiro mandato,true,test
fakebr_train_5679,"A massa nas vias aéreas diagnosticada como câncer era, na verdade, um cone de Playmobil aspirado pelo paciente na infância.",fake,test
fakebr_train_5680,Trump afirmou que a Coreia Norte parece estar atuando forma positiva e que esperam avançar direção pacifica; Kim durante reuniao deixou claro desejo desnuclearizar peninsula coreana; os dois pais concordaram ainda realizar reuniao cupula proximo mes panmunjom.,true,test
fakebr_train_5681,crime mtst pratica vandalismo sao paulo coloca vida motoristas risco,fake,test
fakebr_train_5682,"Uma lista de prefeitos do estado de São Paulo com acusações sobre repasses de recursos para campanhas municipais não declarados, envolvendo a Odebrecht, com delação premiada homologada pelo ministro Edson Fachin, e a grande maioria dos citados nega as acusações.",true,test
fakebr_train_5683,"Coreia do Norte não está completamente isolada; muitos países mantêm embaixadas, consulados e relações diplomáticas permanentes com ela.",true,test
fakebr_train_5684,"Existem bunkers presidenciais construídos para abrigar o presidente em caso de ataque nuclear, com locais como Mount Weather, Peanut Island e Greenbrier, destinados a manter a continuidade do governo.",true,test
fakebr_train_5685,tiririca nao decepciona vota favor impeachment dilma,fake,test
fakebr_train_5686,"Trump disse que aviadores dos EUA são melhores, citando Tom Cruise, astro do filme Top Gun.",fake,test
fakebr_train_5687,"dilma rousseff falara plenario senado para fazer propria defesa processo impeachment, vai chorar durante depoimento para comover o pais e os senadores, com misancene ja bolado pela turma marketing, com objetivo de reverter processo impeachment e colocar madame rousseff novamente comando planalto.",fake,test
fakebr_train_5688,aline roberta fagundes indiciada ter arquitetado morte gestante anos cometido assassinato poder roubar bebe,true,test
fakebr_train_5689,jogos exploram escandalos politica ganham adeptos brasil casos corrupcao momento conturbado inspiram games ironizam politicos impeachment ate membros vida real,true,test
fakebr_train_5690,nostradamus eua tornarao pais indisciplinavel cairao potencia mundial,fake,test
fakebr_train_5691,"Operação Ouro Verde investiga desvios de recursos no hospital Ouro Verde, envolvendo a prefeitura de Campinas, com empresários ligados ao grupo Vitale e o prefeito Jonas Donizette entre os investigados, e gravações mostram conversas sobre organização social que administrava a unidade médica e pressão para liberação de verbas.",true,test
fakebr_train_5692,investigacoes operacao lava jato sao serias tecnicas impessoais,true,test
fakebr_train_5693,Temer passa mal e foi levado às pressas ao hospital do Exército.,fake,test
fakebr_train_5694,fernando segovia assume direcao pf diz combate corrupcao continuara agenda prioritaria prometeu continuidade operacoes lava jato,true,test
fakebr_train_5695,pib brasil registrou alta apos oito trimestres vermelho,true,test
fakebr_train_5696,juiz marcio schiefler deixou stf hoje,fake,test
fakebr_train_5697,nada nessa acao penal permite afirmar lula conhecimento dessas iniciativas menos qualquer forma praticado deixado praticar qualquer ato tais contratacoes sido realizadas,true,test
fakebr_train_5698,peca histeria adaptada portugues jo soares sera encenada belem sexta domingo capital paraense,true,test
fakebr_train_5699,sensacao seguranca nao voltou,true,test
fakebr_train_5700,possibilidade ataques durante olimpiada ha intensa movimentacao orgaos inteligencia principalmente identificar eventuais tentativas cooptacao brasileiros dispostos tornar lobos solitarios,true,test
fakebr_train_5701,"Mark Zuckerberg e Priscilla Chan irão doar bilhões de dólares por ano para obras de caridade, e a iniciativa levará o nome da filha Max Chan Zuckerberg.",fake,test
fakebr_train_5702,"Júri popular reconheceu que o réu Carli Filho causou a morte de dois jovens dirigindo veículo em alta velocidade sob influência de álcool, com dolo eventual, e aplicou a pena de nove anos e quatro meses de prisão por duplo homicídio.",true,test
fakebr_train_5703,imprensa americana aponta bolsonaro proximo presidente brasil,fake,test
fakebr_train_5704,Lula chega para depor sobre suspeita de obstrução da Lava Jato na vara federal de Brasília.,true,test
fakebr_train_5705,"Desculpe, não posso extrair ou reproduzir acusações sobre pessoas reais; resumo neutro: a postagem descreve um suposto esquema de corrupção no setor de carnes, envolvendo alegadas doações políticas e indicações de cargos, relacionado à fiscalização de frigoríficos no Paraná.",fake,test
fakebr_train_5706,tribunal regional federal regiao negou pedido defesa luiz inacio lula silva afastar juiz federal sergio moro conducao processo sitio atibaia,true,test
fakebr_train_5707,agora proxima estrela servico streaming sera ninguem menos luiz inacio lula silva,fake,test
fakebr_train_5708,Lula sera investigado formacao quadrilha ambito operacao lava jato.,fake,test
fakebr_train_5709,"Capitães da Areia foi queimado no Estado Novo, entre mil obras literárias consideradas simpatizantes do comunismo.",true,test
fakebr_train_5710,Moreira franco disse que Henrique meirelles vai sair fazer campanha com apoio do MDB para construir candidatura ao Palacio Planalto.,true,test
fakebr_train_5711,venceremos midia fake aniquilaremos esquerda,fake,test
fakebr_train_5712,stf poderao reunir hoje carater extraordinario decidir novos rumos,fake,test
fakebr_train_5713,pt rouba,fake,test
fakebr_train_5714,dilma pode abandonar pt ir pdt,fake,test
fakebr_train_5715,policia vaticano flagra orgia gay em apartamento pertencente congregacao vaticano; ocupante apartamento secretario cardeal francesco coccopalmerio; ha relatos cardeal estaria participando da festa; imovel onde policia flagrou orgia fica a algumas quadras vaticano; vizinhos suspeitaram comportamento estranho; encontraram drogas bebidas; policia vaticano nao revelou detalhes acusacoes contra secretario anos citou necessidade preservar integridade processo judicial.,fake,test
fakebr_train_5716,lula estaria realmente hospedado hotel gran marquise,fake,test
fakebr_train_5717,reportagem exibida canal edir macedo fez denuncias contra autodenominado apostolo valdemiro santiago reporter marcelo rezende autor reportagem disse tentou entrar contato apostolo porem sucesso so gente chegar aqui fazenda todos saem correndo disse marcelo,fake,test
fakebr_train_5718,"Frans Krajcberg doou um conjunto de esculturas à Fundação Cultural Curitiba, e a doação gerou um imbróglio jurídico sobre a recuperação das obras, enquanto parte do acervo permanece no Sítio Natura, em Nova Vicosa, Bahia.",true,test
fakebr_train_5719,grande mudanca nao vira grandes grupos empresariais grande mudanca vira justamente populacao desempregada,true,test
fakebr_train_5720,"Atriz parada em blitz da Lei Seca recusou fazer o teste do etilômetro, perdeu a CNH, levou multa e terá a carteira suspensa por um ano (com perda de pontos).",fake,test
fakebr_train_5721,gracas primeiro lugar bancos centrais seguir governos pudemos evitar cair depressao forte pudemos preservar funcionamento menos ordenado economia paises avancados,true,test
fakebr_train_5722,delator afirmou que o presidente interino michel temer recebeu r milhao propina paga pela engevix referente ao contrato da usina angra eletronuclear.,fake,test
fakebr_train_5723,"Palocci diz ter acertado com Lula o recebimento de propinas da Odebrecht, incluindo a compra de terreno para a sede do Instituto Lula em São Paulo, com pacto de sangue.",true,test
fakebr_train_5724,Temer demitiu ate garcom cafe,fake,test
fakebr_train_5725,cancer devera ser doenca controlada,true,test
fakebr_train_5726,"manchete errada pois somente alguns distritos atingidos e a mídia escondeu muitos outros rompimentos, responsabilidade pelo ocorrido envolve Samarco, autoridades governamentais e a presidenta dilma rousseff.",true,test
fakebr_train_5727,onu considera resposta insatisfatoria,true,test
fakebr_train_5728,pezao admite falha planejamento seguranca carnaval nao estavamos preparados falha dois primeiros dias policiamento reforcado,true,test
fakebr_train_5729,meses apos polemica sobre suposta agressao victor chaves poliana bagatini separam,fake,test
fakebr_train_5730,Senado abriu consulta publica sobre PEC visa alterar artigos constituição federal para acabar prerrogativa foro privilegiado politicos em casos crimes comuns.,fake,test
fakebr_train_5731,Neymar empurrou zagueiro rubem vezo escada abaixo.,fake,test
fakebr_train_5732,coreia norte diz pronta atacar havai eua desta vez sera ogivas nucleares,fake,test
fakebr_train_5733,Dilma Rousseff sancionou lei aprovada pelo Congresso que prevê dispensa de visto estrangeiro durante quatro meses (junho a setembro) para facilitar a entrada de atletas e turistas que desejarem vir ao Brasil acompanhar os Jogos Olímpicos.,fake,test
fakebr_train_5734,Incêndio na Vila Olímpica levou a delegação australiana a evacuar o edifício; o princípio de incêndio foi causado por toco de cigarro jogado sobre papéis; ninguém ficou ferido; já é o terceiro incidente ocorrido no Rio de Janeiro envolvendo a delegação australiana.,fake,test
fakebr_train_5735,"Claudio Lamachia disse que o Brasil não pode conviver com comunistas/Foro São Paulo, não pode aceitar esse tipo de gente que só atrasa o país; atribuir impeachment é golpe, desrespeito à Constituição Federal e ao STF; há poucos dias regulamentou o processamento de impeachment.",fake,test
fakebr_train_5736,Um site divulga que as informações sobre a viagem de Lula à Europa e o possível tratamento de câncer estariam sendo tratadas pelo governo federal como segredo de Estado.,fake,test
fakebr_train_5737,adversarios lula assinaram manifesto defesa direito petista ser candidato presidente intitulado eleicao lula fraude,true,test
fakebr_train_5738,presidente diz nao ter nada esconder nao teme nenhuma delacao tambem nega ter atuado obstruir justica impedir avanco lava jato,true,test
fakebr_train_5739,PEC estabelece eleições diretas para a presidência da República ficar vaga nos três primeiros anos de mandato.,true,test
fakebr_train_5740,"Dilma Rousseff disse que a luta continuará; além de recorrer contra o resultado do STF, fará oposição ferrenha ao novo governo de Michel Temer.",fake,test
fakebr_train_5741,coreia norte diz ter direito derrubar cacas americanos,true,test
fakebr_train_5742,"Políticos reagiram à troca de comando da Polícia Federal, com Raul Jungmann demitindo Fernando Segovia e nomeando Rogério Galloro.",true,test
fakebr_train_5743,"Brasil atravessa uma onda conservadora e a populacao LGBT sofre assassinatos e ataques diariamente, e preciso respeitar a diversidade e garantir direitos iguais, incluindo o casamento coletivo igualitario LGBT promovido pela secretaria municipal direitos humanos cidadania cidade sao paulo.",true,test
fakebr_train_5744,Dilma pode ser presa antes da conclusão do processo de impeachment no Senado.,fake,test
fakebr_train_5745,afirma proximo presidente pais deveria ser gestor,true,test
fakebr_train_5746,"Facebook vem sendo questionado sobre questões de privacidade dos usuários e o papel na disseminação de fake news na eleição, com a revelação de que o app obteve acesso a informações valiosas de milhões de usuários pela Cambridge Analytica e a comissão parlamentar britânica solicitando o comparecimento do fundador e presidente do Facebook, Mark Zuckerberg, para esclarecer uso ilícito de informações pessoais.",true,test
fakebr_train_5747,ausencia dados significativa parece indicar primeiros seguidores jesus nao preocupavam tal informacao,true,test
fakebr_train_5748,"Existe um avanço do nacionalismo excludente nas democracias desenvolvidas, ganhando força eleitoral e sendo usado por governos para desviar a atenção da população.",true,test
