epoch,training_loss,eval_loss,accuracy,f1,precision,recall
1.0,0.5944,0.5099709033966064,0.7385257301808067,0.7279305354558611,0.7586726998491704,0.6995827538247567
2.0,0.4133,0.48045676946640015,0.7698191933240612,0.7721954576737784,0.7643051771117166,0.780250347705146
3.0,0.218,0.6349995732307434,0.7719054242002782,0.7894736842105263,0.733015494636472,0.8553546592489569
4.0,0.0936,0.9734869003295898,0.7788595271210014,0.7830832196452933,0.7684069611780455,0.7983310152990264
