{"epoch": 4.0, "eval_loss": 0.5041361451, "eval_accuracy": 0.7739916551, "eval_f1": 0.7790618627, "eval_precision": 0.7619680851, "eval_recall": 0.7969401947}