epoch,training_loss,eval_loss,accuracy,f1,precision,recall
1.0,0.6715,0.5978406071662903,0.7183588317107094,0.6798418972332015,0.7875457875457875,0.5980528511821975
2.0,0.579,0.5408862829208374,0.7232267037552156,0.6966463414634146,0.7706576728499157,0.6356050069541029
3.0,0.4856,0.5054764747619629,0.7726008344923505,0.7635574837310195,0.7951807228915663,0.7343532684283728
4.0,0.3671,0.5041361451148987,0.7739916550764951,0.77906186267845,0.761968085106383,0.7969401947148818
5.0,0.2649,0.8149287700653076,0.7301808066759388,0.7749419953596288,0.6646766169154229,0.9290681502086231
6.0,0.2094,0.7307593822479248,0.7559109874826148,0.7394209354120267,0.7929936305732485,0.6926286509040334
