{"eval_loss": 0.4438537657260895, "eval_accuracy": 0.75, "eval_f1": 0.782608695652174, "eval_precision": 0.8181818181818182, "eval_recall": 0.75, "eval_runtime": 3.7233, "eval_samples_per_second": 5.372, "eval_steps_per_second": 0.269, "epoch": 10.0}