{
  "epoch": 5.0,
  "eval_loss": 0.5567474365,
  "eval_accuracy": 0.8,
  "eval_f1": 0.8461538462,
  "eval_precision": 0.7857142857,
  "eval_recall": 0.9166666667
}
