epoch,training_loss,eval_loss,accuracy,f1,precision,recall
1.0,0.653,0.859179675579071,0.6,0.75,0.6,1.0
2.0,0.6092,0.7168456315994263,0.6,0.75,0.6,1.0
3.0,0.5262,0.6511475443840027,0.6,0.75,0.6,1.0
4.0,0.4597,0.5763977766036987,0.65,0.72,0.6923076923076923,0.75
5.0,0.339,0.5567474365234375,0.8,0.8461538461538461,0.7857142857142857,0.9166666666666666
6.0,0.3273,0.5981690287590027,0.6,0.5555555555555556,0.8333333333333334,0.4166666666666667
7.0,0.2454,0.6552276611328125,0.6,0.5555555555555556,0.8333333333333334,0.4166666666666667
