epoch,training_loss,eval_loss,accuracy,f1,precision,recall
1.0,0.753,0.9483153223991394,0.6,0.75,0.6,1.0
2.0,0.6738,0.6864258646965027,0.6,0.75,0.6,1.0
3.0,0.6243,0.7303711771965027,0.55,0.7096774193548387,0.5789473684210527,0.9166666666666666
4.0,0.5941,0.8165528178215027,0.6,0.75,0.6,1.0
