{"epoch": 9.0, "eval_loss": 0.2984699607, "eval_accuracy": 0.85, "eval_f1": 0.8571428571, "eval_precision": 1.0, "eval_recall": 0.75}