{"eval_loss": 0.39515385031700134, "eval_accuracy": 0.8, "eval_f1": 0.8333333333333334, "eval_precision": 0.8333333333333334, "eval_recall": 0.8333333333333334, "eval_runtime": 3.5818, "eval_samples_per_second": 5.584, "eval_steps_per_second": 0.279, "epoch": 10.0}