epoch,training_loss,eval_loss,accuracy,f1,precision,recall
1.0,0.2479,0.07912237197160721,0.9777777777777777,0.9778699861687413,0.9738292011019284,0.9819444444444444
2.0,0.0856,0.05016998201608658,0.9861111111111112,0.9860335195530726,0.9915730337078652,0.9805555555555555
3.0,0.0397,0.05321720615029335,0.9881944444444445,0.9882189882189882,0.9861687413554634,0.9902777777777778
4.0,0.0108,0.07055849581956863,0.9875,0.9875518672199171,0.9834710743801653,0.9916666666666667
5.0,0.0053,0.07312461733818054,0.9875,0.9875518672199171,0.9834710743801653,0.9916666666666667
