{"epoch": 2.0, "eval_loss": 0.0982168317, "eval_accuracy": 0.9729166667, "eval_f1": 0.9726315789, "eval_precision": 0.9829787234, "eval_recall": 0.9625}