epoch,training_loss,eval_loss,accuracy,f1,precision,recall
1.0,0.3259,0.1474074423313141,0.9611111111111111,0.9613793103448276,0.9547945205479452,0.9680555555555556
2.0,0.1833,0.09821683168411255,0.9729166666666667,0.9726315789473684,0.9829787234042553,0.9625
3.0,0.1417,0.1321057677268982,0.9715277777777778,0.971106412966878,0.9856938483547926,0.9569444444444445
4.0,0.1008,0.1247032880783081,0.9694444444444444,0.9685714285714285,0.9970588235294118,0.9416666666666667
