{"eval_loss": 0.5798217058181763, "eval_accuracy": 0.6, "eval_f1": 0.6666666666666666, "eval_precision": 0.6666666666666666, "eval_recall": 0.6666666666666666, "eval_runtime": 3.8174, "eval_samples_per_second": 5.239, "eval_steps_per_second": 0.262, "epoch": 10.0}