epoch,training_loss,eval_loss,accuracy,f1,precision,recall
1.0,0.6584,0.6714842915534973,0.6,0.75,0.6,1.0
2.0,0.6565,0.7461913228034973,0.6,0.75,0.6,1.0
3.0,0.6482,0.68017578125,0.6,0.75,0.6,1.0
