{"epoch": 2.0, "eval_loss": 0.3735602796, "eval_accuracy": 0.8456189152, "eval_f1": 0.8466850829, "eval_precision": 0.8397260274, "eval_recall": 0.8537604457}