epoch,training_loss,eval_loss,accuracy,f1,precision,recall
1.0,0.6094,0.6897966861724854,0.7677329624478443,0.7197986577181208,0.9050632911392406,0.5974930362116991
2.0,0.4387,0.3735602796077728,0.8456189151599444,0.8466850828729282,0.8397260273972603,0.8537604456824512
3.0,0.3006,0.41920197010040283,0.8351877607788595,0.8203184230477635,0.9001663893510815,0.7534818941504178
4.0,0.203,0.516543984413147,0.8337969401947148,0.8264342774146696,0.8634294385432474,0.7924791086350975
