epoch,training_loss,eval_loss,accuracy,f1,precision,recall
1.0,0.2594,0.10873586684465408,0.96875,0.9686411149825784,0.972027972027972,0.9652777777777778
2.0,0.116,0.06675168871879578,0.9819444444444444,0.9818688981868898,0.9859943977591037,0.9777777777777777
3.0,0.0693,0.06714586913585663,0.9833333333333333,0.9831460674157303,0.9943181818181818,0.9722222222222222
4.0,0.032,0.06126832962036133,0.98125,0.9813148788927336,0.9779310344827586,0.9847222222222223
5.0,0.0161,0.059376198798418045,0.9854166666666667,0.985406532314107,0.9860917941585535,0.9847222222222223
