{"epoch": 1.0, "eval_loss": 0.4530740678, "eval_accuracy": 0.7830319889, "eval_f1": 0.7429983526, "eval_precision": 0.9092741935, "eval_recall": 0.6281337047}