epoch,training_loss,eval_loss,accuracy,f1,precision,recall
1.0,0.5851,0.45307406783103943,0.7830319888734353,0.742998352553542,0.9092741935483871,0.628133704735376
2.0,0.4387,0.4861637055873871,0.8164116828929068,0.7924528301886793,0.9097472924187726,0.7019498607242339
3.0,0.3045,0.7066757082939148,0.7837273991655076,0.8123114061557031,0.7167199148029819,0.9373259052924791
