{"epoch": 2.0, "eval_loss": 0.5526783466, "eval_accuracy": 0.7093184979, "eval_f1": 0.662358643, "eval_precision": 0.7899807322, "eval_recall": 0.5702364395}