epoch,training_loss,eval_loss,accuracy,f1,precision,recall
1.0,0.6892,0.6116578578948975,0.6815020862308763,0.6652046783625731,0.7010785824345146,0.6328233657858137
2.0,0.6074,0.5526783466339111,0.7093184979137691,0.6623586429725363,0.789980732177264,0.5702364394993046
3.0,0.4861,0.5601235032081604,0.7538247566063978,0.7264296754250387,0.8173913043478261,0.6536856745479833
4.0,0.3628,0.5785460472106934,0.7503477051460362,0.7542778918548939,0.7425876010781671,0.7663421418636995
