epoch,training_loss,eval_loss,accuracy,f1,precision,recall
1.0,0.6362,0.76708984375,0.6,0.75,0.6,1.0
2.0,0.6322,0.6972411274909973,0.6,0.75,0.6,1.0
3.0,0.571,0.6650635600090027,0.6,0.75,0.6,1.0
4.0,0.5185,0.6716063618659973,0.6,0.75,0.6,1.0
5.0,0.4768,0.6764556169509888,0.6,0.75,0.6,1.0
