{"epoch": 5.0, "eval_loss": 0.3973556161, "eval_accuracy": 0.85, "eval_f1": 0.8695652174, "eval_precision": 0.9090909091, "eval_recall": 0.8333333333}