epoch,training_loss,eval_loss,accuracy,f1,precision,recall
1.0,0.6457,0.849658191204071,0.6,0.75,0.6,1.0
2.0,0.6088,0.7686522603034973,0.6,0.75,0.6,1.0
3.0,0.5245,0.6044434309005737,0.6,0.75,0.6,1.0
4.0,0.3792,0.5421387553215027,0.7,0.7,0.875,0.5833333333333334
5.0,0.2216,0.3973556160926819,0.85,0.8695652173913043,0.9090909090909091,0.8333333333333334
6.0,0.1063,0.7325436472892761,0.8,0.8,1.0,0.6666666666666666
7.0,0.0699,0.6371802091598511,0.85,0.8695652173913043,0.9090909090909091,0.8333333333333334
