epoch,training_loss,eval_loss,accuracy,f1,precision,recall
1.0,0.6186,0.5268241167068481,0.7225312934631433,0.700675168792198,0.760586319218241,0.6495132127955494
2.0,0.4531,0.5039144158363342,0.7489568845618915,0.7114308553157475,0.8364661654135338,0.6189151599443672
3.0,0.2539,0.6623203158378601,0.7670375521557719,0.7938461538461539,0.7119205298013245,0.8970792767732962
4.0,0.1196,0.8822630047798157,0.782336578581363,0.7812718378756115,0.7851123595505618,0.7774687065368567
