{"epoch": 1.0, "eval_loss": 0.3974434435, "eval_accuracy": 0.8136300417, "eval_f1": 0.7928902628, "eval_precision": 0.890625, "eval_recall": 0.7144846797}