epoch,training_loss,eval_loss,accuracy,f1,precision,recall
1.0,0.6321,0.5132289528846741,0.7482614742698191,0.7560646900269542,0.7333333333333333,0.780250347705146
2.0,0.4609,0.4698087275028229,0.7809457579972183,0.7745168217609163,0.7979351032448377,0.7524339360222532
3.0,0.2377,0.6422314047813416,0.7788595271210014,0.7932379713914174,0.7448107448107448,0.8484005563282336
4.0,0.1035,0.8066827058792114,0.7920723226703755,0.7889908256880734,0.8008595988538681,0.7774687065368567
