{"epoch": 4.0, "eval_loss": 0.5096143484, "eval_accuracy": 0.7447844228, "eval_f1": 0.7567925779, "eval_precision": 0.7227848101, "eval_recall": 0.7941585535}