epoch,training_loss,eval_loss,accuracy,f1,precision,recall
1.0,0.6896,0.6716712713241577,0.5897079276773296,0.6471291866028708,0.5676810073452256,0.7524339360222532
2.0,0.6659,0.6242779493331909,0.6321279554937413,0.6748617086662569,0.6046255506607929,0.7635605006954103
3.0,0.6055,0.5510815978050232,0.7308762169680111,0.6959937156323645,0.7996389891696751,0.6161335187760779
4.0,0.4939,0.5096143484115601,0.7447844228094576,0.7567925778661365,0.7227848101265822,0.7941585535465925
5.0,0.3933,0.6186165809631348,0.7468706536856745,0.7719298245614035,0.7023945267958951,0.8567454798331016
6.0,0.2977,0.6048325896263123,0.7649513212795549,0.7525622254758418,0.794435857805255,0.7148817802503477
