epoch,training_loss,eval_loss,accuracy,f1,precision,recall
1.0,0.5269,0.3974434435367584,0.8136300417246175,0.7928902627511591,0.890625,0.7144846796657381
2.0,0.3028,0.505731463432312,0.8025034770514604,0.7705977382875606,0.9173076923076923,0.6643454038997214
3.0,0.1424,0.5609453320503235,0.8191933240611962,0.8009188361408882,0.8894557823129252,0.7284122562674095
