{"epoch": 6.0, "eval_loss": 0.5131819844, "eval_accuracy": 0.8, "eval_f1": 0.8181818182, "eval_precision": 0.9, "eval_recall": 0.75}