epoch,training_loss,eval_loss,accuracy,f1,precision,recall
1.0,0.6278,0.7233399152755737,0.6,0.75,0.6,1.0
2.0,0.6031,0.78759765625,0.6,0.75,0.6,1.0
3.0,0.4768,0.5785887837409973,0.65,0.6666666666666666,0.7777777777777778,0.5833333333333334
4.0,0.348,0.5591185688972473,0.65,0.6666666666666666,0.7777777777777778,0.5833333333333334
5.0,0.2612,0.6024551391601562,0.75,0.8148148148148148,0.7333333333333333,0.9166666666666666
6.0,0.2479,0.5131819844245911,0.8,0.8181818181818182,0.9,0.75
7.0,0.1194,0.8464851379394531,0.7,0.6666666666666666,1.0,0.5
8.0,0.0581,0.5217320322990417,0.8,0.8,1.0,0.6666666666666666
