epoch,training_loss,eval_loss,accuracy,f1,precision,recall
1.0,0.6412,0.6915038228034973,0.6,0.75,0.6,1.0
2.0,0.6396,0.7287110090255737,0.6,0.75,0.6,1.0
3.0,0.5951,0.8834228515625,0.6,0.75,0.6,1.0
