{"epoch": 1.0, "eval_loss": 0.3921901882, "eval_accuracy": 0.8157162726, "eval_f1": 0.7963105304, "eval_precision": 0.8885077187, "eval_recall": 0.721448468}