epoch,training_loss,eval_loss,accuracy,f1,precision,recall
1.0,0.5207,0.39219018816947937,0.8157162726008345,0.7963105303612605,0.888507718696398,0.7214484679665738
2.0,0.3088,0.44357141852378845,0.825452016689847,0.8061776061776061,0.9046793760831889,0.7270194986072424
3.0,0.1524,0.5954898595809937,0.8212795549374131,0.8015444015444015,0.8994800693240901,0.7228412256267409
