epoch,training_loss,eval_loss,accuracy,f1,precision,recall
1.0,0.679,0.6815430521965027,0.6,0.75,0.6,1.0
2.0,0.6252,0.7476561665534973,0.6,0.75,0.6,1.0
3.0,0.6041,0.870068371295929,0.6,0.75,0.6,1.0
