{"epoch": 6.0, "eval_loss": 0.5616942644, "eval_accuracy": 0.7, "eval_f1": 0.7692307692, "eval_precision": 0.7142857143, "eval_recall": 0.8333333333}