epoch,training_loss,eval_loss,accuracy,f1,precision,recall
1.0,0.6613,0.6717774271965027,0.6,0.75,0.6,1.0
2.0,0.6367,0.677001953125,0.6,0.75,0.6,1.0
3.0,0.575,0.6331053972244263,0.6,0.75,0.6,1.0
4.0,0.5538,0.9945618510246277,0.6,0.75,0.6,1.0
5.0,0.57,0.5627686381340027,0.75,0.8148148148148148,0.7333333333333333,0.9166666666666666
6.0,0.4589,0.5616942644119263,0.7,0.7692307692307693,0.7142857142857143,0.8333333333333334
7.0,0.4194,0.62261962890625,0.7,0.7692307692307693,0.7142857142857143,0.8333333333333334
8.0,0.3986,0.6757324934005737,0.7,0.7857142857142857,0.6875,0.9166666666666666
