epoch,training_loss,eval_loss,accuracy,f1,precision,recall
1.0,0.7209,1.0531980991363525,0.6,0.75,0.6,1.0
2.0,0.6706,0.7259766459465027,0.6,0.75,0.6,1.0
3.0,0.6222,0.7515136003494263,0.6,0.75,0.6,1.0
4.0,0.6062,0.6691406965255737,0.6,0.75,0.6,1.0
5.0,0.5388,0.829150378704071,0.6,0.75,0.6,1.0
6.0,0.5033,0.6769043803215027,0.6,0.75,0.6,1.0
