{"epoch": 4.0, "eval_loss": 0.1038220748, "eval_accuracy": 0.9743055556, "eval_f1": 0.9739619986, "eval_precision": 0.9871611983, "eval_recall": 0.9611111111}