epoch,training_loss,eval_loss,accuracy,f1,precision,recall
1.0,0.3154,0.22065167129039764,0.9506944444444444,0.9489575844716032,0.9836065573770492,0.9166666666666666
2.0,0.1975,0.14371711015701294,0.9576388888888889,0.9580178940123881,0.9495225102319236,0.9666666666666667
3.0,0.1807,0.12034333497285843,0.96875,0.9681528662420382,0.987012987012987,0.95
4.0,0.132,0.10382207483053207,0.9743055555555555,0.9739619985925405,0.9871611982881597,0.9611111111111111
5.0,0.1191,0.11181246489286423,0.9763888888888889,0.9762900976290098,0.9803921568627451,0.9722222222222222
6.0,0.1024,0.14305312931537628,0.9645833333333333,0.9632829373650108,1.0,0.9291666666666667
