{"epoch": 2.0, "eval_loss": 0.1585199535, "eval_accuracy": 0.9513888889, "eval_f1": 0.9520547945, "eval_precision": 0.9391891892, "eval_recall": 0.9652777778}