epoch,training_loss,eval_loss,accuracy,f1,precision,recall
1.0,0.3454,0.24811676144599915,0.9368055555555556,0.934010152284264,0.9772382397572079,0.8944444444444445
2.0,0.2518,0.1585199534893036,0.9513888888888888,0.952054794520548,0.9391891891891891,0.9652777777777778
3.0,0.2244,0.5791693925857544,0.7944444444444444,0.7452667814113597,0.9796380090497737,0.6013888888888889
4.0,0.5098,0.19639019668102264,0.95,0.951417004048583,0.9251968503937008,0.9791666666666666
